# Unity NavMesh OBJ Export
# Export Time: 2026/7/17 18:00:38

v 252.350000 32.858330 238.233300
v 252.000000 32.858330 238.233300
v 251.300000 32.858330 238.933300
v 256.783300 32.858330 238.933300
v 256.083300 32.858330 238.233300
v 255.616700 32.858330 238.233300
v 251.300000 32.858330 238.933300
v 256.783300 32.858330 238.933300
v 255.616700 32.858330 238.233300
v 252.350000 32.858330 238.233300
v 297.966600 4.799995 234.500000
v 297.966600 4.741661 236.366700
v 298.666700 4.799995 236.950000
v 298.666700 4.799995 231.233300
v 298.083300 4.799995 232.750000
v 293.300000 32.858330 235.783300
v 293.300000 32.858330 236.366700
v 293.766700 32.858330 236.716700
v 295.633300 32.800000 236.366700
v 289.916700 32.858330 238.233300
v 289.333300 32.858330 238.233300
v 288.866700 32.858330 238.933300
v 293.300000 32.858330 237.533300
v 290.850000 32.858330 237.533300
v 289.916700 32.858330 238.233300
v 295.633300 32.800000 236.366700
v 293.766700 32.858330 236.716700
v 293.766700 32.858330 237.066700
v 295.633300 32.800000 236.366700
v 293.766700 32.858330 237.066700
v 293.300000 32.858330 237.533300
v 297.616700 32.858330 238.933300
v 297.500000 32.800000 238.233300
v 288.866700 32.858330 238.933300
v 297.616700 32.858330 238.933300
v 293.300000 32.858330 237.533300
v 289.916700 32.858330 238.233300
v 323.633300 4.625000 210.116700
v 324.100000 4.566666 210.116700
v 323.750000 4.625000 209.883300
v 325.033300 4.449997 210.116700
v 326.550000 4.333328 210.116700
v 325.616700 4.333328 209.883300
v 324.100000 4.566666 210.116700
v 323.633300 4.625000 210.116700
v 323.050000 4.741661 210.583300
v 325.033300 4.449997 210.116700
v 324.100000 4.566666 210.116700
v 323.050000 4.741661 210.583300
v 328.533300 4.333328 210.583300
v 326.550000 4.333328 210.116700
v 325.033300 4.449997 210.116700
v 323.050000 4.741661 210.583300
v 323.050000 4.625000 238.933300
v 328.533300 4.333328 238.933300
v 315.466600 5.383331 213.383300
v 313.133300 5.383331 212.916700
v 312.433300 5.441666 213.616700
v 298.666700 4.799995 231.233300
v 298.666700 4.799995 236.950000
v 299.250000 4.741661 237.766700
v 315.466600 5.383331 213.383300
v 312.433300 5.441666 213.616700
v 308.933300 5.674995 215.950000
v 298.666700 4.799995 231.233300
v 299.250000 4.741661 237.766700
v 299.483300 4.625000 238.933300
v 303.800000 5.441666 220.150000
v 300.183300 4.916664 225.983300
v 298.666700 4.799995 231.233300
v 315.466600 5.383331 213.383300
v 308.933300 5.674995 215.950000
v 303.800000 5.441666 220.150000
v 298.666700 4.799995 231.233300
v 299.483300 4.625000 238.933300
v 315.466600 4.858330 238.933300
v 351.050000 4.333328 211.750000
v 350.466700 4.333328 211.283300
v 349.183300 4.333328 211.166700
v 335.300000 4.333328 211.050000
v 333.783300 4.333328 211.283300
v 333.200000 4.333328 211.750000
v 347.783300 4.333328 209.883300
v 336.466600 4.333328 209.883300
v 335.300000 4.333328 211.050000
v 349.183300 4.333328 211.166700
v 328.533300 4.333328 238.933300
v 358.400000 4.333328 238.933300
v 351.050000 4.333328 211.750000
v 333.200000 4.333328 211.750000
v 358.400000 4.274994 209.883300
v 353.266700 4.333328 211.166700
v 352.450000 4.333328 211.750000
v 358.400000 4.333328 238.933300
v 358.400000 4.333328 238.933300
v 352.450000 4.333328 211.750000
v 351.050000 4.333328 211.750000
v 333.200000 4.333328 211.750000
v 331.800000 4.333328 211.750000
v 328.533300 4.333328 238.933300
v 331.800000 4.333328 211.750000
v 330.983300 4.333328 211.166700
v 328.533300 4.333328 210.583300
v 328.533300 4.333328 238.933300
v 360.850000 4.333328 210.700000
v 360.266700 4.333328 210.116700
v 358.400000 4.274994 209.883300
v 358.400000 4.333328 238.933300
v 360.850000 4.333328 238.933300
v 370.766700 5.091667 212.800000
v 370.416700 5.091667 212.800000
v 368.433300 5.033333 213.383300
v 373.216700 5.208328 214.550000
v 381.616700 4.916664 222.833300
v 380.216700 5.091667 220.266700
v 379.633300 5.033333 219.683300
v 373.216700 5.208328 214.550000
v 384.766700 5.091667 237.766700
v 385.933300 5.208328 236.716700
v 385.816700 5.500000 232.983300
v 381.616700 4.916664 222.833300
v 373.216700 5.208328 214.550000
v 368.433300 5.033333 213.383300
v 368.550000 4.333328 238.933300
v 384.416700 4.974998 238.933300
v 385.816700 5.500000 232.983300
v 384.416700 4.974998 238.933300
v 384.766700 5.091667 237.766700
v 385.816700 5.500000 232.983300
v 385.816700 5.500000 232.983300
v 383.600000 4.974998 225.750000
v 381.616700 4.916664 222.833300
v 238.933300 32.391660 261.100000
v 238.933300 32.158330 255.383300
v 238.583300 32.100000 255.150000
v 225.400000 32.100000 268.800000
v 231.466700 32.391660 268.800000
v 234.033300 10.225000 268.800000
v 238.933300 10.225000 268.800000
v 238.933300 10.341670 264.016700
v 259.466700 32.858330 241.033300
v 259.350000 32.858330 240.333300
v 258.650000 32.858330 240.333300
v 259.816700 32.800000 241.383300
v 259.466700 32.858330 241.033300
v 258.650000 32.858330 240.333300
v 259.816700 32.800000 241.383300
v 258.650000 32.858330 240.333300
v 257.833300 32.858330 239.983300
v 251.300000 32.858330 238.933300
v 250.366700 32.858330 239.866700
v 250.250000 32.858330 241.383300
v 257.833300 32.858330 239.983300
v 256.783300 32.858330 238.933300
v 251.300000 32.858330 238.933300
v 268.566700 10.225000 263.900000
v 262.733300 10.516660 263.900000
v 263.200000 10.399990 264.483300
v 268.100000 10.225000 264.483300
v 239.050000 10.341670 263.900000
v 259.700000 10.691670 265.183300
v 259.933300 10.691670 264.950000
v 250.250000 32.858330 241.383300
v 250.133300 32.858330 241.966700
v 250.366700 32.858330 242.083300
v 250.016700 32.916660 243.483300
v 249.200000 32.858330 244.183300
v 249.433300 32.858330 245.233300
v 250.016700 32.916660 243.483300
v 249.433300 32.858330 245.233300
v 250.250000 32.858330 245.933300
v 257.600000 32.858330 246.516700
v 250.366700 32.858330 242.666700
v 261.333300 10.691670 264.016700
v 262.266700 10.575000 263.900000
v 239.050000 10.341670 263.900000
v 250.250000 32.858330 245.933300
v 250.016700 32.274990 246.516700
v 257.600000 32.858330 246.516700
v 260.166700 32.741660 241.383300
v 259.816700 32.800000 241.383300
v 259.350000 32.800000 244.766700
v 250.366700 32.858330 242.083300
v 250.366700 32.858330 242.666700
v 257.600000 32.858330 246.516700
v 259.816700 32.800000 241.383300
v 250.250000 32.858330 241.383300
v 250.366700 32.858330 242.083300
v 257.600000 32.858330 246.516700
v 259.350000 32.800000 244.766700
v 247.566700 32.158330 246.516700
v 249.666700 32.274990 246.516700
v 248.383300 32.100000 245.000000
v 247.333300 32.100000 246.050000
v 255.616700 32.858330 247.333300
v 257.016700 32.858330 247.100000
v 257.600000 32.858330 246.516700
v 250.016700 32.274990 246.516700
v 252.816700 32.858330 247.333300
v 249.666700 32.274990 246.516700
v 247.566700 32.158330 246.516700
v 246.983300 32.158330 247.333300
v 252.233300 32.800000 247.333300
v 250.016700 32.274990 246.516700
v 249.666700 32.274990 246.516700
v 252.233300 32.800000 247.333300
v 252.816700 32.858330 247.333300
v 268.800000 10.575000 247.216700
v 258.766700 10.283330 247.216700
v 257.716700 10.283330 248.383300
v 268.800000 10.575000 247.216700
v 257.716700 10.283330 248.383300
v 253.983300 10.341670 249.200000
v 262.733300 10.516660 263.900000
v 268.566700 10.225000 263.900000
v 268.566700 10.225000 263.900000
v 268.800000 10.225000 263.900000
v 268.800000 10.575000 247.216700
v 253.983300 10.341670 249.200000
v 239.050000 10.341670 263.900000
v 262.266700 10.575000 263.900000
v 253.983300 10.341670 249.200000
v 262.266700 10.575000 263.900000
v 262.733300 10.516660 263.900000
v 239.166700 32.158330 255.383300
v 238.933300 32.158330 255.383300
v 238.933300 32.391660 261.100000
v 252.233300 32.800000 247.333300
v 246.983300 32.158330 247.333300
v 239.166700 32.158330 255.383300
v 238.933300 32.391660 261.100000
v 255.616700 32.858330 247.333300
v 252.816700 32.858330 247.333300
v 254.100000 32.858330 247.800000
v 259.933300 10.691670 264.950000
v 261.100000 10.633330 264.950000
v 261.100000 10.691670 264.250000
v 259.933300 10.691670 264.950000
v 261.100000 10.691670 264.250000
v 261.333300 10.691670 264.016700
v 239.050000 10.341670 263.900000
v 239.050000 10.341670 263.900000
v 238.933300 10.341670 264.016700
v 238.933300 10.225000 268.800000
v 259.700000 10.575000 268.800000
v 259.700000 10.691670 265.183300
v 260.400000 32.333330 241.150000
v 260.166700 32.741660 241.383300
v 259.350000 32.800000 244.766700
v 268.800000 32.450000 244.766700
v 268.800000 32.274990 240.333300
v 268.800000 32.274990 240.333300
v 260.283300 32.274990 240.333300
v 260.400000 32.333330 241.150000
v 287.933300 32.858330 239.866700
v 287.233300 32.858330 240.100000
v 287.116700 32.858330 241.033300
v 288.866700 32.858330 238.933300
v 287.933300 32.858330 239.866700
v 287.116700 32.858330 241.033300
v 298.200000 32.858330 241.383300
v 297.616700 32.858330 238.933300
v 286.766700 32.800000 241.383300
v 298.200000 32.858330 241.383300
v 287.116700 32.858330 241.033300
v 288.050000 32.800000 244.650000
v 286.416700 32.333330 241.383300
v 286.183300 32.333330 241.150000
v 268.800000 32.274990 240.333300
v 268.800000 32.450000 244.766700
v 271.716600 10.225000 265.066700
v 287.700000 9.116661 263.783300
v 287.700000 9.116661 263.083300
v 271.483300 10.225000 264.833300
v 296.916700 32.858330 244.650000
v 297.500000 32.858330 244.066700
v 298.200000 32.858330 241.383300
v 286.766700 32.800000 241.383300
v 288.400000 32.858330 244.650000
v 286.766700 32.800000 241.383300
v 286.416700 32.333330 241.383300
v 288.050000 32.800000 244.650000
v 288.400000 32.858330 244.650000
v 294.933300 9.058334 262.383300
v 294.933300 9.116661 248.266700
v 293.183300 9.116661 248.266700
v 286.183300 32.333330 241.150000
v 286.300000 32.274990 240.333300
v 268.800000 32.274990 240.333300
v 288.400000 32.858330 244.650000
v 289.683300 32.858330 246.050000
v 292.250000 32.858330 246.750000
v 295.516700 32.858330 246.050000
v 296.916700 32.858330 244.650000
v 288.633300 9.116661 262.616700
v 294.233300 9.116661 262.616700
v 294.933300 9.058334 262.383300
v 293.183300 9.116661 248.266700
v 291.900000 9.058334 248.266700
v 295.983300 9.116661 247.450000
v 294.933300 9.116661 247.800000
v 294.933300 9.116661 248.266700
v 294.933300 9.116661 248.266700
v 294.933300 9.058334 262.383300
v 295.983300 9.058334 262.266700
v 295.983300 9.116661 247.450000
v 293.183300 9.116661 248.266700
v 294.933300 9.116661 248.266700
v 294.933300 9.116661 247.800000
v 287.933300 9.116661 262.850000
v 288.516700 9.116661 262.850000
v 288.633300 9.116661 262.616700
v 291.900000 9.058334 248.266700
v 270.200000 10.225000 264.250000
v 270.200000 10.225000 264.833300
v 271.483300 10.225000 264.833300
v 269.966600 10.225000 264.016700
v 270.200000 10.225000 264.250000
v 271.483300 10.225000 264.833300
v 288.400000 9.116661 268.800000
v 288.400000 9.116661 264.133300
v 288.050000 9.116661 264.133300
v 288.400000 9.116661 268.800000
v 288.050000 9.116661 264.133300
v 287.700000 9.116661 263.783300
v 271.716600 10.225000 265.066700
v 271.716600 10.225000 268.800000
v 287.700000 9.116661 263.083300
v 287.933300 9.116661 262.850000
v 291.900000 9.058334 248.266700
v 287.700000 9.116661 263.083300
v 291.900000 9.058334 248.266700
v 289.100000 9.116661 247.333300
v 268.800000 10.575000 247.216700
v 269.966600 10.225000 264.016700
v 271.483300 10.225000 264.833300
v 268.800000 10.575000 247.216700
v 268.800000 10.225000 263.900000
v 269.966600 10.225000 264.016700
v 298.666700 4.391663 245.466700
v 298.666700 4.391663 245.583300
v 298.900000 4.391663 245.816700
v 306.716600 4.333328 249.783300
v 306.716600 4.333328 248.850000
v 299.250000 4.333328 244.766700
v 315.116700 4.333328 258.766700
v 315.000000 4.333328 258.533300
v 314.300000 4.333328 258.533300
v 313.366700 4.333328 258.300000
v 313.250000 4.333328 258.066700
v 312.550000 4.333328 258.066700
v 307.066700 4.333328 251.300000
v 307.066700 4.333328 250.600000
v 306.833300 4.333328 250.483300
v 314.300000 4.333328 258.533300
v 314.183300 4.333328 258.300000
v 313.366700 4.333328 258.300000
v 312.550000 4.333328 258.066700
v 312.433300 4.333328 257.833300
v 311.616700 4.333328 257.833300
v 307.766700 4.333328 253.983300
v 307.766700 4.333328 253.166700
v 307.533300 4.333328 253.050000
v 307.883300 4.333328 244.416700
v 300.066700 4.333328 241.616700
v 299.250000 4.333328 244.766700
v 306.716600 4.333328 248.850000
v 315.116700 4.333328 258.766700
v 314.300000 4.333328 258.533300
v 313.366700 4.333328 258.300000
v 298.783300 4.391663 258.883300
v 313.366700 4.333328 258.300000
v 312.550000 4.333328 258.066700
v 311.616700 4.333328 257.833300
v 298.783300 4.391663 258.883300
v 307.533300 4.333328 253.050000
v 307.300000 4.333328 251.416700
v 307.066700 4.333328 251.300000
v 307.533300 4.333328 253.050000
v 307.066700 4.333328 251.300000
v 306.833300 4.333328 250.483300
v 298.900000 4.391663 245.816700
v 298.783300 4.391663 258.883300
v 307.766700 4.333328 253.983300
v 306.833300 4.333328 250.483300
v 306.716600 4.333328 249.783300
v 298.900000 4.391663 245.816700
v 311.500000 4.799995 241.033300
v 315.466600 4.858330 239.983300
v 315.466600 4.858330 238.933300
v 299.483300 4.625000 238.933300
v 311.616700 4.333328 257.833300
v 307.766700 4.333328 253.983300
v 298.783300 4.391663 258.883300
v 307.883300 4.333328 244.416700
v 311.500000 4.799995 241.033300
v 299.483300 4.625000 238.933300
v 300.066700 4.333328 240.683300
v 298.783300 4.391663 258.883300
v 315.816700 4.333328 258.883300
v 315.116700 4.333328 258.766700
v 307.883300 4.333328 244.416700
v 300.066700 4.333328 240.683300
v 300.066700 4.333328 241.616700
v 323.050000 4.508331 242.900000
v 323.983300 4.333328 243.833300
v 324.450000 4.333328 243.716700
v 323.050000 4.508331 242.900000
v 324.450000 4.333328 243.716700
v 326.783300 4.333328 243.716700
v 328.533300 4.333328 243.250000
v 328.533300 4.333328 238.933300
v 323.050000 4.625000 238.933300
v 326.783300 4.333328 243.716700
v 324.450000 4.333328 243.716700
v 325.616700 4.333328 244.066700
v 322.933300 4.333328 255.966700
v 323.983300 4.333328 255.966700
v 323.400000 4.333328 255.383300
v 324.566700 4.333328 255.966700
v 326.666700 4.333328 255.966700
v 325.616700 4.333328 255.616700
v 323.983300 4.333328 255.966700
v 322.933300 4.333328 255.966700
v 321.183300 4.333328 257.716700
v 321.183300 4.333328 257.716700
v 316.750000 4.333328 258.883300
v 321.533300 4.333328 263.783300
v 323.750000 4.333328 263.783300
v 324.566700 4.333328 255.966700
v 323.983300 4.333328 255.966700
v 321.183300 4.333328 257.716700
v 310.800000 4.333328 265.066700
v 310.800000 4.333328 264.250000
v 306.600000 4.333328 263.783300
v 305.666700 4.333328 262.266700
v 305.900000 4.333328 262.850000
v 306.600000 4.333328 263.083300
v 311.383300 4.333328 263.783300
v 306.600000 4.333328 263.083300
v 306.600000 4.333328 263.783300
v 311.383300 4.333328 263.783300
v 315.350000 4.333328 263.783300
v 316.166700 4.625000 263.783300
v 315.816700 4.333328 258.883300
v 324.333300 4.333328 265.066700
v 324.100000 4.333328 265.183300
v 324.100000 4.333328 268.800000
v 298.783300 4.391663 258.883300
v 298.783300 4.391663 262.266700
v 305.666700 4.333328 262.266700
v 305.666700 4.333328 262.266700
v 311.383300 4.333328 263.783300
v 313.600000 4.333328 263.783300
v 315.816700 4.333328 258.883300
v 298.783300 4.391663 258.883300
v 318.966600 4.625000 263.783300
v 316.166700 4.625000 263.783300
v 316.633300 4.625000 264.016700
v 318.500000 4.625000 264.016700
v 313.600000 4.333328 263.783300
v 315.350000 4.333328 263.783300
v 315.816700 4.333328 258.883300
v 319.783300 4.333328 263.783300
v 321.533300 4.333328 263.783300
v 316.750000 4.333328 258.883300
v 318.966600 4.625000 263.783300
v 319.783300 4.333328 263.783300
v 316.750000 4.333328 258.883300
v 316.166700 4.625000 263.783300
v 318.966600 4.625000 263.783300
v 316.750000 4.333328 258.883300
v 315.816700 4.333328 258.883300
v 311.033300 4.333328 268.450000
v 311.033300 4.333328 265.183300
v 310.800000 4.333328 265.066700
v 306.600000 4.333328 263.783300
v 306.366700 4.333328 264.133300
v 305.900000 4.333328 268.450000
v 310.800000 4.333328 264.250000
v 311.383300 4.333328 263.783300
v 306.600000 4.333328 263.783300
v 306.366700 4.333328 264.133300
v 305.900000 4.333328 264.250000
v 305.900000 4.333328 268.450000
v 328.533300 4.333328 256.433300
v 326.666700 4.333328 255.966700
v 324.566700 4.333328 255.966700
v 321.183300 4.333328 257.716700
v 324.450000 4.333328 264.483300
v 328.533300 4.333328 268.800000
v 324.450000 4.333328 264.483300
v 324.333300 4.333328 265.066700
v 324.100000 4.333328 268.800000
v 328.533300 4.333328 268.800000
v 321.183300 4.333328 257.716700
v 323.750000 4.333328 263.783300
v 324.450000 4.333328 264.483300
v 328.533300 4.333328 268.800000
v 358.400000 4.333328 268.800000
v 350.933300 4.333328 257.483300
v 333.083300 4.333328 257.483300
v 328.533300 4.333328 238.933300
v 331.566700 4.333328 242.200000
v 333.083300 4.333328 242.200000
v 328.533300 4.333328 243.250000
v 330.750000 4.333328 242.783300
v 331.566700 4.333328 242.200000
v 328.533300 4.333328 238.933300
v 350.933300 4.333328 242.200000
v 352.450000 4.333328 242.200000
v 358.400000 4.333328 238.933300
v 350.933300 4.333328 242.200000
v 358.400000 4.333328 238.933300
v 328.533300 4.333328 238.933300
v 333.083300 4.333328 242.200000
v 358.400000 4.333328 268.800000
v 352.450000 4.333328 257.483300
v 350.933300 4.333328 257.483300
v 333.083300 4.333328 257.483300
v 350.933300 4.333328 257.483300
v 350.233300 4.333328 257.016700
v 348.950000 4.333328 256.900000
v 335.066700 4.333328 256.900000
v 333.666700 4.333328 257.016700
v 335.066700 4.333328 242.783300
v 348.950000 4.333328 242.783300
v 350.350000 4.333328 242.666700
v 350.933300 4.333328 242.200000
v 333.083300 4.333328 242.200000
v 333.666700 4.333328 242.666700
v 347.550000 4.333328 255.616700
v 347.550000 4.333328 244.066700
v 336.466600 4.333328 244.066700
v 336.466600 4.333328 255.616700
v 347.550000 4.333328 244.066700
v 348.950000 4.333328 242.783300
v 335.066700 4.333328 242.783300
v 336.466600 4.333328 244.066700
v 336.466600 4.333328 255.616700
v 335.066700 4.333328 256.900000
v 348.950000 4.333328 256.900000
v 347.550000 4.333328 255.616700
v 353.616700 4.333328 242.900000
v 358.050000 4.333328 244.066700
v 358.400000 4.333328 243.950000
v 358.400000 4.333328 238.933300
v 352.450000 4.333328 242.200000
v 333.083300 4.333328 257.483300
v 331.566700 4.333328 257.483300
v 328.533300 4.333328 268.800000
v 358.400000 4.333328 255.733300
v 358.166700 4.333328 255.616700
v 353.266700 4.333328 256.900000
v 352.450000 4.333328 257.483300
v 358.400000 4.333328 268.800000
v 331.566700 4.333328 257.483300
v 330.750000 4.333328 256.900000
v 328.533300 4.333328 256.433300
v 328.533300 4.333328 268.800000
v 358.400000 4.333328 243.950000
v 359.333300 4.333328 243.833300
v 360.850000 4.333328 242.316700
v 360.850000 4.333328 238.933300
v 358.400000 4.333328 238.933300
v 369.250000 4.333328 239.633300
v 369.366700 4.333328 239.866700
v 370.066700 4.333328 239.866700
v 370.066700 4.333328 239.866700
v 370.183300 4.333328 240.100000
v 371.000000 4.333328 240.100000
v 368.550000 4.333328 238.933300
v 368.550000 4.333328 239.633300
v 369.250000 4.333328 239.633300
v 371.000000 4.333328 240.100000
v 371.116700 4.333328 240.333300
v 372.283300 4.333328 240.566700
v 368.550000 4.333328 238.933300
v 369.250000 4.333328 239.633300
v 370.066700 4.333328 239.866700
v 371.000000 4.333328 240.100000
v 385.700000 4.449997 246.983300
v 386.633300 5.091667 246.983300
v 384.766700 4.566666 245.116700
v 385.000000 4.391663 246.983300
v 385.700000 4.449997 246.983300
v 384.766700 4.566666 245.116700
v 385.000000 4.391663 246.983300
v 384.766700 4.566666 245.116700
v 384.533300 4.625000 244.533300
v 375.900000 4.391663 244.183300
v 383.833300 4.799995 241.733300
v 384.416700 4.974998 238.933300
v 372.283300 4.333328 240.566700
v 368.550000 4.333328 238.933300
v 371.000000 4.333328 240.100000
v 372.283300 4.333328 240.566700
v 384.416700 4.974998 238.933300
v 385.000000 4.391663 246.983300
v 384.533300 4.625000 244.533300
v 383.833300 4.799995 241.733300
v 375.900000 4.391663 244.183300
v 376.600000 4.333328 246.983300
v 376.833300 4.333328 250.366700
v 376.600000 4.333328 250.483300
v 376.600000 4.333328 251.066700
v 377.066700 4.333328 249.433300
v 376.833300 4.333328 249.550000
v 376.833300 4.333328 250.366700
v 378.700000 4.333328 253.983300
v 376.016700 4.333328 253.400000
v 375.666700 4.333328 253.983300
v 378.233300 4.333328 253.983300
v 376.600000 4.333328 251.066700
v 376.016700 4.333328 252.583300
v 376.016700 4.333328 253.400000
v 376.016700 4.333328 253.400000
v 378.233300 4.333328 253.983300
v 378.700000 4.333328 253.983300
v 376.833300 4.333328 250.366700
v 376.600000 4.333328 251.066700
v 376.600000 4.333328 246.983300
v 377.066700 4.333328 249.433300
v 378.700000 4.333328 253.983300
v 384.766700 4.333328 253.983300
v 384.766700 4.333328 247.216700
v 384.766700 4.333328 247.216700
v 385.000000 4.391663 246.983300
v 376.600000 4.333328 246.983300
v 386.633300 5.091667 246.983300
v 385.700000 4.449997 246.983300
v 386.516700 5.091667 247.450000
v 386.633300 5.091667 246.983300
v 386.516700 5.091667 247.450000
v 386.750000 5.324997 248.150000
v 377.066700 4.333328 254.916700
v 377.766700 4.333328 254.683300
v 378.233300 4.333328 253.983300
v 375.666700 4.333328 253.983300
v 367.733300 4.333328 258.533300
v 377.066700 4.333328 258.533300
v 372.283300 4.333328 257.366700
v 377.066700 4.333328 258.533300
v 377.066700 4.333328 254.916700
v 375.666700 4.333328 253.983300
v 372.283300 4.333328 257.366700
v 379.166700 4.333328 254.333300
v 379.166700 4.333328 254.683300
v 384.766700 4.333328 254.566700
v 384.766700 4.333328 253.983300
v 378.700000 4.333328 253.983300
v 379.166700 4.333328 254.333300
v 384.766700 4.333328 254.566700
v 359.916700 4.333328 255.966700
v 361.200000 4.333328 255.966700
v 360.500000 4.333328 255.383300
v 358.400000 4.333328 255.966700
v 359.450000 4.333328 255.966700
v 358.400000 4.333328 255.733300
v 366.800000 4.333328 258.533300
v 366.683300 4.333328 258.300000
v 365.983300 4.333328 258.300000
v 375.783300 4.333328 268.800000
v 375.900000 4.333328 268.333300
v 376.600000 4.333328 263.666700
v 376.600000 4.333328 259.466700
v 367.733300 4.333328 258.533300
v 366.800000 4.333328 258.533300
v 365.983300 4.333328 258.300000
v 363.650000 4.333328 257.483300
v 362.833300 4.333328 257.483300
v 377.066700 4.333328 267.400000
v 377.066700 4.333328 263.900000
v 376.600000 4.333328 263.666700
v 375.900000 4.333328 268.333300
v 376.600000 4.333328 259.466700
v 377.066700 4.333328 259.233300
v 377.066700 4.333328 258.533300
v 367.733300 4.333328 258.533300
v 362.833300 4.333328 257.483300
v 361.200000 4.333328 255.966700
v 359.916700 4.333328 255.966700
v 362.833300 4.333328 257.483300
v 359.916700 4.333328 255.966700
v 359.450000 4.333328 255.966700
v 366.800000 4.333328 258.533300
v 365.983300 4.333328 258.300000
v 362.833300 4.333328 257.483300
v 358.400000 4.333328 268.800000
v 362.833300 4.333328 257.483300
v 359.450000 4.333328 255.966700
v 358.400000 4.333328 255.966700
v 358.400000 4.333328 268.800000
v 375.783300 4.333328 268.800000
v 376.600000 4.333328 263.666700
v 376.600000 4.333328 259.466700
v 366.800000 4.333328 258.533300
v 358.400000 4.333328 268.800000
v 394.916700 9.583328 247.566700
v 396.083300 9.583328 247.566700
v 395.733300 9.641663 246.633300
v 394.916700 9.583328 247.566700
v 392.116700 9.349998 248.266700
v 391.883300 9.291664 248.500000
v 396.083300 9.583328 247.566700
v 396.900000 9.116661 252.000000
v 396.666700 9.116661 252.700000
v 399.700000 9.116661 254.216700
v 389.316700 8.708328 248.500000
v 390.600000 9.116661 248.500000
v 389.316700 8.649994 248.150000
v 390.600000 9.116661 248.500000
v 389.316700 8.708328 248.500000
v 389.316700 8.824997 249.666700
v 391.883300 9.291664 248.500000
v 390.600000 9.116661 248.500000
v 389.316700 8.824997 249.666700
v 394.566700 9.233330 249.666700
v 396.666700 9.116661 252.700000
v 394.566700 9.116661 253.750000
v 399.700000 9.116661 254.216700
v 391.883300 9.291664 248.500000
v 394.566700 9.233330 249.666700
v 395.033300 9.233330 249.666700
v 393.283300 9.116661 250.366700
v 393.750000 9.116661 250.483300
v 394.566700 9.233330 249.666700
v 393.283300 9.116661 250.366700
v 394.566700 9.233330 249.666700
v 389.316700 8.824997 249.666700
v 389.316700 8.883331 250.366700
v 395.500000 9.174995 250.133300
v 395.500000 9.174995 250.483300
v 395.966700 9.116661 250.483300
v 395.033300 9.233330 249.666700
v 395.500000 9.174995 250.133300
v 395.966700 9.116661 250.483300
v 396.083300 9.583328 247.566700
v 400.400000 9.116661 268.100000
v 399.700000 9.116661 268.800000
v 418.133300 9.116661 268.800000
v 396.083300 9.583328 247.566700
v 395.966700 9.116661 250.483300
v 396.316700 9.116661 250.833300
v 389.316700 9.000000 254.216700
v 389.316700 9.000000 254.800000
v 398.883300 9.116661 254.800000
v 399.350000 9.116661 254.216700
v 394.100000 9.116661 253.750000
v 393.400000 9.116661 252.700000
v 392.700000 9.116661 252.233300
v 389.316700 9.000000 253.750000
v 392.933300 9.116661 250.716700
v 393.283300 9.116661 250.366700
v 389.316700 8.883331 250.366700
v 392.700000 9.116661 252.233300
v 392.933300 9.116661 250.716700
v 389.316700 8.883331 250.366700
v 389.316700 9.000000 253.750000
v 395.733300 9.116661 252.700000
v 396.316700 9.116661 252.700000
v 395.850000 9.116661 252.350000
v 396.316700 9.116661 252.700000
v 395.733300 9.116661 252.700000
v 394.566700 9.116661 253.750000
v 396.666700 9.116661 252.700000
v 396.316700 9.116661 252.700000
v 394.566700 9.116661 253.750000
v 396.083300 9.583328 247.566700
v 391.883300 9.291664 248.500000
v 395.033300 9.233330 249.666700
v 394.100000 9.116661 253.750000
v 389.316700 9.000000 253.750000
v 389.316700 9.000000 254.216700
v 394.566700 9.116661 253.750000
v 394.100000 9.116661 253.750000
v 389.316700 9.000000 254.216700
v 399.350000 9.116661 254.216700
v 396.316700 9.116661 250.833300
v 396.316700 9.116661 251.300000
v 396.900000 9.116661 252.000000
v 394.566700 9.116661 253.750000
v 399.350000 9.116661 254.216700
v 399.700000 9.116661 254.216700
v 396.083300 9.583328 247.566700
v 396.316700 9.116661 250.833300
v 396.900000 9.116661 252.000000
v 399.700000 9.116661 254.216700
v 400.516700 9.116661 259.700000
v 400.400000 9.116661 268.100000
v 418.133300 9.116661 268.800000
v 396.083300 9.583328 247.566700
v 399.700000 9.116661 254.216700
v 400.400000 9.116661 255.033300
v 418.133300 10.166660 247.450000
v 418.133300 10.166660 247.450000
v 400.400000 9.116661 255.033300
v 400.516700 9.116661 259.700000
v 418.133300 9.116661 268.800000
v 448.000000 10.750000 268.800000
v 448.000000 11.274990 266.583300
v 438.783300 11.333330 257.600000
v 426.183300 9.816666 257.600000
v 418.133300 9.116661 268.800000
v 426.183300 9.816666 257.600000
v 425.716700 9.699997 257.600000
v 418.133300 9.116661 268.800000
v 426.883300 10.108330 252.816700
v 433.883300 11.100000 252.816700
v 430.266700 11.508330 249.083300
v 429.566700 11.391660 249.200000
v 425.250000 9.875000 253.050000
v 426.533300 10.050000 252.816700
v 426.416700 10.808330 248.383300
v 426.533300 10.050000 252.816700
v 426.883300 10.108330 252.816700
v 429.566700 11.391660 249.200000
v 425.250000 9.875000 253.050000
v 425.833300 9.933334 253.166700
v 426.533300 10.050000 252.816700
v 426.533300 10.050000 252.816700
v 429.566700 11.391660 249.200000
v 426.416700 10.808330 248.383300
v 426.883300 9.933334 257.366700
v 426.300000 9.816666 257.366700
v 426.183300 9.816666 257.600000
v 438.783300 11.333330 257.600000
v 427.700000 10.166660 255.850000
v 427.233300 10.050000 256.200000
v 427.116700 9.933334 257.133300
v 433.883300 11.100000 252.816700
v 427.233300 10.166660 253.166700
v 426.883300 10.108330 254.100000
v 427.466700 10.108330 254.683300
v 427.233300 10.166660 253.166700
v 427.466700 10.108330 254.683300
v 427.700000 10.166660 255.850000
v 433.883300 11.100000 252.816700
v 433.883300 11.100000 252.816700
v 426.883300 10.108330 252.816700
v 427.233300 10.166660 253.166700
v 433.883300 11.100000 252.816700
v 427.116700 9.933334 257.133300
v 426.883300 9.933334 257.366700
v 438.783300 11.333330 257.600000
v 424.433300 9.758331 253.516700
v 425.016700 9.816666 253.400000
v 425.250000 9.875000 253.050000
v 426.416700 10.808330 248.383300
v 424.666700 9.583328 257.016700
v 424.783300 9.641663 256.550000
v 424.083300 9.641663 255.616700
v 424.083300 9.699997 253.866700
v 424.433300 9.758331 253.516700
v 426.416700 10.808330 248.383300
v 425.600000 10.808330 247.450000
v 418.133300 10.166660 247.450000
v 424.666700 9.583328 257.016700
v 424.083300 9.641663 255.616700
v 418.133300 10.166660 247.450000
v 418.133300 9.116661 268.800000
v 418.133300 9.116661 268.800000
v 425.716700 9.699997 257.600000
v 424.666700 9.583328 257.016700
v 424.083300 9.641663 255.616700
v 424.083300 9.699997 253.866700
v 418.133300 10.166660 247.450000
v 448.000000 10.750000 268.800000
v 450.100000 11.041660 268.800000
v 448.000000 11.274990 266.583300
v 226.450000 32.158330 293.650000
v 226.916700 32.158330 293.533300
v 227.150000 32.158330 292.950000
v 225.166700 31.925000 289.333300
v 222.833300 31.925000 291.550000
v 223.766700 32.100000 272.533300
v 223.883300 32.100000 273.583300
v 224.350000 32.100000 274.516700
v 225.400000 32.100000 268.800000
v 223.766700 32.100000 270.316700
v 223.766700 32.100000 272.533300
v 224.350000 32.100000 274.516700
v 227.850000 32.391660 272.416700
v 231.466700 32.391660 268.800000
v 226.916700 31.925000 285.950000
v 230.766700 32.216670 287.933300
v 231.700000 32.158330 281.400000
v 227.266700 31.808330 281.983300
v 231.700000 32.158330 281.400000
v 230.650000 32.216670 276.616700
v 227.150000 31.866660 279.883300
v 227.266700 31.808330 281.983300
v 230.650000 32.216670 276.616700
v 226.333300 31.983330 277.200000
v 227.150000 31.866660 279.883300
v 227.850000 32.391660 272.766700
v 227.850000 32.391660 272.416700
v 224.350000 32.100000 274.516700
v 227.850000 32.391660 272.766700
v 224.350000 32.100000 274.516700
v 226.333300 31.983330 277.200000
v 230.650000 32.216670 276.616700
v 226.916700 31.925000 285.950000
v 225.166700 31.925000 289.333300
v 227.150000 32.158330 292.950000
v 230.533300 32.216670 288.633300
v 230.766700 32.216670 287.933300
v 227.733300 10.225000 295.283300
v 223.066700 10.225000 298.316700
v 222.833300 10.225000 298.666700
v 238.933300 10.575000 298.666700
v 234.033300 10.225000 268.800000
v 230.066700 10.225000 272.766700
v 232.750000 10.225000 276.733300
v 238.933300 10.225000 268.800000
v 234.033300 10.225000 268.800000
v 232.750000 10.225000 276.733300
v 233.566700 10.225000 281.166700
v 238.933300 10.225000 268.800000
v 233.566700 10.225000 281.166700
v 233.683300 10.225000 282.333300
v 232.516700 10.225000 289.216600
v 227.733300 10.225000 295.283300
v 238.933300 10.575000 298.666700
v 238.933300 10.575000 298.666700
v 238.933300 10.225000 268.800000
v 233.683300 10.225000 282.333300
v 232.516700 10.225000 289.216600
v 221.666700 32.391660 297.383300
v 225.866700 32.216670 294.350000
v 222.716700 32.041660 292.483300
v 222.366700 31.983330 292.483300
v 218.750000 32.158330 295.166700
v 218.633300 32.391660 298.666700
v 218.633300 32.391660 298.666700
v 218.750000 32.158330 295.166700
v 213.500000 32.158330 297.966600
v 212.916700 32.158330 298.666700
v 255.383300 10.458330 270.200000
v 259.700000 10.516660 270.200000
v 259.700000 10.575000 268.800000
v 254.333300 10.341670 270.200000
v 255.383300 10.458330 270.200000
v 259.700000 10.575000 268.800000
v 242.433300 10.458330 292.833300
v 241.733300 10.341670 292.833300
v 238.933300 10.575000 298.666700
v 252.933300 8.824997 298.666700
v 252.816700 8.708328 295.983300
v 254.683300 10.458330 278.600000
v 255.033300 10.866660 278.366700
v 255.033300 10.866660 277.783300
v 254.800000 10.866660 274.750000
v 254.800000 10.925000 274.400000
v 254.683300 10.866660 273.816700
v 254.800000 10.866660 274.750000
v 254.683300 10.866660 273.816700
v 254.333300 10.458330 273.583300
v 254.683300 10.458330 278.600000
v 254.916700 10.866660 276.383300
v 254.916700 10.925000 275.800000
v 254.683300 10.458330 278.600000
v 255.033300 10.866660 277.783300
v 255.033300 10.925000 277.316700
v 254.916700 10.866660 276.383300
v 240.800000 10.225000 289.333300
v 241.150000 10.225000 288.750000
v 238.933300 10.225000 268.800000
v 252.816700 8.708328 295.983300
v 253.166700 8.766663 295.516700
v 254.566700 9.408333 292.833300
v 242.433300 10.458330 292.833300
v 253.166700 8.766663 295.516700
v 254.216700 8.883331 295.516700
v 254.566700 9.408333 292.833300
v 254.566700 9.408333 292.833300
v 254.566700 9.408333 292.716600
v 243.950000 10.458330 292.716600
v 242.433300 10.458330 292.833300
v 243.950000 10.458330 292.716600
v 243.250000 10.516660 292.716600
v 242.433300 10.458330 292.833300
v 254.916700 10.283330 288.750000
v 255.150000 10.458330 282.916700
v 254.683300 10.458330 278.600000
v 255.616700 10.866660 270.550000
v 259.700000 10.866660 270.550000
v 259.700000 10.516660 270.200000
v 255.383300 10.458330 270.200000
v 254.333300 10.341670 270.200000
v 259.700000 10.575000 268.800000
v 238.933300 10.225000 268.800000
v 240.450000 10.283330 291.666700
v 241.033300 10.341670 291.666700
v 240.800000 10.225000 289.333300
v 254.683300 10.458330 278.600000
v 254.333300 10.458330 273.583300
v 254.216700 10.399990 273.000000
v 241.850000 10.225000 288.750000
v 254.916700 10.283330 288.750000
v 254.216700 10.399990 273.000000
v 254.100000 10.283330 270.433300
v 238.933300 10.225000 268.800000
v 241.150000 10.225000 288.750000
v 241.850000 10.225000 288.750000
v 254.100000 10.283330 270.433300
v 254.333300 10.341670 270.200000
v 238.933300 10.225000 268.800000
v 241.850000 10.225000 288.750000
v 242.550000 10.225000 288.866700
v 243.133300 10.225000 288.866700
v 241.850000 10.225000 288.750000
v 243.133300 10.225000 288.866700
v 243.716700 10.225000 288.866700
v 243.716700 10.225000 288.866700
v 254.800000 10.225000 288.866700
v 254.916700 10.283330 288.750000
v 241.850000 10.225000 288.750000
v 244.650000 10.399990 290.616700
v 244.183300 10.458330 290.850000
v 244.300000 10.458330 291.900000
v 254.566700 9.408333 292.716600
v 243.716700 10.225000 288.866700
v 244.066700 10.341670 289.683300
v 244.650000 10.341670 290.033300
v 254.800000 10.225000 288.866700
v 243.950000 10.458330 292.716600
v 254.566700 9.408333 292.716600
v 244.300000 10.458330 291.900000
v 254.566700 9.408333 292.716600
v 254.800000 10.225000 288.866700
v 244.650000 10.341670 290.033300
v 244.650000 10.399990 290.616700
v 242.550000 10.458330 292.716600
v 243.250000 10.516660 292.716600
v 243.133300 10.516660 292.483300
v 242.666700 10.516660 292.483300
v 243.250000 10.516660 292.716600
v 242.550000 10.458330 292.716600
v 242.433300 10.458330 292.833300
v 241.733300 10.341670 292.833300
v 241.616700 10.399990 292.600000
v 240.450000 10.341670 292.483300
v 238.933300 10.575000 298.666700
v 240.216700 10.283330 292.250000
v 240.450000 10.283330 291.666700
v 240.800000 10.225000 289.333300
v 238.933300 10.225000 268.800000
v 238.933300 10.575000 298.666700
v 240.216700 10.283330 292.250000
v 238.933300 10.225000 268.800000
v 238.933300 10.575000 298.666700
v 240.450000 10.341670 292.483300
v 240.216700 10.283330 292.250000
v 271.716600 10.225000 268.800000
v 271.600000 10.166660 270.083300
v 274.866700 9.291664 270.083300
v 271.716600 10.225000 268.800000
v 274.866700 9.291664 270.083300
v 276.850000 9.116661 270.083300
v 276.850000 9.116661 270.083300
v 288.400000 9.116661 270.083300
v 288.400000 9.116661 268.800000
v 271.716600 10.225000 268.800000
v 276.266700 9.116661 286.650000
v 285.600000 9.116661 286.650000
v 285.016700 9.116661 286.300000
v 276.150000 9.116661 283.150000
v 276.266700 9.116661 286.650000
v 285.016700 9.116661 286.300000
v 285.016700 9.116661 281.866700
v 285.250000 9.116661 281.633300
v 288.400000 9.116661 270.083300
v 277.083300 9.116661 271.366700
v 276.150000 9.116661 283.150000
v 285.016700 9.116661 281.866700
v 285.250000 9.116661 281.633300
v 288.400000 9.116661 281.633300
v 288.400000 9.116661 270.083300
v 288.400000 9.116661 270.083300
v 276.850000 9.116661 270.083300
v 277.083300 9.116661 270.316700
v 288.400000 9.116661 270.083300
v 277.083300 9.116661 270.316700
v 277.083300 9.116661 271.366700
v 294.933300 9.116661 285.833300
v 294.933300 9.116661 284.550000
v 294.816700 8.941666 284.316700
v 289.450000 9.116661 284.316700
v 289.450000 9.116661 286.416700
v 294.700000 9.000000 286.066700
v 289.450000 9.116661 286.416700
v 289.216600 9.116661 286.650000
v 294.700000 9.000000 286.650000
v 294.700000 9.000000 286.066700
v 294.933300 9.116661 285.833300
v 295.983300 9.116661 285.833300
v 295.983300 9.116661 284.666700
v 294.933300 9.116661 284.550000
v 294.933300 9.116661 298.666700
v 294.933300 9.116661 297.966600
v 294.700000 9.000000 297.733300
v 294.700000 9.000000 287.583300
v 294.700000 9.000000 286.650000
v 289.216600 9.116661 286.650000
v 294.700000 9.000000 287.583300
v 289.216600 9.116661 286.650000
v 285.600000 9.116661 286.650000
v 294.700000 9.000000 296.216600
v 276.266700 9.116661 286.650000
v 276.850000 9.116661 295.633300
v 278.016700 9.116661 295.633300
v 276.266700 9.116661 286.650000
v 278.016700 9.116661 295.633300
v 278.250000 9.116661 295.866700
v 285.600000 9.116661 286.650000
v 294.700000 9.000000 297.733300
v 294.700000 9.000000 296.216600
v 285.600000 9.116661 286.650000
v 285.600000 9.116661 286.650000
v 278.250000 9.116661 295.866700
v 278.250000 9.116661 298.666700
v 294.933300 9.116661 298.666700
v 294.700000 9.000000 297.733300
v 294.700000 9.000000 296.216600
v 295.750000 8.941666 295.633300
v 295.750000 8.941666 288.166700
v 294.700000 9.000000 287.583300
v 296.450000 8.299995 288.050000
v 296.450000 8.299995 295.750000
v 296.683300 8.241661 296.100000
v 297.150000 8.241661 295.983300
v 297.150000 8.241661 287.816700
v 296.683300 8.241661 287.700000
v 296.100000 8.416664 288.050000
v 296.100000 8.416664 295.750000
v 296.450000 8.299995 295.750000
v 296.450000 8.299995 288.050000
v 297.150000 8.241661 287.816700
v 297.150000 8.241661 295.983300
v 297.500000 7.774994 296.100000
v 297.500000 7.774994 287.700000
v 297.500000 7.774994 296.100000
v 298.550000 7.658333 295.983300
v 298.550000 7.658333 287.816700
v 297.500000 7.774994 287.700000
v 298.550000 7.658333 295.983300
v 298.666700 7.483330 295.983300
v 298.666700 7.483330 287.816700
v 298.550000 7.658333 287.816700
v 295.750000 8.941666 288.166700
v 295.750000 8.941666 295.633300
v 296.100000 8.416664 295.750000
v 296.100000 8.416664 288.050000
v 294.933300 9.116661 298.666700
v 295.983300 9.116661 298.666700
v 295.983300 9.116661 297.966600
v 294.933300 9.116661 297.966600
v 324.100000 4.333328 268.800000
v 324.100000 4.333328 279.066700
v 325.150000 4.333328 279.066700
v 324.100000 4.333328 268.800000
v 325.150000 4.333328 279.066700
v 325.733300 4.333328 279.066700
v 316.166700 4.333328 283.150000
v 304.850000 4.333328 285.833300
v 305.083300 4.333328 286.066700
v 316.866700 4.333328 283.150000
v 310.800000 4.333328 281.983300
v 311.033300 4.333328 281.866700
v 311.033300 4.333328 278.366700
v 306.600000 4.333328 283.150000
v 311.850000 4.333328 283.150000
v 310.683300 4.333328 282.683300
v 310.683300 4.333328 282.683300
v 310.800000 4.333328 281.983300
v 311.033300 4.333328 278.366700
v 305.900000 4.333328 278.366700
v 306.250000 4.333328 282.683300
v 306.600000 4.333328 283.150000
v 305.900000 4.333328 278.366700
v 305.900000 4.333328 282.683300
v 306.250000 4.333328 282.683300
v 324.100000 4.333328 280.700000
v 325.033300 4.333328 280.700000
v 324.683300 4.333328 280.350000
v 324.683300 4.333328 279.533300
v 325.150000 4.333328 279.066700
v 324.100000 4.333328 279.066700
v 324.100000 4.333328 280.700000
v 324.683300 4.333328 280.350000
v 324.683300 4.333328 279.533300
v 324.100000 4.333328 279.066700
v 298.783300 4.391663 297.966600
v 303.566700 4.333328 297.966600
v 303.333300 4.333328 297.616700
v 298.783300 4.391663 297.616700
v 304.966600 4.333328 297.966600
v 303.566700 4.333328 297.966600
v 298.783300 4.391663 298.666700
v 303.566700 4.333328 297.966600
v 298.783300 4.391663 297.966600
v 298.783300 4.391663 298.666700
v 324.100000 4.333328 280.700000
v 324.100000 4.333328 281.750000
v 324.450000 4.333328 281.983300
v 325.033300 4.333328 280.700000
v 328.533300 4.333328 268.800000
v 324.100000 4.333328 268.800000
v 325.733300 4.333328 279.066700
v 326.316700 4.333328 279.650000
v 325.850000 4.333328 280.700000
v 325.033300 4.333328 280.700000
v 324.450000 4.333328 281.983300
v 303.100000 5.149994 296.100000
v 303.800000 5.033333 295.983300
v 303.800000 5.033333 287.816700
v 303.100000 5.149994 287.700000
v 325.850000 4.333328 280.700000
v 324.450000 4.333328 281.983300
v 324.333300 4.333328 282.683300
v 306.250000 4.333328 284.083300
v 305.900000 4.333328 284.083300
v 305.666700 4.333328 284.666700
v 298.783300 4.391663 284.666700
v 298.783300 4.391663 285.833300
v 303.566700 4.333328 285.833300
v 305.666700 4.333328 284.666700
v 301.700000 5.791664 296.100000
v 302.633300 5.674995 295.983300
v 302.633300 5.674995 287.816700
v 301.700000 5.791664 287.700000
v 305.666700 4.333328 284.666700
v 303.566700 4.333328 285.833300
v 304.850000 4.333328 285.833300
v 306.250000 4.333328 284.083300
v 305.666700 4.333328 284.666700
v 304.850000 4.333328 285.833300
v 306.600000 4.333328 283.733300
v 306.250000 4.333328 284.083300
v 304.850000 4.333328 285.833300
v 316.166700 4.333328 283.150000
v 311.850000 4.333328 283.150000
v 311.850000 4.333328 283.150000
v 306.600000 4.333328 283.150000
v 306.600000 4.333328 283.733300
v 302.633300 5.674995 287.816700
v 302.633300 5.674995 295.983300
v 303.100000 5.149994 296.100000
v 303.100000 5.149994 287.700000
v 301.350000 6.375000 295.983300
v 301.700000 5.791664 296.100000
v 301.700000 5.791664 287.700000
v 301.350000 6.375000 287.700000
v 298.783300 4.391663 285.833300
v 298.783300 4.391663 286.183300
v 303.333300 4.333328 286.183300
v 303.566700 4.333328 285.833300
v 304.850000 4.333328 287.816700
v 303.800000 5.033333 287.816700
v 303.800000 5.033333 295.983300
v 304.966600 4.333328 295.983300
v 298.666700 7.483330 287.816700
v 298.666700 7.483330 295.983300
v 299.016700 7.074997 296.100000
v 299.016700 7.074997 287.700000
v 305.083300 4.333328 287.583300
v 304.850000 4.333328 287.816700
v 304.966600 4.333328 295.983300
v 305.200000 4.333328 296.216600
v 299.950000 6.958328 287.816700
v 299.950000 6.958328 295.983300
v 300.300000 6.491661 296.100000
v 300.300000 6.491661 287.700000
v 299.016700 7.074997 296.100000
v 299.950000 6.958328 295.983300
v 299.950000 6.958328 287.816700
v 299.016700 7.074997 287.700000
v 300.300000 6.491661 296.100000
v 301.116700 6.375000 296.216600
v 301.350000 6.375000 295.983300
v 301.350000 6.375000 287.700000
v 300.300000 6.491661 287.700000
v 326.316700 4.333328 280.233300
v 325.850000 4.333328 280.700000
v 324.333300 4.333328 282.683300
v 328.533300 4.333328 298.666700
v 305.083300 4.333328 286.066700
v 305.083300 4.333328 287.583300
v 305.200000 4.333328 296.216600
v 316.866700 4.333328 283.150000
v 328.533300 4.333328 268.800000
v 326.316700 4.333328 279.650000
v 326.316700 4.333328 280.233300
v 328.533300 4.333328 298.666700
v 304.966600 4.333328 297.966600
v 298.783300 4.391663 298.666700
v 328.533300 4.333328 298.666700
v 305.200000 4.333328 297.733300
v 304.966600 4.333328 297.966600
v 328.533300 4.333328 298.666700
v 316.866700 4.333328 283.150000
v 305.200000 4.333328 296.216600
v 305.200000 4.333328 297.733300
v 328.533300 4.333328 298.666700
v 322.466600 4.333328 283.150000
v 328.533300 4.333328 298.666700
v 324.333300 4.333328 282.683300
v 323.866700 4.333328 283.033300
v 328.533300 4.333328 298.666700
v 323.866700 4.333328 283.033300
v 322.466600 4.333328 283.150000
v 328.533300 4.333328 298.666700
v 358.400000 4.333328 298.666700
v 358.400000 4.333328 268.800000
v 328.533300 4.333328 268.800000
v 377.066700 4.333328 283.733300
v 377.066700 4.333328 280.583300
v 376.600000 4.333328 280.350000
v 375.083300 4.333328 283.733300
v 376.600000 4.333328 276.033300
v 377.066700 4.333328 275.800000
v 377.066700 4.333328 272.416700
v 375.900000 4.333328 271.483300
v 387.450000 8.358330 295.633300
v 387.800000 8.883331 295.516700
v 387.800000 8.883331 287.933300
v 387.450000 8.358330 287.816700
v 374.266700 4.333328 283.733300
v 375.083300 4.333328 283.733300
v 376.600000 4.333328 280.350000
v 375.550000 4.333328 270.433300
v 375.783300 4.333328 268.800000
v 358.400000 4.333328 268.800000
v 376.600000 4.333328 276.033300
v 375.900000 4.333328 271.483300
v 375.550000 4.333328 270.433300
v 373.800000 4.333328 284.200000
v 374.266700 4.333328 283.733300
v 376.600000 4.333328 280.350000
v 383.833300 4.333328 297.966600
v 384.766700 4.333328 297.850000
v 379.983300 4.333328 297.850000
v 383.016700 4.333328 298.666700
v 383.600000 4.333328 298.433300
v 383.833300 4.333328 297.966600
v 379.983300 4.333328 297.850000
v 378.700000 4.333328 297.850000
v 377.883300 4.333328 285.366700
v 377.883300 4.333328 285.133300
v 377.300000 4.333328 285.133300
v 377.066700 4.333328 283.733300
v 375.083300 4.333328 283.733300
v 375.433300 4.333328 284.083300
v 377.066700 4.333328 284.900000
v 377.066700 4.333328 283.733300
v 375.433300 4.333328 284.083300
v 375.433300 4.333328 285.016700
v 374.966700 4.333328 285.366700
v 377.883300 4.333328 285.366700
v 377.300000 4.333328 285.133300
v 375.433300 4.333328 285.016700
v 377.300000 4.333328 285.133300
v 377.066700 4.333328 284.900000
v 375.433300 4.333328 285.016700
v 378.466700 4.333328 287.466600
v 378.583300 4.508331 285.833300
v 378.116700 4.333328 285.716600
v 378.466700 4.333328 287.466600
v 378.116700 4.333328 285.716600
v 377.883300 4.333328 285.366700
v 374.966700 4.333328 285.366700
v 384.766700 4.333328 297.850000
v 384.766700 4.333328 297.500000
v 380.216700 4.333328 297.500000
v 379.983300 4.333328 297.850000
v 378.700000 4.333328 287.700000
v 378.466700 4.333328 287.466600
v 374.966700 4.333328 285.366700
v 374.266700 4.333328 285.366700
v 378.466700 4.333328 296.100000
v 378.700000 4.333328 295.866700
v 387.800000 8.883331 287.933300
v 387.800000 8.883331 295.516700
v 388.266700 8.883331 295.750000
v 388.266700 8.883331 287.700000
v 378.700000 4.333328 295.866700
v 379.750000 5.033333 295.866700
v 379.750000 5.033333 287.700000
v 378.700000 4.333328 287.700000
v 379.750000 5.033333 287.700000
v 379.750000 5.033333 295.866700
v 380.566700 5.149994 295.983300
v 380.566700 5.149994 287.583300
v 380.566700 5.149994 295.983300
v 380.916700 5.616661 295.866700
v 380.916700 5.616661 287.700000
v 380.566700 5.149994 287.583300
v 380.916700 5.616661 287.700000
v 380.916700 5.616661 295.866700
v 381.966700 5.791664 295.983300
v 381.966700 5.791664 287.583300
v 381.966700 5.791664 295.983300
v 382.316700 6.316666 295.866700
v 382.316700 6.316666 287.700000
v 381.966700 5.791664 287.583300
v 382.316700 6.316666 287.700000
v 382.316700 6.316666 295.866700
v 383.366700 6.433334 295.983300
v 383.366700 6.433334 287.583300
v 383.366700 6.433334 295.983300
v 383.716700 6.899994 295.866700
v 383.716700 6.899994 287.700000
v 383.366700 6.433334 287.583300
v 383.716700 6.899994 287.700000
v 383.716700 6.899994 295.866700
v 384.533300 7.016663 295.983300
v 384.533300 7.016663 287.583300
v 384.533300 7.016663 295.983300
v 385.116700 7.599998 295.866700
v 385.116700 7.599998 287.700000
v 384.533300 7.016663 287.583300
v 385.116700 7.599998 287.700000
v 385.116700 7.599998 295.866700
v 386.050000 7.716667 295.983300
v 386.050000 7.716667 287.583300
v 386.050000 7.716667 295.983300
v 386.516700 8.241661 295.866700
v 386.516700 8.241661 287.700000
v 386.050000 7.716667 287.583300
v 387.100000 8.241661 287.816700
v 386.983300 8.241661 287.583300
v 386.516700 8.241661 287.700000
v 386.516700 8.241661 295.866700
v 386.866700 8.241661 295.983300
v 387.100000 8.241661 295.633300
v 387.100000 8.241661 295.633300
v 387.450000 8.358330 295.633300
v 387.450000 8.358330 287.816700
v 387.100000 8.241661 287.816700
v 373.800000 4.333328 284.200000
v 376.600000 4.333328 280.350000
v 376.600000 4.333328 276.033300
v 375.550000 4.333328 270.433300
v 358.400000 4.333328 268.800000
v 358.400000 4.333328 298.666700
v 378.466700 4.333328 296.100000
v 374.266700 4.333328 285.366700
v 373.800000 4.333328 284.900000
v 358.400000 4.333328 298.666700
v 378.466700 4.333328 297.616700
v 358.400000 4.333328 298.666700
v 373.800000 4.333328 284.900000
v 373.800000 4.333328 284.200000
v 358.400000 4.333328 298.666700
v 378.700000 4.333328 297.850000
v 378.466700 4.333328 297.616700
v 358.400000 4.333328 298.666700
v 383.016700 4.333328 298.666700
v 378.700000 4.333328 297.850000
v 394.450000 9.116661 297.966600
v 394.566700 9.116661 298.200000
v 395.266700 9.116661 298.316700
v 399.933300 9.116661 298.316700
v 399.933300 9.116661 297.966600
v 398.416700 9.116661 269.500000
v 398.883300 9.116661 269.500000
v 398.416700 9.116661 269.266700
v 398.883300 9.116661 269.500000
v 398.416700 9.116661 269.500000
v 398.066700 9.116661 269.733300
v 398.066700 9.116661 270.316700
v 398.533300 9.116661 270.900000
v 399.000000 9.116661 270.900000
v 398.883300 9.116661 269.500000
v 398.066700 9.116661 269.733300
v 398.066700 9.116661 270.316700
v 399.000000 9.116661 270.900000
v 399.816700 9.116661 270.900000
v 399.466700 9.116661 269.500000
v 389.316700 9.000000 297.966600
v 389.316700 9.000000 298.316700
v 390.833300 9.116661 298.200000
v 390.950000 9.116661 297.966600
v 399.000000 9.116661 270.900000
v 398.533300 9.116661 270.900000
v 398.650000 9.116661 271.133300
v 400.400000 9.116661 271.600000
v 400.400000 9.116661 283.500000
v 402.616700 9.116661 283.500000
v 400.400000 9.116661 271.600000
v 402.616700 9.116661 283.500000
v 403.316700 9.116661 283.500000
v 406.933300 9.116661 298.666700
v 418.133300 9.116661 298.666700
v 406.933300 9.116661 298.200000
v 403.316700 9.116661 285.133300
v 399.816700 9.116661 285.483300
v 404.133300 9.116661 296.450000
v 402.150000 9.116661 283.966600
v 402.616700 9.116661 283.500000
v 400.400000 9.116661 283.500000
v 402.150000 9.116661 283.966600
v 400.400000 9.116661 283.500000
v 400.400000 9.116661 284.783300
v 402.150000 9.116661 284.666700
v 400.166700 9.116661 285.133300
v 402.616700 9.116661 285.133300
v 402.150000 9.116661 284.666700
v 400.400000 9.116661 284.783300
v 399.700000 9.116661 268.800000
v 399.466700 9.116661 269.500000
v 399.816700 9.116661 270.900000
v 400.400000 9.116661 271.600000
v 418.133300 9.116661 268.800000
v 404.366700 9.116661 298.666700
v 405.300000 9.116661 298.666700
v 405.300000 9.116661 298.200000
v 404.366700 9.116661 297.733300
v 405.300000 9.116661 298.200000
v 405.766700 9.116661 297.733300
v 404.366700 9.116661 297.733300
v 389.316700 9.000000 285.483300
v 399.116700 9.116661 285.483300
v 398.883300 9.116661 285.016700
v 389.316700 9.000000 285.016700
v 402.616700 9.116661 285.133300
v 400.166700 9.116661 285.133300
v 399.816700 9.116661 285.483300
v 403.316700 9.116661 285.133300
v 402.616700 9.116661 285.133300
v 399.816700 9.116661 285.483300
v 403.783300 9.116661 284.666700
v 403.316700 9.116661 285.133300
v 404.133300 9.116661 296.450000
v 389.316700 9.000000 287.116700
v 389.083300 8.941666 287.350000
v 389.083300 8.941666 296.100000
v 389.316700 9.000000 287.116700
v 389.083300 8.941666 296.100000
v 389.316700 9.000000 296.450000
v 400.166700 9.116661 296.450000
v 399.816700 9.116661 285.483300
v 399.116700 9.116661 285.483300
v 399.116700 9.116661 285.483300
v 389.316700 9.000000 285.483300
v 389.316700 9.000000 287.116700
v 404.133300 9.116661 296.450000
v 404.366700 9.116661 296.683300
v 405.766700 9.116661 297.733300
v 406.466700 9.116661 297.733300
v 399.816700 9.116661 285.483300
v 400.166700 9.116661 296.450000
v 404.133300 9.116661 296.450000
v 388.266700 8.883331 287.700000
v 388.266700 8.883331 295.750000
v 389.083300 8.941666 296.100000
v 389.083300 8.941666 287.350000
v 389.316700 9.000000 296.450000
v 389.316700 9.000000 297.966600
v 390.950000 9.116661 297.966600
v 389.316700 9.000000 296.450000
v 390.950000 9.116661 297.966600
v 394.450000 9.116661 297.966600
v 399.933300 9.116661 296.683300
v 400.166700 9.116661 296.450000
v 394.450000 9.116661 297.966600
v 399.933300 9.116661 297.966600
v 399.933300 9.116661 296.683300
v 404.366700 9.116661 296.683300
v 404.366700 9.116661 297.733300
v 405.766700 9.116661 297.733300
v 406.466700 9.116661 297.733300
v 406.933300 9.116661 298.200000
v 418.133300 9.116661 298.666700
v 403.783300 9.116661 283.966600
v 403.783300 9.116661 284.666700
v 404.133300 9.116661 296.450000
v 406.466700 9.116661 297.733300
v 418.133300 9.116661 298.666700
v 400.400000 9.116661 271.600000
v 403.316700 9.116661 283.500000
v 403.783300 9.116661 283.966600
v 418.133300 9.116661 268.800000
v 400.400000 9.116661 271.600000
v 403.783300 9.116661 283.966600
v 418.133300 9.116661 298.666700
v 423.150000 9.116661 286.533300
v 420.350000 9.116661 274.516700
v 418.133300 9.116661 268.800000
v 418.133300 9.116661 298.666700
v 418.133300 9.116661 268.800000
v 422.566700 9.116661 272.416700
v 423.033300 9.058334 272.416700
v 420.233300 9.116661 273.116700
v 420.466700 9.116661 272.883300
v 418.133300 9.116661 268.800000
v 441.816700 9.699997 272.416700
v 442.283300 9.699997 272.416700
v 448.000000 10.750000 268.800000
v 441.816700 9.699997 272.416700
v 448.000000 10.750000 268.800000
v 418.133300 9.116661 268.800000
v 423.033300 9.058334 272.416700
v 421.516700 9.116661 275.800000
v 421.166700 9.116661 274.750000
v 420.583300 9.116661 274.750000
v 420.350000 9.116661 274.516700
v 420.233300 9.116661 273.116700
v 418.133300 9.116661 268.800000
v 428.166700 9.116661 291.666700
v 426.883300 9.116661 291.666700
v 418.133300 9.116661 298.666700
v 424.900000 9.116661 289.800000
v 424.666700 9.116661 289.216600
v 423.150000 9.116661 286.533300
v 418.133300 9.116661 298.666700
v 418.133300 9.116661 298.666700
v 426.883300 9.116661 291.666700
v 425.833300 9.116661 290.966600
v 423.033300 9.058334 272.416700
v 423.266700 9.058334 272.650000
v 423.850000 9.058334 272.650000
v 423.033300 9.058334 272.416700
v 423.850000 9.058334 272.650000
v 424.316700 9.000000 272.650000
v 424.316700 9.000000 272.650000
v 441.583300 9.641663 272.650000
v 441.816700 9.699997 272.416700
v 423.033300 9.058334 272.416700
v 443.450000 9.233330 277.666700
v 443.333300 9.291664 280.583300
v 443.683300 9.058334 280.933300
v 443.216700 9.641663 273.116700
v 443.216700 9.349998 276.266700
v 443.450000 9.233330 277.666700
v 418.133300 9.116661 298.666700
v 425.833300 9.116661 290.966600
v 424.900000 9.116661 289.800000
v 421.516700 9.116661 275.800000
v 420.583300 9.116661 274.750000
v 420.350000 9.116661 274.516700
v 423.150000 9.116661 286.533300
v 423.033300 9.116661 278.716600
v 420.466700 9.116661 272.883300
v 422.566700 9.116661 272.416700
v 418.133300 9.116661 268.800000
v 433.066700 9.116661 286.766700
v 432.250000 9.116661 286.766700
v 427.233300 9.116661 286.883300
v 448.000000 10.750000 268.800000
v 442.283300 9.699997 272.416700
v 443.216700 9.641663 273.116700
v 423.850000 9.058334 272.650000
v 423.266700 9.058334 272.650000
v 423.383300 9.058334 273.000000
v 424.316700 9.000000 272.650000
v 424.550000 9.000000 272.883300
v 428.516700 9.233330 272.883300
v 424.316700 9.000000 272.650000
v 428.516700 9.233330 272.883300
v 428.866700 9.233330 272.883300
v 434.583300 9.408333 272.883300
v 440.650000 9.583328 272.883300
v 441.583300 9.641663 272.650000
v 434.583300 9.408333 272.883300
v 441.583300 9.641663 272.650000
v 424.316700 9.000000 272.650000
v 428.866700 9.233330 272.883300
v 428.516700 9.233330 272.883300
v 424.550000 9.000000 272.883300
v 427.000000 9.116661 273.116700
v 428.400000 9.174995 273.116700
v 422.216700 9.116661 275.800000
v 423.033300 9.116661 275.800000
v 422.683300 9.116661 275.566700
v 424.666700 9.116661 289.216600
v 424.666700 9.116661 287.116700
v 423.966700 9.116661 287.116700
v 423.033300 9.116661 278.716600
v 423.033300 9.116661 275.800000
v 422.216700 9.116661 275.800000
v 424.666700 9.116661 289.216600
v 423.966700 9.116661 287.116700
v 423.150000 9.116661 286.533300
v 423.033300 9.116661 278.716600
v 422.216700 9.116661 275.800000
v 421.516700 9.116661 275.800000
v 427.233300 9.116661 286.883300
v 426.300000 9.116661 286.766700
v 426.183300 9.116661 287.000000
v 426.183300 9.116661 288.983300
v 433.066700 9.116661 286.766700
v 441.933300 9.116661 286.766700
v 438.200000 9.116661 286.650000
v 434.116700 9.116661 286.650000
v 441.933300 9.116661 286.766700
v 439.016700 9.116661 286.650000
v 438.200000 9.116661 286.650000
v 432.250000 9.116661 286.766700
v 428.283300 9.116661 286.766700
v 427.233300 9.116661 286.883300
v 423.150000 9.116661 286.533300
v 423.266700 9.116661 278.833300
v 423.033300 9.116661 278.716600
v 441.816700 9.116661 286.650000
v 441.700000 9.116661 286.416700
v 440.066700 9.116661 286.416700
v 439.016700 9.116661 286.650000
v 441.933300 9.116661 286.766700
v 441.816700 9.116661 286.650000
v 439.016700 9.116661 286.650000
v 426.183300 9.116661 288.983300
v 427.000000 9.116661 290.033300
v 428.400000 9.116661 291.083300
v 433.066700 9.116661 286.766700
v 427.233300 9.116661 286.883300
v 448.000000 9.641663 298.666700
v 448.000000 10.750000 268.800000
v 443.683300 9.058334 281.400000
v 443.450000 9.233330 286.183300
v 443.683300 9.058334 281.400000
v 443.450000 9.058334 281.516700
v 443.450000 9.233330 286.183300
v 442.750000 9.174995 286.766700
v 441.933300 9.116661 286.766700
v 428.166700 9.116661 291.666700
v 418.133300 9.116661 298.666700
v 448.000000 9.641663 298.666700
v 433.066700 9.116661 286.766700
v 428.400000 9.116661 291.083300
v 428.166700 9.116661 291.666700
v 441.933300 9.116661 286.766700
v 443.216700 9.641663 273.116700
v 443.450000 9.233330 277.666700
v 443.683300 9.058334 280.933300
v 448.000000 10.750000 268.800000
v 448.000000 9.641663 298.666700
v 443.450000 9.233330 286.183300
v 442.750000 9.174995 286.766700
v 448.000000 10.750000 268.800000
v 443.683300 9.058334 280.933300
v 443.683300 9.058334 281.400000
v 453.483300 10.750000 272.183300
v 450.100000 11.041660 268.800000
v 448.000000 10.750000 268.800000
v 450.800000 9.991661 276.033300
v 448.000000 9.641663 298.666700
v 449.866700 9.583328 281.050000
v 448.000000 10.750000 268.800000
v 448.000000 9.641663 298.666700
v 461.766700 10.399990 298.666700
v 455.816700 9.875000 294.700000
v 448.000000 9.641663 298.666700
v 455.816700 9.875000 294.700000
v 451.033300 9.875000 288.633300
v 449.866700 9.583328 281.050000
v 450.800000 9.991661 276.033300
v 448.000000 10.750000 268.800000
v 448.000000 9.641663 298.666700
v 451.033300 9.875000 288.633300
v 449.866700 9.583328 281.050000
v 216.883300 32.391660 299.600000
v 218.633300 32.391660 298.666700
v 212.916700 32.158330 298.666700
v 212.683300 32.391660 312.666700
v 217.116700 32.391660 312.666700
v 216.883300 32.391660 312.433300
v 212.916700 32.391660 312.433300
v 216.883300 32.391660 299.600000
v 212.916700 32.158330 298.666700
v 212.916700 32.391660 312.433300
v 216.883300 32.391660 312.433300
v 220.966700 10.225000 318.616700
v 220.033300 10.166660 320.600000
v 224.000000 10.166660 320.600000
v 235.433300 10.283330 323.283300
v 233.683300 10.575000 323.283300
v 233.800000 10.516660 323.516700
v 235.550000 10.341670 323.166700
v 236.250000 10.225000 323.166700
v 238.933300 9.816666 320.600000
v 238.933300 9.933334 318.733300
v 218.750000 10.225000 309.633300
v 218.750000 10.225000 312.200000
v 220.383300 10.225000 314.300000
v 222.833300 10.225000 298.666700
v 219.450000 10.225000 300.533300
v 219.450000 10.225000 302.516700
v 222.833300 10.225000 298.666700
v 219.450000 10.225000 302.516700
v 218.750000 10.225000 309.633300
v 218.750000 10.225000 309.633300
v 220.383300 10.225000 314.300000
v 220.733300 10.225000 315.116700
v 224.000000 10.166660 320.600000
v 224.233300 10.166660 320.833300
v 220.733300 10.225000 315.116700
v 220.966700 10.225000 318.616700
v 224.000000 10.166660 320.600000
v 224.233300 10.166660 320.833300
v 235.550000 10.341670 323.166700
v 238.933300 9.933334 318.733300
v 238.933300 10.575000 298.666700
v 222.833300 10.225000 298.666700
v 218.750000 10.225000 309.633300
v 224.233300 10.166660 320.833300
v 224.233300 9.699997 323.166700
v 235.550000 10.341670 323.166700
v 212.683300 32.391660 312.666700
v 212.216700 32.391660 312.550000
v 212.216700 32.391660 313.016700
v 212.683300 32.391660 312.666700
v 212.216700 32.391660 313.016700
v 210.350000 32.391660 314.650000
v 209.300000 32.391660 317.333300
v 209.300000 32.391660 317.333300
v 209.300000 32.391660 318.150000
v 210.233300 32.391660 320.250000
v 211.750000 32.391660 321.766700
v 219.333300 32.333330 315.233300
v 217.816700 32.333330 313.016700
v 217.116700 32.391660 312.666700
v 219.566700 32.391660 318.383300
v 216.883300 32.391660 322.000000
v 218.400000 32.333330 320.833300
v 219.566700 32.391660 318.383300
v 209.300000 32.391660 317.333300
v 211.750000 32.391660 321.766700
v 212.450000 32.274990 322.933300
v 212.450000 32.274990 322.933300
v 212.450000 32.100000 328.533300
v 216.883300 32.391660 328.533300
v 216.883300 32.391660 322.000000
v 212.450000 32.274990 322.933300
v 216.883300 32.391660 322.000000
v 219.566700 32.391660 318.383300
v 217.116700 32.391660 312.666700
v 212.683300 32.391660 312.666700
v 209.300000 32.391660 317.333300
v 233.683300 10.575000 323.283300
v 235.433300 10.283330 323.283300
v 235.550000 10.341670 323.166700
v 233.100000 10.633330 323.283300
v 233.683300 10.575000 323.283300
v 235.550000 10.341670 323.166700
v 233.100000 10.633330 323.283300
v 235.550000 10.341670 323.166700
v 224.233300 9.699997 323.166700
v 224.233300 9.641663 323.283300
v 224.233300 9.641663 323.283300
v 226.916700 9.291664 325.266700
v 226.916700 9.466667 324.916700
v 238.933300 9.933334 323.866700
v 236.600000 10.108330 323.516700
v 236.600000 9.991661 323.866700
v 226.916700 9.466667 324.916700
v 227.033300 9.524994 324.800000
v 227.616700 9.758331 324.100000
v 224.233300 9.641663 323.283300
v 227.500000 9.116661 328.533300
v 227.383300 9.291664 325.616700
v 226.916700 9.291664 325.266700
v 224.233300 9.641663 323.283300
v 224.233300 9.349998 328.533300
v 227.616700 9.758331 324.100000
v 232.750000 10.458330 324.100000
v 232.750000 10.575000 323.633300
v 227.616700 9.758331 324.100000
v 232.750000 10.575000 323.633300
v 233.100000 10.633330 323.283300
v 224.233300 9.641663 323.283300
v 236.250000 10.225000 323.166700
v 236.600000 10.108330 323.516700
v 238.933300 9.933334 323.866700
v 238.933300 9.816666 320.600000
v 243.250000 8.824997 324.100000
v 264.716700 9.408333 325.266700
v 266.000000 9.466667 325.266700
v 268.800000 9.291664 300.533300
v 260.400000 9.583328 300.650000
v 256.200000 9.116661 304.150000
v 266.466700 9.758331 299.950000
v 268.800000 9.758331 299.950000
v 268.800000 9.758331 299.833300
v 268.800000 9.291664 300.533300
v 268.800000 9.758331 299.950000
v 266.466700 9.758331 299.950000
v 264.716700 9.758331 299.950000
v 260.750000 9.758331 299.950000
v 260.750000 9.291664 300.300000
v 268.800000 9.291664 300.533300
v 266.466700 9.758331 299.950000
v 264.716700 9.758331 299.950000
v 260.750000 9.291664 300.300000
v 260.400000 9.583328 300.650000
v 258.183300 9.116661 301.466600
v 256.550000 9.116661 301.466600
v 257.250000 9.116661 302.050000
v 258.183300 9.116661 301.466600
v 257.250000 9.116661 302.050000
v 257.250000 9.116661 302.633300
v 260.400000 9.583328 300.650000
v 258.416700 9.466667 300.766700
v 258.183300 9.116661 301.466600
v 252.933300 9.000000 301.233300
v 252.933300 8.824997 298.666700
v 238.933300 10.575000 298.666700
v 254.333300 9.116661 301.583300
v 254.916700 9.116661 301.583300
v 255.150000 9.116661 301.466600
v 254.450000 9.116661 302.166700
v 254.916700 9.116661 301.583300
v 254.333300 9.116661 301.583300
v 254.916700 9.116661 303.566700
v 254.916700 9.116661 303.216600
v 254.450000 9.116661 302.750000
v 254.450000 9.116661 302.750000
v 254.450000 9.116661 302.166700
v 254.333300 9.116661 301.583300
v 253.400000 9.058334 301.583300
v 238.933300 9.933334 318.733300
v 239.283300 9.875000 318.383300
v 238.933300 10.575000 298.666700
v 242.433300 8.766663 320.133300
v 242.433300 8.766663 323.633300
v 243.250000 8.824997 324.100000
v 267.400000 9.466667 327.950000
v 267.050000 9.466667 328.533300
v 268.800000 9.116661 328.533300
v 263.666700 9.349998 326.083300
v 264.716700 9.408333 325.266700
v 242.666700 9.000000 325.266700
v 242.666700 9.000000 325.266700
v 242.783300 9.116661 328.533300
v 263.433300 9.408333 326.550000
v 263.666700 9.349998 326.083300
v 239.283300 9.875000 318.383300
v 240.333300 9.466667 318.266700
v 240.683300 9.408333 317.916700
v 238.933300 10.575000 298.666700
v 242.783300 9.116661 328.533300
v 263.433300 9.408333 328.066700
v 263.433300 9.408333 326.550000
v 254.450000 9.116661 302.750000
v 253.400000 9.058334 301.583300
v 252.933300 9.000000 301.233300
v 238.933300 10.575000 298.666700
v 254.916700 9.116661 303.566700
v 238.933300 10.575000 298.666700
v 240.683300 9.408333 317.916700
v 241.150000 9.291664 317.916700
v 242.783300 9.116661 328.533300
v 263.783300 9.466667 328.533300
v 263.433300 9.408333 328.066700
v 238.933300 10.575000 298.666700
v 241.150000 9.291664 317.916700
v 241.500000 9.174995 318.266700
v 243.250000 8.824997 324.100000
v 243.250000 8.941666 324.916700
v 264.716700 9.408333 325.266700
v 255.616700 9.116661 304.150000
v 254.916700 9.116661 303.566700
v 238.933300 10.575000 298.666700
v 241.500000 9.174995 318.266700
v 242.083300 8.941666 318.850000
v 243.250000 8.941666 324.916700
v 242.666700 9.000000 325.266700
v 264.716700 9.408333 325.266700
v 241.150000 9.000000 323.633300
v 240.333300 9.291664 321.883300
v 239.866700 9.524994 321.883300
v 238.933300 9.933334 323.866700
v 239.866700 9.524994 321.883300
v 239.633300 9.641663 321.300000
v 238.933300 9.816666 320.600000
v 238.933300 9.933334 323.866700
v 256.200000 9.116661 304.150000
v 242.433300 8.883331 319.200000
v 242.433300 8.766663 320.133300
v 241.033300 8.941666 321.533300
v 240.333300 9.291664 321.883300
v 242.433300 8.766663 323.633300
v 255.616700 9.116661 304.150000
v 242.083300 8.941666 318.850000
v 242.433300 8.883331 319.200000
v 256.200000 9.116661 304.150000
v 240.333300 9.291664 321.883300
v 241.150000 9.000000 323.633300
v 242.433300 8.766663 323.633300
v 242.433300 8.766663 320.133300
v 241.500000 8.766663 320.833300
v 241.033300 8.941666 321.533300
v 242.433300 8.766663 323.633300
v 258.183300 9.116661 301.466600
v 257.250000 9.116661 302.633300
v 256.200000 9.116661 304.150000
v 260.400000 9.583328 300.650000
v 241.500000 9.174995 318.266700
v 241.500000 9.058334 318.733300
v 242.083300 8.941666 318.850000
v 267.400000 9.408333 326.550000
v 267.400000 9.466667 327.950000
v 268.800000 9.116661 328.533300
v 256.200000 9.116661 304.150000
v 242.433300 8.766663 320.133300
v 243.250000 8.824997 324.100000
v 266.000000 9.466667 325.266700
v 268.800000 9.291664 300.533300
v 256.200000 9.116661 304.150000
v 267.400000 9.408333 326.550000
v 268.800000 9.116661 328.533300
v 256.200000 9.116661 304.150000
v 266.000000 9.466667 325.266700
v 266.700000 9.408333 325.616700
v 256.200000 9.116661 304.150000
v 266.700000 9.408333 325.616700
v 267.400000 9.408333 326.550000
v 278.016700 9.116661 301.466600
v 277.433300 9.116661 301.466600
v 276.966600 9.116661 302.983300
v 278.250000 9.116661 301.233300
v 278.016700 9.116661 301.466600
v 276.966600 9.116661 302.983300
v 294.933300 9.116661 303.450000
v 294.933300 9.116661 298.666700
v 278.250000 9.116661 298.666700
v 278.250000 9.116661 301.233300
v 294.933300 9.116661 303.450000
v 276.383300 9.116661 303.450000
v 294.933300 9.116661 303.450000
v 276.966600 9.116661 302.983300
v 294.933300 9.116661 305.900000
v 294.933300 9.116661 306.366700
v 295.983300 9.116661 306.366700
v 294.933300 9.116661 303.450000
v 294.933300 9.116661 305.900000
v 295.983300 9.116661 306.366700
v 294.933300 9.116661 303.450000
v 295.983300 9.116661 306.366700
v 295.983300 9.116661 298.666700
v 294.933300 9.116661 298.666700
v 268.800000 9.291664 300.533300
v 270.783300 9.291664 300.650000
v 270.550000 9.291664 300.416700
v 270.550000 9.291664 300.416700
v 270.550000 9.758331 299.833300
v 268.800000 9.758331 299.833300
v 268.800000 9.291664 300.533300
v 274.633300 9.116661 302.283300
v 274.633300 9.116661 301.466600
v 273.233300 9.116661 301.466600
v 273.000000 9.466667 300.766700
v 270.900000 9.583328 300.650000
v 270.783300 9.291664 300.650000
v 273.233300 9.116661 301.466600
v 284.783300 9.116661 326.083300
v 287.000000 9.116661 325.150000
v 284.666700 9.116661 321.416700
v 286.416700 9.116661 328.533300
v 285.483300 9.116661 327.716600
v 284.666700 9.116661 327.716600
v 287.583300 9.116661 305.900000
v 294.933300 9.116661 305.900000
v 294.933300 9.116661 303.450000
v 286.416700 9.116661 328.533300
v 286.416700 9.116661 327.716600
v 285.483300 9.116661 327.716600
v 286.883300 9.174995 305.900000
v 287.583300 9.116661 305.900000
v 294.933300 9.116661 303.450000
v 286.416700 9.116661 327.716600
v 286.416700 9.116661 326.083300
v 285.833300 9.116661 326.550000
v 285.833300 9.116661 327.366700
v 285.483300 9.116661 319.783300
v 286.416700 9.116661 319.783300
v 286.416700 9.116661 306.600000
v 284.550000 9.116661 319.783300
v 285.483300 9.116661 319.783300
v 286.416700 9.116661 306.600000
v 286.416700 9.116661 326.083300
v 285.483300 9.116661 326.083300
v 285.833300 9.116661 326.550000
v 285.833300 9.116661 327.366700
v 285.483300 9.116661 327.716600
v 286.416700 9.116661 327.716600
v 294.933300 9.116661 305.900000
v 287.583300 9.116661 305.900000
v 287.816700 9.116661 306.366700
v 294.933300 9.116661 306.366700
v 286.883300 9.174995 305.900000
v 294.933300 9.116661 303.450000
v 276.383300 9.116661 303.450000
v 286.416700 9.116661 306.600000
v 276.383300 9.116661 303.450000
v 275.683300 9.116661 303.450000
v 284.200000 9.116661 320.133300
v 284.550000 9.116661 319.783300
v 286.416700 9.116661 306.600000
v 286.883300 9.174995 305.900000
v 276.383300 9.116661 303.450000
v 286.416700 9.116661 319.783300
v 285.483300 9.116661 319.783300
v 285.833300 9.116661 320.250000
v 285.833300 9.116661 320.950000
v 285.366700 9.116661 321.416700
v 286.416700 9.116661 321.416700
v 286.416700 9.116661 321.416700
v 286.416700 9.116661 319.783300
v 285.833300 9.116661 320.250000
v 285.833300 9.116661 320.950000
v 286.650000 9.116661 322.233300
v 286.416700 9.116661 321.416700
v 285.366700 9.116661 321.416700
v 287.116700 9.116661 322.583300
v 286.650000 9.116661 322.233300
v 285.366700 9.116661 321.416700
v 284.666700 9.116661 321.416700
v 273.233300 9.116661 301.466600
v 270.783300 9.291664 300.650000
v 268.800000 9.291664 300.533300
v 291.783300 9.116661 322.583300
v 291.783300 9.116661 322.000000
v 288.050000 9.116661 322.000000
v 287.583300 9.116661 322.583300
v 287.700000 9.116661 325.150000
v 291.783300 9.116661 325.150000
v 291.783300 9.116661 322.583300
v 287.583300 9.116661 322.583300
v 275.683300 9.116661 303.450000
v 274.633300 9.116661 302.283300
v 273.233300 9.116661 301.466600
v 287.000000 9.116661 325.150000
v 287.700000 9.116661 325.150000
v 287.583300 9.116661 322.583300
v 287.116700 9.116661 322.583300
v 285.483300 9.116661 326.083300
v 286.416700 9.116661 326.083300
v 287.000000 9.116661 325.150000
v 284.783300 9.116661 326.083300
v 285.483300 9.116661 326.083300
v 287.000000 9.116661 325.150000
v 287.000000 9.116661 325.150000
v 287.116700 9.116661 322.583300
v 284.666700 9.116661 321.416700
v 291.783300 9.116661 325.150000
v 287.700000 9.116661 325.150000
v 287.933300 9.116661 325.616700
v 291.783300 9.116661 325.616700
v 284.200000 9.116661 326.550000
v 284.783300 9.116661 326.083300
v 284.666700 9.116661 321.416700
v 284.200000 9.116661 320.950000
v 268.800000 9.116661 328.533300
v 268.800000 9.116661 328.533300
v 284.200000 9.116661 327.250000
v 284.200000 9.116661 326.550000
v 275.683300 9.116661 303.450000
v 273.233300 9.116661 301.466600
v 268.800000 9.291664 300.533300
v 268.800000 9.116661 328.533300
v 284.200000 9.116661 320.950000
v 284.200000 9.116661 320.133300
v 268.800000 9.116661 328.533300
v 286.416700 9.116661 328.533300
v 284.666700 9.116661 327.716600
v 268.800000 9.116661 328.533300
v 284.666700 9.116661 327.716600
v 284.200000 9.116661 327.250000
v 298.783300 4.391663 298.666700
v 298.783300 4.391663 299.250000
v 303.800000 4.391663 299.250000
v 298.783300 4.391663 298.666700
v 303.800000 4.391663 299.250000
v 304.850000 4.449997 299.250000
v 328.533300 4.333328 298.666700
v 304.850000 4.449997 299.250000
v 305.433300 4.508331 299.483300
v 298.783300 4.391663 303.333300
v 303.800000 4.449997 303.333300
v 303.216600 4.566666 303.100000
v 298.783300 4.391663 303.333300
v 303.216600 4.566666 303.100000
v 302.400000 4.508331 302.283300
v 298.783300 4.391663 303.333300
v 302.400000 4.508331 302.283300
v 302.283300 4.449997 300.766700
v 298.783300 4.391663 299.250000
v 302.516700 4.566666 300.183300
v 303.333300 4.449997 299.366700
v 298.783300 4.391663 299.250000
v 298.783300 4.391663 299.250000
v 302.283300 4.449997 300.766700
v 302.516700 4.566666 300.183300
v 303.333300 4.449997 299.366700
v 303.800000 4.391663 299.250000
v 298.783300 4.391663 299.250000
v 311.266700 4.333328 323.400000
v 325.383300 4.333328 324.566700
v 325.616700 4.333328 321.183300
v 311.033300 4.333328 306.250000
v 310.216600 4.333328 311.733300
v 310.216600 4.333328 316.633300
v 310.216600 4.333328 316.633300
v 310.916700 4.333328 322.000000
v 311.266700 4.333328 323.400000
v 310.916700 4.333328 325.500000
v 325.616700 4.333328 326.433300
v 325.383300 4.333328 324.566700
v 311.266700 4.333328 323.400000
v 328.533300 4.333328 298.666700
v 298.783300 4.391663 298.666700
v 304.850000 4.449997 299.250000
v 305.433300 4.508331 299.483300
v 306.250000 4.391663 300.300000
v 328.533300 4.333328 298.666700
v 303.800000 4.449997 303.333300
v 298.783300 4.391663 303.333300
v 298.783300 4.391663 304.616700
v 304.850000 4.391663 303.333300
v 303.800000 4.449997 303.333300
v 298.783300 4.391663 304.616700
v 310.333300 4.333328 304.616700
v 306.250000 4.391663 300.300000
v 306.366700 4.449997 300.883300
v 328.533300 4.333328 298.666700
v 304.850000 4.391663 303.333300
v 310.333300 4.333328 304.616700
v 311.150000 4.333328 304.616700
v 308.466600 4.333328 305.550000
v 309.866700 4.333328 305.550000
v 309.866700 4.333328 304.966600
v 308.116700 4.333328 305.550000
v 308.466600 4.333328 305.550000
v 309.866700 4.333328 304.966600
v 308.116700 4.333328 305.550000
v 309.866700 4.333328 304.966600
v 310.333300 4.333328 304.616700
v 298.783300 4.391663 304.616700
v 298.783300 4.391663 305.550000
v 310.216600 4.333328 316.633300
v 309.633300 4.333328 316.866700
v 309.633300 4.333328 320.833300
v 310.916700 4.333328 322.000000
v 306.133300 4.508331 302.400000
v 305.316700 4.449997 303.216600
v 311.150000 4.333328 304.616700
v 305.316700 4.449997 303.216600
v 304.850000 4.391663 303.333300
v 311.150000 4.333328 304.616700
v 298.783300 4.391663 306.250000
v 307.650000 4.333328 306.250000
v 307.650000 4.333328 305.900000
v 298.783300 4.391663 305.550000
v 308.116700 4.333328 305.550000
v 298.783300 4.391663 305.550000
v 307.650000 4.333328 305.900000
v 308.933300 4.333328 305.900000
v 308.933300 4.333328 306.250000
v 309.400000 4.333328 306.250000
v 309.400000 4.333328 306.250000
v 310.216600 4.333328 306.250000
v 309.866700 4.333328 305.550000
v 308.933300 4.333328 305.900000
v 309.866700 4.333328 305.550000
v 308.466600 4.333328 305.550000
v 308.933300 4.333328 305.900000
v 310.216600 4.333328 306.250000
v 309.400000 4.333328 306.250000
v 309.633300 4.333328 306.483300
v 311.033300 4.333328 306.250000
v 310.216600 4.333328 306.250000
v 309.633300 4.333328 306.483300
v 309.633300 4.333328 311.500000
v 310.216600 4.333328 311.733300
v 310.916700 4.333328 325.500000
v 309.633300 4.333328 326.666700
v 309.633300 4.333328 328.533300
v 326.316700 4.333328 328.533300
v 325.616700 4.333328 326.433300
v 306.366700 4.449997 300.883300
v 306.133300 4.508331 302.400000
v 311.150000 4.333328 304.616700
v 328.533300 4.333328 298.666700
v 311.500000 4.333328 305.900000
v 311.033300 4.333328 306.250000
v 310.216600 4.333328 316.633300
v 327.133300 4.333328 317.450000
v 328.533300 4.333328 315.700000
v 328.533300 4.333328 298.666700
v 311.266700 4.333328 323.400000
v 325.616700 4.333328 321.183300
v 326.200000 4.333328 319.316700
v 310.216600 4.333328 316.633300
v 311.266700 4.333328 323.400000
v 326.200000 4.333328 319.316700
v 327.133300 4.333328 317.450000
v 328.533300 4.333328 298.666700
v 311.500000 4.333328 305.083300
v 311.500000 4.333328 305.900000
v 328.533300 4.333328 298.666700
v 311.150000 4.333328 304.616700
v 311.500000 4.333328 305.083300
v 328.533300 4.333328 315.700000
v 330.750000 4.333328 313.716600
v 328.533300 4.333328 298.666700
v 328.533300 4.333328 298.666700
v 336.933300 4.333328 311.733300
v 337.983300 4.333328 311.733300
v 330.750000 4.333328 313.716600
v 332.966600 4.333328 312.550000
v 328.533300 4.333328 298.666700
v 332.966600 4.333328 312.550000
v 334.833300 4.333328 311.966600
v 328.533300 4.333328 298.666700
v 334.833300 4.333328 311.966600
v 336.933300 4.333328 311.733300
v 328.533300 4.333328 298.666700
v 349.300000 4.333328 321.183300
v 349.533300 4.333328 323.050000
v 358.400000 4.333328 328.533300
v 349.533300 4.333328 323.050000
v 349.300000 4.333328 326.433300
v 358.400000 4.333328 328.533300
v 349.300000 4.333328 326.433300
v 348.600000 4.333328 328.533300
v 358.400000 4.333328 328.533300
v 348.716700 4.333328 319.200000
v 349.300000 4.333328 321.183300
v 358.400000 4.333328 328.533300
v 347.783300 4.333328 317.450000
v 348.716700 4.333328 319.200000
v 358.400000 4.333328 328.533300
v 328.533300 4.333328 298.666700
v 337.983300 4.333328 311.733300
v 340.083300 4.333328 311.966600
v 345.333300 4.333328 314.650000
v 347.783300 4.333328 317.450000
v 358.400000 4.333328 328.533300
v 358.400000 4.333328 298.666700
v 328.533300 4.333328 298.666700
v 340.083300 4.333328 311.966600
v 343.583300 4.333328 313.366700
v 358.400000 4.333328 298.666700
v 343.583300 4.333328 313.366700
v 345.333300 4.333328 314.650000
v 358.400000 4.333328 298.666700
v 365.750000 4.566666 324.216600
v 371.000000 4.333328 323.633300
v 365.750000 4.333328 314.883300
v 365.050000 4.333328 314.300000
v 358.400000 4.333328 298.666700
v 365.750000 4.333328 299.133300
v 366.100000 4.333328 299.133300
v 366.100000 4.333328 299.133300
v 382.900000 4.333328 299.133300
v 383.016700 4.333328 298.666700
v 358.400000 4.333328 298.666700
v 364.816700 4.333328 305.083300
v 365.516700 4.333328 305.083300
v 365.516700 4.333328 300.533300
v 364.233300 4.333328 305.083300
v 364.816700 4.333328 305.083300
v 365.516700 4.333328 300.533300
v 363.533300 4.333328 305.083300
v 364.233300 4.333328 305.083300
v 365.516700 4.333328 300.533300
v 365.050000 4.333328 300.183300
v 358.400000 4.333328 328.533300
v 365.050000 4.333328 328.533300
v 364.933300 4.333328 326.433300
v 370.300000 4.333328 315.116700
v 370.183300 4.333328 314.883300
v 365.750000 4.333328 314.883300
v 371.000000 4.333328 323.633300
v 381.266700 4.625000 299.833300
v 383.600000 4.333328 299.833300
v 382.900000 4.333328 299.366700
v 381.266700 4.625000 299.833300
v 382.900000 4.333328 299.366700
v 382.900000 4.333328 299.133300
v 378.350000 4.333328 299.250000
v 378.700000 4.333328 299.366700
v 380.566700 4.566666 299.833300
v 378.700000 4.333328 299.366700
v 378.933300 4.333328 299.833300
v 380.566700 4.566666 299.833300
v 382.900000 4.333328 299.133300
v 366.100000 4.333328 299.133300
v 378.350000 4.333328 299.250000
v 378.583300 4.333328 302.983300
v 379.166700 4.683334 302.983300
v 378.816700 4.625000 302.166700
v 379.983300 4.625000 299.950000
v 380.566700 4.566666 299.833300
v 378.933300 4.333328 299.833300
v 379.050000 4.625000 300.766700
v 379.983300 4.625000 299.950000
v 378.933300 4.333328 299.833300
v 378.933300 4.333328 300.300000
v 378.583300 4.333328 300.533300
v 378.583300 4.333328 302.983300
v 378.816700 4.625000 302.166700
v 379.050000 4.625000 300.766700
v 378.933300 4.333328 300.300000
v 382.900000 4.625000 302.283300
v 382.666700 4.625000 302.983300
v 383.600000 4.333328 302.983300
v 383.600000 4.333328 299.833300
v 381.266700 4.625000 299.833300
v 381.966700 4.625000 300.066700
v 383.600000 4.333328 299.833300
v 381.966700 4.625000 300.066700
v 382.783300 4.625000 301.000000
v 382.783300 4.625000 301.000000
v 382.900000 4.625000 302.283300
v 383.600000 4.333328 302.983300
v 383.600000 4.333328 299.833300
v 364.000000 4.333328 308.000000
v 364.000000 4.333328 307.066700
v 363.300000 4.333328 306.833300
v 365.050000 4.333328 314.300000
v 365.050000 4.333328 313.950000
v 364.000000 4.333328 308.000000
v 363.300000 4.333328 306.833300
v 365.050000 4.333328 299.716600
v 365.750000 4.333328 299.133300
v 358.400000 4.333328 298.666700
v 377.883300 4.333328 323.633300
v 378.116700 4.508331 324.333300
v 378.466700 4.625000 324.450000
v 380.566700 4.625000 324.333300
v 380.566700 4.333328 323.633300
v 365.516700 4.333328 313.600000
v 365.516700 4.333328 308.233300
v 364.233300 4.333328 308.233300
v 365.050000 4.333328 313.950000
v 365.516700 4.333328 313.600000
v 364.233300 4.333328 308.233300
v 364.000000 4.333328 308.000000
v 363.300000 4.333328 306.833300
v 363.300000 4.333328 305.316700
v 358.400000 4.333328 298.666700
v 374.150000 4.683334 323.750000
v 374.850000 4.683334 323.750000
v 376.250000 4.333328 323.633300
v 372.633300 4.333328 323.633300
v 378.583300 4.333328 311.150000
v 378.583300 4.333328 313.600000
v 378.933300 4.333328 313.833300
v 382.900000 4.333328 314.650000
v 383.600000 4.333328 314.416700
v 383.600000 4.333328 311.150000
v 378.933300 4.333328 314.416700
v 378.583300 4.333328 314.766700
v 382.900000 4.333328 315.116700
v 382.900000 4.333328 314.650000
v 378.583300 4.333328 314.766700
v 373.916700 4.333328 314.883300
v 373.800000 4.333328 315.116700
v 382.900000 4.333328 315.116700
v 378.933300 4.333328 313.833300
v 378.933300 4.333328 314.416700
v 382.900000 4.333328 314.650000
v 383.833300 4.333328 316.166700
v 383.600000 4.333328 315.583300
v 383.250000 4.333328 315.583300
v 384.766700 4.333328 318.383300
v 384.766700 4.333328 316.166700
v 383.833300 4.333328 316.166700
v 384.766700 4.333328 318.383300
v 383.833300 4.333328 316.166700
v 383.250000 4.333328 315.583300
v 380.800000 4.333328 318.383300
v 380.566700 4.333328 318.383300
v 382.900000 4.333328 315.116700
v 373.800000 4.333328 315.116700
v 372.633300 4.333328 323.633300
v 376.250000 4.333328 323.633300
v 380.566700 4.333328 318.383300
v 380.800000 4.333328 318.383300
v 383.250000 4.333328 315.583300
v 382.900000 4.333328 315.116700
v 372.633300 4.333328 323.633300
v 373.800000 4.333328 315.116700
v 370.300000 4.333328 315.116700
v 371.000000 4.333328 323.633300
v 377.883300 4.333328 323.633300
v 380.566700 4.333328 323.633300
v 380.566700 4.333328 318.616700
v 377.883300 4.333328 323.633300
v 380.566700 4.333328 318.616700
v 380.566700 4.333328 318.383300
v 376.250000 4.333328 323.633300
v 363.300000 4.333328 305.316700
v 363.533300 4.333328 305.083300
v 365.050000 4.333328 300.183300
v 365.050000 4.333328 299.716600
v 358.400000 4.333328 298.666700
v 380.566700 4.333328 318.616700
v 380.800000 4.333328 318.383300
v 380.566700 4.333328 318.383300
v 366.683300 4.508331 324.216600
v 370.766700 4.391663 324.216600
v 371.000000 4.333328 323.633300
v 365.750000 4.566666 324.216600
v 366.683300 4.508331 324.216600
v 371.000000 4.333328 323.633300
v 364.933300 4.333328 326.433300
v 365.633300 4.625000 326.200000
v 365.516700 4.333328 324.450000
v 358.400000 4.333328 328.533300
v 358.400000 4.333328 328.533300
v 365.516700 4.333328 324.450000
v 365.750000 4.566666 324.216600
v 365.050000 4.333328 314.300000
v 363.300000 4.333328 306.833300
v 358.400000 4.333328 298.666700
v 404.366700 9.116661 299.366700
v 405.766700 9.116661 299.366700
v 405.300000 9.116661 298.666700
v 404.366700 9.116661 298.666700
v 395.033300 9.233330 325.266700
v 388.266700 9.233330 325.266700
v 388.266700 9.233330 328.533300
v 396.083300 9.116661 328.533300
v 405.766700 9.116661 299.366700
v 404.366700 9.116661 299.366700
v 404.366700 9.116661 300.300000
v 405.766700 9.116661 299.366700
v 404.366700 9.116661 300.300000
v 404.133300 9.116661 300.533300
v 406.466700 9.116661 299.366700
v 418.133300 9.116661 298.666700
v 406.933300 9.116661 298.666700
v 406.466700 9.116661 299.366700
v 391.066700 9.233330 320.016700
v 388.266700 9.233330 320.016700
v 388.266700 9.233330 325.266700
v 396.083300 9.116661 328.533300
v 396.083300 9.116661 325.150000
v 395.033300 9.233330 325.266700
v 401.100000 9.116661 300.533300
v 401.100000 9.116661 314.416700
v 401.683300 9.116661 314.650000
v 404.133300 9.116661 300.533300
v 389.316700 9.000000 316.050000
v 390.950000 9.116661 316.050000
v 390.833300 9.116661 315.816700
v 389.316700 9.000000 315.816700
v 390.950000 9.116661 316.050000
v 389.316700 9.000000 316.050000
v 389.316700 9.000000 318.500000
v 390.950000 9.116661 316.050000
v 389.316700 9.000000 318.500000
v 395.150000 9.116661 318.500000
v 394.450000 9.116661 316.050000
v 394.800000 9.233330 324.683300
v 392.000000 9.233330 320.016700
v 391.066700 9.233330 320.016700
v 388.266700 9.233330 325.266700
v 395.033300 9.233330 325.266700
v 394.450000 9.116661 316.050000
v 395.150000 9.116661 318.500000
v 395.966700 9.116661 318.500000
v 389.316700 9.000000 318.500000
v 389.316700 9.000000 318.616700
v 391.183300 9.116661 318.616700
v 389.316700 9.000000 318.500000
v 391.183300 9.116661 318.616700
v 392.000000 9.116661 318.616700
v 392.000000 9.116661 318.616700
v 395.033300 9.116661 318.616700
v 395.150000 9.116661 318.500000
v 389.316700 9.000000 318.500000
v 394.800000 9.233330 324.683300
v 394.916700 9.233330 324.216600
v 395.266700 9.233330 320.016700
v 392.000000 9.233330 320.016700
v 394.916700 9.233330 324.216600
v 395.266700 9.233330 323.983300
v 395.266700 9.233330 320.016700
v 389.316700 9.000000 318.616700
v 389.316700 9.000000 318.850000
v 391.066700 9.116661 318.850000
v 391.183300 9.116661 318.616700
v 395.033300 9.116661 318.616700
v 392.000000 9.116661 318.616700
v 392.116700 9.116661 318.850000
v 394.916700 9.116661 318.850000
v 388.616700 9.233330 319.666700
v 388.266700 9.233330 319.783300
v 388.266700 9.233330 320.016700
v 391.066700 9.233330 320.016700
v 390.833300 9.233330 319.666700
v 395.266700 9.233330 320.016700
v 395.150000 9.233330 319.666700
v 392.233300 9.233330 319.666700
v 392.000000 9.233330 320.016700
v 394.566700 9.116661 315.816700
v 394.450000 9.116661 316.050000
v 395.966700 9.116661 318.500000
v 396.200000 9.116661 318.733300
v 400.866700 9.116661 315.816700
v 401.800000 9.116661 315.233300
v 400.866700 9.116661 315.816700
v 396.083300 9.116661 328.533300
v 418.133300 9.116661 328.533300
v 418.133300 9.116661 298.666700
v 406.466700 9.116661 299.366700
v 404.133300 9.116661 300.533300
v 401.683300 9.116661 314.650000
v 401.800000 9.116661 315.233300
v 418.133300 9.116661 328.533300
v 396.200000 9.116661 318.733300
v 396.083300 9.116661 325.150000
v 396.083300 9.116661 328.533300
v 400.866700 9.116661 315.816700
v 448.000000 9.641663 298.666700
v 445.433300 9.116661 304.150000
v 446.600000 9.116661 305.083300
v 444.733300 9.116661 304.150000
v 445.433300 9.116661 304.150000
v 448.000000 9.641663 298.666700
v 448.000000 9.641663 298.666700
v 446.600000 9.116661 305.550000
v 446.600000 9.116661 307.066700
v 448.000000 9.116661 315.350000
v 448.000000 9.116661 328.533300
v 447.416700 9.116661 321.183300
v 446.950000 9.116661 321.183300
v 441.816700 9.116661 306.600000
v 443.566700 9.116661 306.600000
v 443.100000 9.116661 305.666700
v 441.466700 9.116661 306.600000
v 441.816700 9.116661 306.600000
v 443.100000 9.116661 305.666700
v 448.000000 9.116661 328.533300
v 448.000000 9.116661 321.183300
v 447.416700 9.116661 321.183300
v 447.416700 9.116661 321.183300
v 448.000000 9.116661 321.183300
v 448.000000 9.116661 319.783300
v 446.600000 9.116661 307.066700
v 446.250000 9.116661 307.416700
v 448.000000 9.116661 315.350000
v 446.600000 9.116661 305.550000
v 446.366700 9.116661 305.666700
v 446.600000 9.116661 307.066700
v 443.100000 9.116661 304.850000
v 443.450000 9.116661 304.500000
v 448.000000 9.641663 298.666700
v 443.450000 9.116661 304.500000
v 444.733300 9.116661 304.150000
v 448.000000 9.641663 298.666700
v 441.466700 9.116661 306.600000
v 443.100000 9.116661 305.666700
v 443.100000 9.116661 304.850000
v 446.250000 9.116661 319.900000
v 442.750000 9.116661 309.983300
v 442.050000 9.116661 309.516700
v 441.000000 9.116661 308.350000
v 440.883300 9.116661 307.066700
v 418.133300 9.116661 298.666700
v 443.450000 9.116661 304.500000
v 444.616700 9.116661 304.383300
v 444.733300 9.116661 304.150000
v 440.883300 9.116661 307.066700
v 441.466700 9.116661 306.600000
v 443.100000 9.116661 304.850000
v 448.000000 9.641663 298.666700
v 418.133300 9.116661 298.666700
v 443.100000 9.116661 306.716600
v 443.566700 9.116661 306.716600
v 443.566700 9.116661 306.600000
v 442.750000 9.116661 306.716600
v 443.100000 9.116661 306.716600
v 443.566700 9.116661 306.600000
v 442.750000 9.116661 306.716600
v 443.566700 9.116661 306.600000
v 441.816700 9.116661 306.600000
v 441.933300 9.116661 306.716600
v 442.750000 9.116661 306.716600
v 441.933300 9.116661 306.716600
v 442.166700 9.116661 307.066700
v 443.566700 9.116661 306.716600
v 443.100000 9.116661 306.716600
v 443.333300 9.116661 307.066700
v 443.683300 9.116661 306.950000
v 445.783300 9.116661 307.416700
v 445.433300 9.116661 307.416700
v 445.083300 9.116661 307.883300
v 446.250000 9.116661 307.416700
v 445.783300 9.116661 307.416700
v 445.083300 9.116661 307.883300
v 448.000000 9.641663 298.666700
v 446.600000 9.116661 305.083300
v 446.600000 9.116661 305.550000
v 444.500000 9.116661 307.883300
v 443.916700 9.116661 307.883300
v 443.916700 9.116661 308.233300
v 445.083300 9.116661 307.883300
v 444.500000 9.116661 307.883300
v 443.916700 9.116661 308.233300
v 442.050000 9.116661 309.516700
v 441.583300 9.174995 308.583300
v 441.000000 9.116661 308.350000
v 443.916700 9.116661 308.233300
v 443.450000 9.116661 308.583300
v 443.683300 9.116661 309.516700
v 445.083300 9.116661 307.883300
v 446.250000 9.116661 319.900000
v 446.600000 9.116661 319.433300
v 447.183300 9.116661 316.983300
v 443.100000 9.116661 309.983300
v 442.750000 9.116661 309.983300
v 447.183300 9.116661 316.983300
v 447.533300 9.116661 316.633300
v 448.000000 9.116661 315.350000
v 443.683300 9.116661 309.516700
v 443.100000 9.116661 309.983300
v 446.250000 9.116661 307.416700
v 445.083300 9.116661 307.883300
v 443.683300 9.116661 309.516700
v 448.000000 9.116661 315.350000
v 448.000000 9.116661 328.533300
v 446.950000 9.116661 321.183300
v 446.250000 9.116661 320.716600
v 446.250000 9.116661 320.716600
v 446.250000 9.116661 319.900000
v 442.050000 9.116661 309.516700
v 446.250000 9.116661 320.716600
v 442.050000 9.116661 309.516700
v 441.000000 9.116661 308.350000
v 418.133300 9.116661 298.666700
v 418.133300 9.116661 328.533300
v 448.000000 9.116661 328.533300
v 464.800000 10.225000 309.516700
v 464.100000 10.516660 299.950000
v 461.766700 10.399990 298.666700
v 456.750000 9.641663 309.516700
v 452.550000 9.233330 311.966600
v 449.633300 9.116661 315.116700
v 448.000000 9.116661 319.783300
v 448.000000 9.116661 328.533300
v 459.316700 9.466667 328.533300
v 459.316700 9.699997 320.250000
v 455.816700 9.524994 309.516700
v 456.750000 9.641663 309.516700
v 461.766700 10.399990 298.666700
v 452.316700 9.233330 310.450000
v 452.666700 9.291664 310.450000
v 454.066700 9.349998 309.983300
v 454.066700 9.349998 309.983300
v 455.350000 9.408333 309.866700
v 455.816700 9.524994 309.516700
v 451.850000 9.233330 310.450000
v 452.316700 9.233330 310.450000
v 454.066700 9.349998 309.983300
v 459.316700 9.699997 320.250000
v 459.550000 9.699997 320.016700
v 462.583300 9.933334 316.866700
v 463.283300 9.933334 314.066700
v 462.466700 9.816666 311.966600
v 452.550000 9.233330 311.966600
v 456.750000 9.641663 309.516700
v 456.983300 9.641663 309.866700
v 458.150000 9.524994 309.866700
v 456.750000 9.641663 309.516700
v 458.150000 9.524994 309.866700
v 459.200000 9.466667 309.866700
v 459.200000 9.466667 309.866700
v 464.800000 10.166660 309.866700
v 464.800000 10.225000 309.516700
v 456.750000 9.641663 309.516700
v 458.150000 9.524994 309.866700
v 456.983300 9.641663 309.866700
v 456.983300 9.641663 310.100000
v 463.983300 10.050000 310.333300
v 464.800000 10.108330 310.333300
v 464.800000 10.166660 309.866700
v 463.166700 9.991661 310.333300
v 463.983300 10.050000 310.333300
v 464.800000 10.166660 309.866700
v 462.583300 9.933334 310.333300
v 463.166700 9.991661 310.333300
v 464.800000 10.166660 309.866700
v 459.200000 9.466667 309.866700
v 460.250000 9.641663 310.216600
v 464.800000 10.108330 310.333300
v 463.983300 10.050000 310.333300
v 464.683300 10.050000 310.566700
v 459.550000 9.699997 320.016700
v 462.583300 9.991661 318.150000
v 462.583300 9.933334 316.866700
v 459.550000 9.699997 320.016700
v 463.166700 9.991661 320.016700
v 462.583300 9.991661 318.150000
v 449.633300 9.116661 315.116700
v 448.583300 9.116661 317.566700
v 448.000000 9.116661 319.783300
v 463.283300 9.933334 314.066700
v 464.566700 9.933334 312.900000
v 463.283300 9.875000 311.966600
v 462.466700 9.816666 311.966600
v 452.666700 9.291664 310.450000
v 452.316700 9.233330 310.450000
v 452.433300 9.233330 310.683300
v 460.716700 9.641663 311.616700
v 459.550000 9.466667 311.150000
v 459.433300 9.466667 311.383300
v 457.216700 9.583328 311.616700
v 460.716700 9.641663 311.616700
v 459.433300 9.466667 311.383300
v 453.833300 9.291664 311.383300
v 453.133300 9.233330 311.383300
v 452.783300 9.233330 311.616700
v 454.300000 9.349998 311.383300
v 453.833300 9.291664 311.383300
v 452.783300 9.233330 311.616700
v 455.933300 9.466667 311.616700
v 455.116700 9.408333 311.383300
v 454.300000 9.349998 311.383300
v 452.783300 9.233330 311.616700
v 455.933300 9.466667 311.616700
v 452.783300 9.233330 311.616700
v 452.550000 9.233330 311.966600
v 457.216700 9.583328 311.616700
v 455.933300 9.466667 311.616700
v 452.550000 9.233330 311.966600
v 462.466700 9.816666 311.966600
v 460.716700 9.641663 311.616700
v 457.216700 9.583328 311.616700
v 452.550000 9.233330 311.966600
v 463.283300 9.875000 311.966600
v 464.800000 9.991661 311.966600
v 464.566700 9.991661 311.733300
v 463.516700 9.875000 311.616700
v 464.566700 9.933334 312.900000
v 464.800000 9.991661 311.966600
v 463.283300 9.875000 311.966600
v 448.000000 9.116661 315.350000
v 448.583300 9.116661 314.416700
v 448.700000 9.174995 313.483300
v 448.000000 9.641663 298.666700
v 449.166700 9.174995 313.016700
v 449.516700 9.233330 313.016700
v 450.916700 9.174995 311.616700
v 451.266700 9.174995 310.800000
v 451.266700 9.174995 310.800000
v 451.850000 9.233330 310.450000
v 448.000000 9.641663 298.666700
v 448.700000 9.174995 313.483300
v 449.166700 9.174995 313.016700
v 451.266700 9.174995 310.800000
v 448.000000 9.641663 298.666700
v 451.850000 9.233330 310.450000
v 454.066700 9.349998 309.983300
v 455.816700 9.524994 309.516700
v 461.766700 10.399990 298.666700
v 448.000000 9.641663 298.666700
v 209.183300 32.566670 347.550000
v 209.183300 32.566670 348.250000
v 210.116700 32.566670 350.466700
v 212.100000 32.566670 352.216700
v 219.566700 32.566670 348.600000
v 219.566700 32.566670 347.900000
v 219.333300 32.508330 345.450000
v 218.050000 32.508330 343.583300
v 216.883300 32.508330 342.650000
v 212.100000 32.566670 352.216700
v 216.883300 32.508330 352.216700
v 219.566700 32.566670 348.600000
v 216.883300 32.508330 342.650000
v 212.100000 32.566670 343.466600
v 209.183300 32.566670 347.550000
v 216.883300 32.508330 352.216700
v 218.400000 32.508330 351.166700
v 219.566700 32.566670 348.600000
v 212.100000 32.566670 343.466600
v 210.116700 32.566670 345.100000
v 209.183300 32.566670 347.550000
v 212.100000 32.566670 352.216700
v 212.450000 32.450000 353.266700
v 216.883300 32.508330 352.216700
v 216.883300 32.391660 328.533300
v 212.450000 32.100000 328.533300
v 212.450000 32.566670 342.533300
v 216.883300 32.508330 342.650000
v 212.450000 32.450000 353.266700
v 212.450000 32.100000 358.400000
v 216.883300 32.333330 358.400000
v 216.883300 32.508330 352.216700
v 212.450000 32.566670 342.533300
v 212.100000 32.566670 343.466600
v 216.883300 32.508330 342.650000
v 224.466700 9.174995 344.750000
v 228.200000 9.116661 344.750000
v 227.383300 9.116661 343.816700
v 224.466700 9.174995 344.750000
v 227.383300 9.116661 343.816700
v 227.383300 9.116661 343.350000
v 224.466700 9.174995 344.750000
v 227.383300 9.116661 343.350000
v 227.850000 9.116661 343.116700
v 227.500000 9.116661 328.533300
v 224.233300 9.349998 328.533300
v 211.516700 32.041660 358.400000
v 211.633300 32.041660 358.400000
v 211.516700 32.041660 353.616700
v 219.683300 10.108330 351.750000
v 218.750000 10.166660 352.450000
v 218.750000 10.108330 358.400000
v 238.933300 9.116661 344.400000
v 237.300000 9.116661 344.400000
v 237.300000 9.116661 344.983300
v 233.216700 9.116661 344.750000
v 233.216700 9.116661 344.516700
v 232.516700 9.116661 344.516700
v 228.666700 9.116661 344.750000
v 234.150000 9.524994 345.450000
v 234.150000 9.524994 345.333300
v 233.450000 9.116661 345.333300
v 228.200000 9.116661 344.750000
v 224.466700 9.174995 344.750000
v 224.466700 9.174995 345.450000
v 228.666700 9.116661 344.750000
v 228.200000 9.116661 344.750000
v 224.466700 9.174995 345.450000
v 234.150000 9.524994 345.450000
v 233.450000 9.116661 345.333300
v 233.450000 9.116661 345.333300
v 233.216700 9.116661 344.750000
v 228.666700 9.116661 344.750000
v 235.550000 9.524994 345.450000
v 236.250000 9.524994 345.333300
v 236.016700 9.641663 344.983300
v 235.666700 9.641663 344.983300
v 234.150000 9.524994 345.333300
v 234.150000 9.524994 345.450000
v 224.233300 9.174995 346.850000
v 223.416700 9.174995 346.850000
v 220.966700 9.816666 348.950000
v 223.416700 9.174995 346.850000
v 221.783300 9.466667 346.850000
v 220.966700 9.816666 348.950000
v 234.150000 9.524994 345.450000
v 224.466700 9.174995 345.450000
v 224.466700 9.174995 346.616700
v 221.783300 9.466667 346.850000
v 223.416700 9.174995 346.850000
v 223.300000 9.174995 346.616700
v 221.900000 9.408333 346.616700
v 221.783300 9.466667 346.850000
v 220.850000 9.699997 346.733300
v 220.966700 9.816666 348.950000
v 237.066700 9.116661 345.216700
v 236.250000 9.524994 345.333300
v 235.550000 9.524994 345.450000
v 238.933300 9.116661 358.400000
v 238.933300 9.116661 344.400000
v 237.300000 9.116661 344.983300
v 237.066700 9.116661 345.216700
v 238.933300 9.116661 358.400000
v 224.233300 9.174995 346.850000
v 220.966700 9.816666 348.950000
v 219.683300 10.108330 351.750000
v 224.466700 9.174995 346.616700
v 224.233300 9.174995 346.850000
v 219.683300 10.108330 351.750000
v 235.550000 9.524994 345.450000
v 234.150000 9.524994 345.450000
v 224.466700 9.174995 346.616700
v 219.683300 10.108330 351.750000
v 218.750000 10.108330 358.400000
v 238.933300 9.116661 358.400000
v 263.783300 9.466667 328.533300
v 242.783300 9.116661 328.533300
v 242.783300 9.116661 329.350000
v 264.133300 9.349998 329.000000
v 242.783300 9.116661 329.350000
v 264.833300 9.408333 329.350000
v 264.133300 9.349998 329.000000
v 257.366700 9.524994 357.466700
v 257.366700 9.524994 355.133300
v 257.250000 9.583328 355.366700
v 257.366700 9.524994 355.133300
v 257.016700 9.524994 355.133300
v 257.250000 9.583328 355.366700
v 243.016700 9.116661 340.083300
v 243.250000 9.116661 341.833300
v 248.733300 9.116661 341.833300
v 243.016700 9.116661 340.083300
v 248.733300 9.116661 341.833300
v 249.433300 9.116661 341.833300
v 255.966700 9.524994 355.133300
v 255.033300 9.524994 355.133300
v 255.150000 9.641663 355.366700
v 255.850000 9.641663 355.366700
v 268.800000 9.116661 328.533300
v 267.050000 9.466667 328.533300
v 266.466700 9.349998 329.116700
v 253.750000 9.583328 355.366700
v 253.983300 9.524994 355.133300
v 253.750000 9.524994 355.133300
v 247.100000 9.116661 342.300000
v 248.150000 9.116661 342.416700
v 248.733300 9.116661 341.833300
v 247.100000 9.116661 342.300000
v 248.733300 9.116661 341.833300
v 243.250000 9.116661 341.833300
v 243.600000 9.116661 342.300000
v 244.533300 9.116661 349.650000
v 241.966700 9.116661 349.650000
v 238.933300 9.116661 358.400000
v 253.750000 9.583328 358.400000
v 253.750000 9.583328 355.366700
v 242.783300 9.116661 329.350000
v 243.016700 9.116661 340.083300
v 249.433300 9.116661 341.833300
v 258.650000 9.116661 357.466700
v 260.633300 9.116661 358.400000
v 261.450000 9.116661 358.400000
v 248.266700 9.116661 343.466600
v 248.616700 9.116661 343.466600
v 248.266700 9.116661 343.116700
v 248.616700 9.116661 343.466600
v 248.266700 9.116661 343.466600
v 248.500000 9.116661 349.300000
v 249.433300 9.116661 343.466600
v 248.616700 9.116661 343.466600
v 248.500000 9.116661 349.300000
v 257.366700 9.524994 355.133300
v 257.366700 9.524994 357.466700
v 258.650000 9.116661 357.466700
v 242.783300 9.116661 329.350000
v 249.433300 9.116661 341.833300
v 249.900000 9.116661 342.416700
v 264.833300 9.408333 329.350000
v 258.650000 9.116661 357.466700
v 259.816700 9.116661 358.400000
v 260.633300 9.116661 358.400000
v 253.750000 9.583328 355.366700
v 253.750000 9.524994 355.133300
v 244.533300 9.116661 349.650000
v 265.766700 9.349998 329.350000
v 264.833300 9.408333 329.350000
v 249.900000 9.116661 342.416700
v 248.500000 9.116661 349.300000
v 248.266700 9.116661 349.533300
v 256.433300 9.116661 355.016700
v 241.616700 9.116661 348.716700
v 241.500000 9.116661 344.283300
v 238.933300 9.116661 344.400000
v 258.650000 9.116661 357.466700
v 259.466700 9.116661 358.400000
v 259.816700 9.116661 358.400000
v 244.533300 9.116661 349.650000
v 254.566700 9.116661 355.016700
v 254.916700 9.116661 355.016700
v 244.533300 9.116661 349.650000
v 254.916700 9.116661 355.016700
v 256.083300 9.116661 355.016700
v 244.533300 9.116661 349.650000
v 256.083300 9.116661 355.016700
v 256.433300 9.116661 355.016700
v 248.266700 9.116661 349.533300
v 244.533300 9.116661 349.650000
v 256.433300 9.116661 355.016700
v 249.900000 9.116661 342.883300
v 249.433300 9.116661 343.466600
v 248.500000 9.116661 349.300000
v 256.433300 9.116661 355.016700
v 268.800000 9.116661 328.533300
v 266.466700 9.349998 329.116700
v 265.766700 9.349998 329.350000
v 255.033300 9.524994 355.133300
v 255.966700 9.524994 355.133300
v 256.083300 9.116661 355.016700
v 254.916700 9.116661 355.016700
v 241.966700 9.116661 349.650000
v 241.616700 9.116661 348.716700
v 238.933300 9.116661 344.400000
v 238.933300 9.116661 358.400000
v 253.750000 9.524994 355.133300
v 253.983300 9.524994 355.133300
v 254.566700 9.116661 355.016700
v 244.533300 9.116661 349.650000
v 256.433300 9.116661 355.016700
v 257.016700 9.524994 355.133300
v 257.366700 9.524994 355.133300
v 249.900000 9.116661 342.416700
v 249.900000 9.116661 342.883300
v 257.366700 9.524994 355.133300
v 258.650000 9.116661 357.466700
v 261.450000 9.116661 358.400000
v 257.366700 9.524994 355.133300
v 261.450000 9.116661 358.400000
v 268.800000 9.116661 358.400000
v 268.800000 9.116661 328.533300
v 265.766700 9.349998 329.350000
v 249.900000 9.116661 342.416700
v 287.700000 9.116661 358.400000
v 290.850000 9.116661 358.400000
v 291.433300 9.116661 357.816700
v 291.433300 9.116661 357.816700
v 293.300000 9.116661 357.816700
v 293.533300 9.116661 357.466700
v 294.933300 9.116661 341.716600
v 294.933300 9.116661 341.250000
v 287.816700 9.116661 341.250000
v 287.583300 9.116661 341.716600
v 295.983300 9.116661 341.250000
v 294.933300 9.116661 341.250000
v 294.933300 9.116661 341.716600
v 294.933300 9.116661 341.716600
v 294.933300 9.116661 343.233300
v 295.983300 9.116661 343.233300
v 295.983300 9.116661 341.250000
v 294.700000 9.000000 343.466600
v 294.933300 9.116661 343.233300
v 294.933300 9.116661 341.716600
v 287.583300 9.116661 341.716600
v 294.933300 9.116661 356.066700
v 294.933300 9.174995 353.383300
v 294.700000 9.000000 353.150000
v 293.533300 9.116661 357.466700
v 284.550000 9.116661 357.466700
v 286.416700 9.116661 357.466700
v 294.700000 9.000000 351.750000
v 293.533300 9.116661 357.466700
v 294.700000 9.000000 353.150000
v 294.700000 9.000000 351.750000
v 286.416700 9.116661 357.466700
v 286.416700 9.116661 357.466700
v 287.350000 9.116661 358.400000
v 287.700000 9.116661 358.400000
v 291.433300 9.116661 357.816700
v 293.533300 9.116661 357.466700
v 294.700000 9.000000 344.866700
v 294.700000 9.000000 343.466600
v 287.583300 9.116661 341.716600
v 286.883300 9.116661 341.716600
v 295.750000 8.941666 345.566700
v 295.400000 9.116661 345.100000
v 294.700000 9.000000 344.866700
v 294.700000 9.000000 351.750000
v 295.750000 8.941666 351.166700
v 297.150000 8.241661 345.216700
v 296.683300 8.241661 345.100000
v 296.450000 8.299995 345.450000
v 296.450000 8.299995 351.166700
v 296.683300 8.241661 351.633300
v 297.150000 8.241661 351.516700
v 296.100000 8.416664 345.450000
v 296.100000 8.416664 351.166700
v 296.450000 8.299995 351.166700
v 296.450000 8.299995 345.450000
v 297.150000 8.241661 345.216700
v 297.150000 8.241661 351.516700
v 297.500000 7.774994 351.633300
v 297.500000 7.774994 345.100000
v 297.500000 7.774994 351.633300
v 298.550000 7.658333 351.516700
v 298.550000 7.658333 345.216700
v 297.500000 7.774994 345.100000
v 298.550000 7.658333 351.516700
v 298.666700 7.483330 351.516700
v 298.666700 7.483330 345.216700
v 298.550000 7.658333 345.216700
v 295.750000 8.941666 345.566700
v 295.750000 8.941666 351.166700
v 296.100000 8.416664 351.166700
v 296.100000 8.416664 345.450000
v 295.983300 9.116661 355.366700
v 295.983300 9.174995 353.383300
v 294.933300 9.174995 353.383300
v 294.933300 9.116661 356.066700
v 283.266700 9.116661 358.400000
v 283.733300 9.116661 358.283300
v 284.550000 9.116661 357.466700
v 281.633300 9.116661 358.400000
v 284.550000 9.116661 357.466700
v 286.883300 9.116661 341.716600
v 286.416700 9.116661 341.016700
v 280.816700 9.116661 358.400000
v 281.633300 9.116661 358.400000
v 284.550000 9.116661 357.466700
v 294.700000 9.000000 351.750000
v 294.700000 9.000000 344.866700
v 286.883300 9.116661 341.716600
v 284.550000 9.116661 357.466700
v 268.800000 9.116661 358.400000
v 280.816700 9.116661 358.400000
v 284.550000 9.116661 357.466700
v 286.416700 9.116661 341.016700
v 286.416700 9.116661 328.533300
v 268.800000 9.116661 328.533300
v 327.250000 4.333328 330.400000
v 326.316700 4.333328 328.533300
v 310.216600 4.333328 335.766700
v 309.633300 4.333328 328.533300
v 309.633300 4.333328 330.750000
v 310.216600 4.333328 330.983300
v 326.316700 4.333328 328.533300
v 310.216600 4.333328 335.766700
v 309.633300 4.333328 336.000000
v 309.633300 4.333328 341.133300
v 328.533300 4.333328 331.916700
v 327.250000 4.333328 330.400000
v 310.216600 4.333328 335.766700
v 309.633300 4.333328 341.133300
v 304.966600 4.333328 353.500000
v 303.566700 4.333328 353.500000
v 308.350000 4.333328 355.250000
v 326.316700 4.333328 328.533300
v 310.216600 4.333328 330.983300
v 310.216600 4.333328 335.766700
v 298.783300 4.391663 341.950000
v 307.883300 4.333328 341.950000
v 307.650000 4.333328 341.366700
v 298.783300 4.391663 341.366700
v 298.783300 4.391663 341.950000
v 298.783300 4.391663 343.233300
v 303.566700 4.508331 343.233300
v 307.883300 4.333328 341.950000
v 303.566700 4.333328 353.500000
v 302.516700 4.333328 353.500000
v 308.350000 4.333328 355.250000
v 307.883300 4.333328 341.950000
v 303.566700 4.508331 343.233300
v 304.850000 4.508331 343.233300
v 308.583300 4.333328 341.950000
v 298.783300 4.391663 343.233300
v 298.783300 4.391663 343.700000
v 303.333300 4.333328 343.700000
v 303.566700 4.508331 343.233300
v 304.850000 4.508331 345.100000
v 303.800000 5.033333 345.100000
v 303.800000 5.033333 351.516700
v 304.966600 4.333328 351.516700
v 308.583300 4.333328 341.950000
v 305.083300 4.333328 343.466600
v 305.083300 4.333328 344.866700
v 305.083300 4.333328 344.866700
v 304.850000 4.508331 345.100000
v 304.966600 4.333328 351.516700
v 305.200000 4.333328 351.750000
v 302.516700 4.333328 353.500000
v 303.566700 4.333328 353.500000
v 303.450000 4.508331 353.383300
v 302.050000 4.333328 353.383300
v 301.700000 4.333328 353.383300
v 298.783300 4.391663 353.383300
v 298.783300 4.391663 354.083300
v 308.583300 4.333328 341.950000
v 304.850000 4.508331 343.233300
v 305.083300 4.333328 343.466600
v 300.300000 6.491661 345.100000
v 300.300000 6.491661 351.633300
v 301.350000 6.375000 351.633300
v 301.350000 6.375000 345.100000
v 298.666700 7.483330 345.216700
v 298.666700 7.483330 351.516700
v 299.016700 7.074997 351.633300
v 299.016700 7.074997 345.100000
v 299.016700 7.074997 351.633300
v 299.950000 6.958328 351.516700
v 299.950000 6.958328 345.216700
v 299.016700 7.074997 345.100000
v 299.950000 6.958328 345.216700
v 299.950000 6.958328 351.516700
v 300.300000 6.491661 351.633300
v 300.300000 6.491661 345.100000
v 301.350000 6.375000 351.633300
v 301.700000 5.791664 351.633300
v 301.700000 5.791664 345.100000
v 301.350000 6.375000 345.100000
v 301.700000 5.791664 351.633300
v 302.633300 5.674995 351.516700
v 302.633300 5.674995 345.216700
v 301.700000 5.791664 345.100000
v 302.633300 5.674995 345.216700
v 302.633300 5.674995 351.516700
v 303.100000 5.149994 351.633300
v 303.100000 5.149994 345.100000
v 303.800000 5.033333 351.516700
v 303.800000 5.033333 345.100000
v 303.100000 5.149994 345.100000
v 303.100000 5.149994 351.633300
v 302.050000 4.333328 353.383300
v 303.450000 4.508331 353.383300
v 303.333300 4.333328 353.033300
v 301.700000 4.333328 353.383300
v 302.050000 4.333328 353.383300
v 303.333300 4.333328 353.033300
v 301.700000 4.333328 353.383300
v 303.333300 4.333328 353.033300
v 298.783300 4.391663 353.033300
v 298.783300 4.391663 353.383300
v 309.633300 4.333328 341.133300
v 308.933300 4.333328 341.366700
v 308.583300 4.333328 341.950000
v 305.200000 4.333328 353.266700
v 304.966600 4.333328 353.500000
v 308.350000 4.333328 355.250000
v 305.200000 4.333328 351.750000
v 305.200000 4.333328 353.266700
v 308.350000 4.333328 355.250000
v 309.633300 4.333328 341.133300
v 308.583300 4.333328 341.950000
v 305.083300 4.333328 344.866700
v 305.200000 4.333328 351.750000
v 308.350000 4.333328 355.250000
v 311.383300 4.333328 358.400000
v 309.633300 4.333328 341.133300
v 305.083300 4.333328 344.866700
v 305.200000 4.333328 351.750000
v 311.383300 4.333328 358.400000
v 328.533300 4.333328 358.400000
v 328.533300 4.333328 331.916700
v 357.466700 4.449997 342.766700
v 357.700000 4.508331 342.883300
v 357.816700 4.799995 342.650000
v 356.300000 4.333328 331.100000
v 356.883300 4.333328 331.100000
v 358.400000 4.333328 328.533300
v 356.300000 4.333328 331.100000
v 358.400000 4.333328 328.533300
v 348.600000 4.333328 328.533300
v 347.083300 4.333328 331.100000
v 357.116700 4.333328 333.900000
v 356.650000 4.333328 333.316700
v 355.833300 4.333328 333.200000
v 345.800000 4.333328 332.616700
v 344.166700 4.333328 333.900000
v 355.600000 4.333328 331.566700
v 356.300000 4.333328 331.100000
v 347.083300 4.333328 331.100000
v 355.483300 4.333328 332.616700
v 355.600000 4.333328 331.566700
v 347.083300 4.333328 331.100000
v 355.833300 4.333328 333.200000
v 355.483300 4.333328 332.616700
v 347.083300 4.333328 331.100000
v 345.800000 4.333328 332.616700
v 358.400000 4.333328 328.533300
v 356.883300 4.333328 331.100000
v 357.583300 4.333328 331.683300
v 357.583300 4.333328 331.683300
v 357.700000 4.333328 332.500000
v 358.166700 4.333328 332.966600
v 358.400000 4.333328 328.533300
v 358.400000 4.974998 342.650000
v 358.400000 5.033333 342.533300
v 357.933300 4.974998 342.416700
v 358.400000 5.033333 342.533300
v 358.400000 5.033333 342.300000
v 357.933300 4.974998 342.416700
v 358.400000 4.333328 358.400000
v 358.400000 4.391663 343.583300
v 357.816700 4.333328 343.350000
v 331.916700 4.333328 334.600000
v 330.400000 4.333328 333.666700
v 328.533300 4.333328 358.400000
v 330.400000 4.333328 333.666700
v 328.533300 4.333328 331.916700
v 328.533300 4.333328 358.400000
v 334.716600 4.333328 335.650000
v 331.916700 4.333328 334.600000
v 328.533300 4.333328 358.400000
v 356.883300 4.333328 342.650000
v 356.650000 4.333328 342.066700
v 355.483300 4.333328 341.016700
v 355.366700 4.333328 339.150000
v 355.600000 4.333328 337.400000
v 355.366700 4.333328 335.883300
v 338.450000 4.333328 335.883300
v 356.766700 4.333328 334.483300
v 357.116700 4.333328 333.900000
v 344.166700 4.333328 333.900000
v 343.233300 4.333328 334.483300
v 357.350000 4.333328 334.483300
v 357.700000 4.333328 333.900000
v 357.116700 4.333328 333.900000
v 356.766700 4.333328 334.483300
v 355.833300 4.333328 334.716600
v 356.650000 4.333328 334.716600
v 356.766700 4.333328 334.483300
v 343.233300 4.333328 334.483300
v 338.450000 4.333328 335.883300
v 355.366700 4.333328 335.883300
v 340.200000 4.333328 335.650000
v 355.600000 4.333328 334.950000
v 355.833300 4.333328 334.716600
v 343.233300 4.333328 334.483300
v 355.366700 4.333328 335.883300
v 355.600000 4.333328 334.950000
v 343.233300 4.333328 334.483300
v 340.200000 4.333328 335.650000
v 358.400000 4.333328 358.400000
v 356.883300 4.333328 342.650000
v 355.483300 4.333328 341.016700
v 336.466600 4.333328 335.883300
v 334.716600 4.333328 335.650000
v 328.533300 4.333328 358.400000
v 357.816700 4.333328 343.350000
v 357.700000 4.508331 342.883300
v 357.466700 4.449997 342.766700
v 356.883300 4.333328 342.650000
v 358.400000 4.333328 358.400000
v 355.483300 4.333328 341.016700
v 355.483300 4.333328 340.550000
v 355.366700 4.333328 339.150000
v 338.450000 4.333328 335.883300
v 336.466600 4.333328 335.883300
v 355.483300 4.333328 340.550000
v 356.066700 4.333328 339.966600
v 355.366700 4.333328 339.150000
v 355.366700 4.333328 339.150000
v 355.833300 4.741661 337.633300
v 355.600000 4.333328 337.400000
v 357.700000 4.333328 333.900000
v 357.350000 4.333328 334.483300
v 358.400000 4.333328 334.600000
v 358.050000 4.333328 333.550000
v 358.400000 4.333328 328.533300
v 358.166700 4.333328 332.966600
v 358.400000 4.333328 334.600000
v 358.166700 4.333328 332.966600
v 358.050000 4.333328 333.550000
v 358.400000 4.333328 334.600000
v 387.566700 8.358330 351.516700
v 387.800000 8.883331 351.400000
v 387.800000 8.883331 346.266700
v 387.566700 8.358330 346.150000
v 358.400000 4.333328 328.533300
v 358.750000 4.333328 329.583300
v 359.216700 4.333328 329.583300
v 359.216700 4.333328 329.583300
v 365.050000 4.333328 329.583300
v 365.050000 4.333328 328.533300
v 358.400000 4.333328 328.533300
v 387.800000 8.883331 346.266700
v 387.800000 8.883331 351.400000
v 388.266700 8.883331 351.633300
v 388.266700 8.883331 346.033300
v 359.800000 4.333328 332.850000
v 359.916700 4.333328 332.266700
v 359.333300 4.333328 332.266700
v 358.516700 4.333328 330.283300
v 358.750000 4.333328 329.583300
v 358.400000 4.333328 328.533300
v 360.966700 4.333328 334.483300
v 360.966700 4.333328 333.550000
v 360.266700 4.333328 333.550000
v 359.333300 4.333328 334.483300
v 387.100000 8.241661 346.150000
v 386.866700 8.241661 345.800000
v 386.516700 8.241661 345.916700
v 386.516700 8.241661 351.866700
v 386.866700 8.241661 351.983300
v 387.100000 8.241661 351.516700
v 387.100000 8.241661 351.516700
v 387.566700 8.358330 351.516700
v 387.566700 8.358330 346.150000
v 387.100000 8.241661 346.150000
v 358.866700 4.333328 334.483300
v 359.333300 4.333328 334.483300
v 360.266700 4.333328 333.550000
v 386.166700 7.716667 351.983300
v 386.516700 8.241661 351.866700
v 386.516700 8.241661 345.916700
v 386.166700 7.716667 345.800000
v 359.216700 4.333328 329.583300
v 359.333300 4.333328 329.700000
v 361.200000 4.333328 329.700000
v 359.216700 4.333328 329.583300
v 361.200000 4.333328 329.700000
v 361.783300 4.333328 329.700000
v 361.783300 4.333328 329.700000
v 365.050000 4.333328 329.700000
v 365.050000 4.333328 329.583300
v 359.216700 4.333328 329.583300
v 359.333300 4.333328 329.700000
v 359.450000 4.333328 330.050000
v 360.966700 4.333328 330.050000
v 361.200000 4.333328 329.700000
v 364.350000 4.333328 332.733300
v 365.633300 4.625000 332.733300
v 364.933300 4.333328 332.383300
v 361.666700 4.333328 332.033300
v 361.783300 4.333328 332.733300
v 362.133300 4.333328 332.733300
v 361.316700 4.449997 330.633300
v 361.316700 4.333328 331.800000
v 361.666700 4.333328 332.033300
v 362.016700 4.333328 330.400000
v 365.050000 4.333328 329.700000
v 361.783300 4.333328 329.700000
v 362.016700 4.333328 330.400000
v 362.016700 4.333328 330.400000
v 361.666700 4.333328 332.033300
v 362.133300 4.333328 332.733300
v 364.350000 4.333328 332.733300
v 364.933300 4.333328 332.383300
v 365.050000 4.333328 329.700000
v 362.133300 4.333328 332.733300
v 361.783300 4.333328 332.733300
v 361.666700 4.333328 333.083300
v 365.633300 4.625000 332.733300
v 364.350000 4.333328 332.733300
v 364.466700 4.333328 332.966600
v 365.516700 4.333328 332.966600
v 385.116700 7.599998 345.916700
v 385.116700 7.599998 351.866700
v 386.166700 7.716667 351.983300
v 386.166700 7.716667 345.800000
v 359.450000 4.333328 338.800000
v 359.683300 4.333328 338.916700
v 360.733300 4.333328 338.916700
v 360.966700 4.333328 334.483300
v 359.333300 4.333328 334.483300
v 359.566700 4.333328 334.716600
v 359.450000 4.333328 338.800000
v 360.733300 4.333328 338.916700
v 361.316700 4.333328 338.916700
v 361.316700 4.333328 336.233300
v 360.966700 4.333328 334.483300
v 359.566700 4.333328 334.716600
v 361.316700 4.333328 338.916700
v 362.016700 4.333328 338.916700
v 362.016700 4.333328 336.466600
v 361.316700 4.333328 336.233300
v 380.683300 4.333328 343.700000
v 380.800000 4.508331 338.450000
v 377.533300 4.566666 338.333300
v 371.233300 4.333328 343.466600
v 371.000000 4.333328 343.700000
v 377.533300 4.566666 338.333300
v 371.233300 4.566666 338.450000
v 371.233300 4.333328 343.466600
v 362.016700 4.333328 338.916700
v 361.316700 4.333328 338.916700
v 361.666700 4.333328 339.500000
v 362.016700 4.333328 339.500000
v 360.966700 5.266663 342.183300
v 360.850000 5.441666 341.950000
v 360.033300 5.266663 341.833300
v 359.566700 4.916664 342.183300
v 361.316700 4.858330 342.183300
v 361.550000 4.625000 342.183300
v 361.550000 4.625000 342.066700
v 362.016700 4.333328 342.183300
v 361.550000 4.625000 342.066700
v 361.550000 4.625000 342.183300
v 361.433300 4.625000 342.766700
v 361.316700 4.683334 343.000000
v 361.433300 4.333328 343.466600
v 362.016700 4.333328 342.183300
v 361.550000 4.625000 342.183300
v 361.433300 4.625000 342.766700
v 361.433300 4.333328 343.466600
v 362.016700 4.333328 343.466600
v 361.433300 4.333328 343.466600
v 361.200000 4.333328 343.700000
v 362.250000 4.333328 343.700000
v 362.016700 4.333328 343.466600
v 359.566700 4.916664 342.183300
v 359.216700 4.683334 342.650000
v 359.566700 4.974998 342.766700
v 359.800000 5.266663 342.766700
v 361.433300 4.625000 342.766700
v 361.550000 4.625000 342.183300
v 361.316700 4.858330 342.183300
v 361.083300 4.974998 342.766700
v 361.433300 4.625000 342.766700
v 361.316700 4.858330 342.183300
v 360.966700 5.266663 342.183300
v 360.500000 5.558334 342.766700
v 360.966700 5.266663 342.183300
v 359.566700 4.916664 342.183300
v 359.800000 5.266663 342.766700
v 360.733300 5.383331 342.766700
v 361.083300 4.974998 342.766700
v 360.966700 5.266663 342.183300
v 360.500000 5.558334 342.766700
v 360.733300 5.383331 342.766700
v 360.966700 5.266663 342.183300
v 358.983300 4.799995 343.000000
v 359.100000 4.625000 342.883300
v 359.100000 4.625000 342.766700
v 358.633300 4.625000 343.350000
v 358.983300 4.683334 343.116700
v 358.983300 4.799995 343.000000
v 358.400000 4.974998 342.650000
v 358.633300 4.625000 343.350000
v 358.983300 4.799995 343.000000
v 359.100000 4.625000 342.766700
v 358.400000 5.033333 342.533300
v 361.316700 4.683334 343.000000
v 361.433300 4.625000 342.766700
v 361.083300 4.974998 342.766700
v 358.400000 4.333328 334.600000
v 358.633300 4.333328 330.866700
v 358.516700 4.333328 330.283300
v 358.983300 4.683334 343.116700
v 358.633300 4.625000 343.350000
v 358.633300 4.391663 343.583300
v 359.333300 4.333328 343.700000
v 358.400000 4.333328 334.600000
v 358.516700 4.333328 330.283300
v 358.400000 4.333328 328.533300
v 358.400000 4.391663 343.583300
v 358.633300 4.391663 343.583300
v 358.633300 4.625000 343.350000
v 362.250000 4.333328 343.700000
v 361.200000 4.333328 343.700000
v 360.733300 4.333328 343.816700
v 380.683300 4.333328 343.816700
v 380.683300 4.333328 343.700000
v 371.000000 4.333328 343.700000
v 360.733300 4.333328 343.816700
v 380.683300 4.333328 343.816700
v 371.000000 4.333328 343.700000
v 362.250000 4.333328 343.700000
v 379.983300 4.333328 343.933300
v 380.683300 4.333328 343.933300
v 380.683300 4.333328 343.816700
v 359.100000 4.333328 332.033300
v 359.100000 4.333328 331.100000
v 358.633300 4.333328 330.866700
v 358.400000 4.333328 334.600000
v 378.700000 4.333328 343.933300
v 379.983300 4.333328 343.933300
v 380.683300 4.333328 343.816700
v 359.800000 4.333328 332.850000
v 359.333300 4.333328 332.266700
v 359.100000 4.333328 332.033300
v 358.400000 4.333328 334.600000
v 358.866700 4.333328 334.483300
v 360.266700 4.333328 333.550000
v 384.650000 7.016663 351.983300
v 385.116700 7.599998 351.866700
v 385.116700 7.599998 345.916700
v 384.650000 7.016663 345.800000
v 374.500000 4.333328 355.366700
v 379.633300 4.333328 353.850000
v 378.700000 4.333328 353.733300
v 374.500000 4.333328 355.366700
v 378.700000 4.333328 353.733300
v 378.466700 4.333328 353.500000
v 374.500000 4.333328 355.366700
v 378.466700 4.333328 353.500000
v 378.466700 4.333328 352.100000
v 374.500000 4.333328 355.366700
v 378.466700 4.333328 352.100000
v 378.700000 4.449997 351.866700
v 378.700000 4.333328 345.916700
v 378.466700 4.333328 345.683300
v 378.700000 4.449997 351.866700
v 379.750000 5.033333 351.866700
v 379.750000 5.033333 345.916700
v 378.700000 4.333328 345.916700
v 383.716700 6.899994 351.866700
v 384.650000 7.016663 351.983300
v 384.650000 7.016663 345.800000
v 383.716700 6.899994 345.800000
v 383.716700 6.899994 351.866700
v 383.716700 6.899994 345.800000
v 383.366700 6.433334 345.800000
v 383.366700 6.433334 351.983300
v 380.683300 4.333328 343.933300
v 379.983300 4.333328 343.933300
v 380.216700 4.333328 344.400000
v 380.800000 4.333328 344.400000
v 379.750000 5.033333 345.916700
v 379.750000 5.033333 351.866700
v 380.566700 5.149994 351.983300
v 380.566700 5.149994 345.800000
v 380.566700 5.149994 351.983300
v 380.916700 5.616661 351.866700
v 380.916700 5.616661 345.916700
v 380.566700 5.149994 345.800000
v 380.916700 5.616661 345.916700
v 380.916700 5.616661 351.866700
v 381.966700 5.791664 351.983300
v 381.966700 5.791664 345.800000
v 381.966700 5.791664 351.983300
v 382.316700 6.316666 351.866700
v 382.316700 6.316666 345.916700
v 381.966700 5.791664 345.800000
v 382.316700 6.316666 345.916700
v 382.316700 6.316666 351.866700
v 383.366700 6.433334 351.983300
v 383.366700 6.433334 345.800000
v 359.333300 4.333328 343.700000
v 358.633300 4.391663 343.583300
v 358.400000 4.391663 343.583300
v 360.033300 4.333328 343.816700
v 359.333300 4.333328 343.700000
v 358.400000 4.391663 343.583300
v 358.400000 4.333328 358.400000
v 374.500000 4.333328 355.366700
v 378.466700 4.333328 345.683300
v 378.466700 4.333328 344.166700
v 378.700000 4.333328 343.933300
v 380.683300 4.333328 343.816700
v 360.733300 4.333328 343.816700
v 360.733300 4.333328 343.816700
v 360.033300 4.333328 343.816700
v 358.400000 4.333328 358.400000
v 371.700000 4.333328 358.400000
v 374.500000 4.333328 355.366700
v 378.466700 4.333328 344.166700
v 378.466700 4.333328 344.166700
v 378.700000 4.333328 343.933300
v 360.733300 4.333328 343.816700
v 388.266700 9.233330 328.533300
v 388.266700 9.233330 330.866700
v 389.316700 9.233330 330.866700
v 388.266700 9.233330 328.533300
v 389.316700 9.233330 330.866700
v 390.016700 9.233330 330.866700
v 393.516700 9.233330 330.866700
v 396.083300 9.116661 330.866700
v 396.083300 9.116661 328.533300
v 392.816700 9.233330 330.866700
v 393.516700 9.233330 330.866700
v 396.083300 9.116661 328.533300
v 392.816700 9.233330 330.866700
v 396.083300 9.116661 328.533300
v 388.266700 9.233330 328.533300
v 390.016700 9.233330 330.866700
v 396.083300 9.116661 330.866700
v 396.083300 9.116661 331.100000
v 396.550000 9.116661 331.333300
v 396.550000 9.116661 331.333300
v 396.550000 9.116661 332.616700
v 396.783300 9.116661 332.733300
v 418.133300 9.116661 328.533300
v 396.083300 9.116661 328.533300
v 396.083300 9.116661 330.866700
v 396.550000 9.116661 331.333300
v 418.133300 9.116661 328.533300
v 389.316700 9.000000 352.450000
v 389.316700 9.000000 357.350000
v 389.783300 9.116661 357.700000
v 397.833300 9.116661 357.700000
v 389.316700 9.000000 345.333300
v 389.083300 8.941666 345.566700
v 389.083300 8.941666 352.216700
v 389.316700 9.000000 352.450000
v 396.316700 9.116661 344.516700
v 396.316700 9.116661 344.516700
v 389.316700 9.000000 344.516700
v 389.316700 9.000000 345.333300
v 397.016700 9.116661 358.400000
v 397.716700 9.116661 357.816700
v 392.816700 9.116661 357.816700
v 393.400000 9.116661 358.400000
v 396.550000 9.116661 344.283300
v 396.316700 9.116661 344.516700
v 389.316700 9.000000 352.450000
v 397.833300 9.116661 357.700000
v 399.816700 9.116661 357.700000
v 388.266700 9.233330 330.866700
v 388.266700 9.233330 331.100000
v 389.200000 9.233330 331.100000
v 389.316700 9.233330 330.866700
v 396.083300 9.116661 330.866700
v 393.516700 9.233330 330.866700
v 393.633300 9.233330 331.100000
v 396.083300 9.116661 331.100000
v 388.266700 8.883331 346.033300
v 388.266700 8.883331 351.633300
v 388.733300 8.883331 351.750000
v 388.733300 8.883331 351.750000
v 389.083300 8.941666 352.216700
v 389.083300 8.941666 345.566700
v 388.266700 8.883331 346.033300
v 389.783300 9.116661 357.700000
v 389.900000 9.116661 357.816700
v 390.716700 9.116661 357.816700
v 389.783300 9.116661 357.700000
v 390.716700 9.116661 357.816700
v 392.816700 9.116661 357.816700
v 392.816700 9.116661 357.816700
v 397.716700 9.116661 357.816700
v 397.833300 9.116661 357.700000
v 389.783300 9.116661 357.700000
v 390.716700 9.116661 357.816700
v 389.900000 9.116661 357.816700
v 390.250000 9.116661 358.283300
v 399.816700 9.116661 357.700000
v 400.166700 9.116661 358.166700
v 400.750000 9.116661 358.400000
v 396.550000 9.116661 344.283300
v 399.816700 9.116661 357.700000
v 400.750000 9.116661 358.400000
v 418.133300 9.116661 358.400000
v 418.133300 9.116661 328.533300
v 396.783300 9.116661 332.733300
v 445.083300 9.116661 334.716600
v 445.550000 9.116661 333.900000
v 448.000000 9.116661 328.533300
v 418.133300 9.116661 328.533300
v 445.550000 9.116661 333.900000
v 446.366700 9.116661 333.900000
v 448.000000 9.116661 328.533300
v 445.316700 9.116661 347.666700
v 445.316700 9.116661 346.500000
v 444.733300 9.116661 338.100000
v 418.133300 9.116661 328.533300
v 418.133300 9.116661 358.400000
v 425.600000 9.116661 357.700000
v 447.183300 9.116661 344.166700
v 448.000000 9.116661 344.283300
v 448.000000 9.116661 343.466600
v 446.833300 9.116661 342.416700
v 446.833300 9.116661 342.416700
v 446.716700 9.116661 341.833300
v 446.250000 9.116661 341.483300
v 418.133300 9.116661 358.400000
v 424.783300 9.116661 358.400000
v 425.600000 9.116661 357.700000
v 447.183300 9.116661 344.166700
v 446.833300 9.116661 342.416700
v 446.250000 9.116661 341.483300
v 424.783300 9.116661 358.400000
v 425.016700 9.116661 358.400000
v 425.600000 9.116661 357.700000
v 446.250000 9.116661 341.483300
v 445.550000 9.116661 339.150000
v 444.733300 9.116661 338.100000
v 446.133300 9.116661 344.983300
v 447.183300 9.116661 344.166700
v 446.250000 9.116661 341.483300
v 448.000000 9.116661 328.533300
v 446.600000 9.116661 334.133300
v 446.600000 9.116661 335.183300
v 448.000000 9.116661 341.483300
v 446.600000 9.116661 335.183300
v 446.483300 9.116661 337.633300
v 448.000000 9.116661 341.483300
v 446.600000 9.116661 335.183300
v 446.250000 9.116661 337.516700
v 446.483300 9.116661 337.633300
v 444.733300 9.116661 338.100000
v 445.200000 9.116661 335.416700
v 445.083300 9.116661 334.716600
v 418.133300 9.116661 328.533300
v 448.000000 9.116661 328.533300
v 446.366700 9.116661 333.900000
v 446.600000 9.116661 334.133300
v 445.316700 9.116661 346.500000
v 445.900000 9.116661 345.800000
v 446.133300 9.116661 344.983300
v 445.316700 9.116661 346.500000
v 446.133300 9.116661 344.983300
v 446.250000 9.116661 341.483300
v 444.733300 9.116661 338.100000
v 425.600000 9.116661 357.700000
v 427.350000 9.116661 357.700000
v 445.316700 9.116661 347.666700
v 446.483300 9.116661 347.783300
v 447.416700 9.116661 347.783300
v 446.716700 9.116661 347.316700
v 447.416700 9.116661 347.783300
v 446.483300 9.116661 347.783300
v 446.250000 9.116661 348.016700
v 448.000000 9.116661 358.400000
v 448.000000 9.116661 358.400000
v 448.000000 9.116661 347.666700
v 447.416700 9.116661 347.783300
v 448.000000 9.116661 358.400000
v 445.783300 9.116661 348.016700
v 445.316700 9.116661 347.666700
v 427.350000 9.116661 357.700000
v 428.050000 9.116661 358.400000
v 448.000000 9.116661 358.400000
v 446.250000 9.116661 348.016700
v 445.783300 9.116661 348.016700
v 448.000000 9.116661 341.483300
v 449.750000 9.116661 343.583300
v 450.333300 9.116661 343.583300
v 450.333300 9.116661 343.583300
v 451.850000 9.116661 344.166700
v 453.716700 9.116661 344.166700
v 450.333300 9.116661 343.583300
v 453.716700 9.116661 344.166700
v 454.883300 9.058334 344.166700
v 450.333300 9.116661 343.583300
v 454.883300 9.058334 344.166700
v 457.333300 9.058334 344.166700
v 450.333300 9.116661 343.583300
v 457.333300 9.058334 344.166700
v 458.033300 9.116661 344.166700
v 450.333300 9.116661 343.583300
v 458.033300 9.116661 344.166700
v 459.200000 9.174995 344.166700
v 459.316700 9.466667 328.533300
v 448.000000 9.116661 328.533300
v 448.000000 9.116661 341.483300
v 448.000000 9.116661 343.466600
v 448.000000 9.116661 344.283300
v 448.233300 9.116661 344.516700
v 449.516700 9.116661 345.100000
v 448.233300 9.116661 344.516700
v 448.116700 9.116661 345.100000
v 449.516700 9.116661 345.100000
v 453.716700 9.116661 344.166700
v 451.850000 9.116661 344.166700
v 453.250000 9.116661 344.866700
v 453.483300 9.116661 344.866700
v 459.200000 9.174995 344.166700
v 458.033300 9.116661 344.166700
v 458.266700 9.116661 344.400000
v 458.266700 9.116661 345.216700
v 457.800000 9.058334 345.683300
v 459.200000 9.174995 345.683300
v 459.200000 9.174995 344.166700
v 458.266700 9.116661 344.400000
v 458.266700 9.116661 345.216700
v 459.200000 9.174995 345.683300
v 448.116700 9.116661 345.100000
v 448.000000 9.116661 345.216700
v 448.000000 9.116661 345.450000
v 448.816700 9.116661 346.150000
v 449.516700 9.116661 345.100000
v 449.983300 9.116661 345.100000
v 449.516700 9.116661 345.100000
v 448.816700 9.116661 346.150000
v 450.216700 9.116661 345.100000
v 449.983300 9.116661 345.100000
v 448.816700 9.116661 346.150000
v 452.900000 9.116661 346.150000
v 451.733300 9.116661 345.450000
v 455.000000 9.116661 345.683300
v 454.066700 9.116661 345.683300
v 453.600000 9.116661 346.150000
v 459.316700 9.174995 346.150000
v 459.200000 9.174995 345.683300
v 457.800000 9.058334 345.683300
v 459.316700 9.174995 346.150000
v 457.800000 9.058334 345.683300
v 456.750000 9.000000 345.683300
v 453.600000 9.116661 346.150000
v 459.316700 9.174995 346.150000
v 456.750000 9.000000 345.683300
v 455.000000 9.116661 345.683300
v 460.250000 9.174995 346.266700
v 461.766700 9.233330 346.266700
v 461.650000 9.233330 346.033300
v 460.366700 9.174995 346.033300
v 452.900000 9.116661 346.150000
v 448.816700 9.116661 346.150000
v 448.816700 9.116661 346.266700
v 453.600000 9.116661 346.150000
v 452.900000 9.116661 346.150000
v 448.816700 9.116661 346.266700
v 459.433300 9.174995 346.266700
v 459.316700 9.174995 346.150000
v 453.600000 9.116661 346.150000
v 448.816700 9.116661 346.266700
v 462.466700 9.174995 347.783300
v 462.700000 9.291664 346.150000
v 461.766700 9.233330 346.266700
v 462.466700 9.174995 347.783300
v 461.766700 9.233330 346.266700
v 460.250000 9.174995 346.266700
v 462.466700 9.174995 347.783300
v 460.250000 9.174995 346.266700
v 459.433300 9.174995 346.266700
v 463.400000 9.233330 350.816700
v 459.433300 9.174995 346.266700
v 448.816700 9.116661 346.266700
v 448.000000 9.116661 347.666700
v 448.000000 9.116661 358.400000
v 464.800000 9.291664 358.400000
v 463.400000 9.233330 350.816700
v 464.800000 9.291664 358.400000
v 464.800000 9.349998 352.100000
v 463.400000 9.233330 350.816700
v 211.633300 32.041660 358.400000
v 211.516700 32.041660 358.400000
v 211.516700 32.041660 371.700000
v 212.450000 32.100000 361.900000
v 217.233300 32.508330 361.900000
v 216.883300 32.508330 361.550000
v 216.883300 32.508330 361.550000
v 216.883300 32.333330 358.400000
v 212.450000 32.100000 358.400000
v 212.450000 32.100000 361.900000
v 235.083300 9.116661 358.516700
v 238.933300 9.116661 358.516700
v 238.933300 9.116661 358.400000
v 218.750000 10.108330 358.400000
v 218.750000 10.108330 358.400000
v 218.750000 10.050000 360.733300
v 222.250000 9.058334 360.033300
v 218.750000 10.108330 358.400000
v 222.250000 9.058334 360.033300
v 227.500000 9.174995 359.566700
v 235.083300 9.116661 358.516700
v 236.133300 32.216670 361.083300
v 236.133300 32.625000 359.916700
v 235.433300 32.625000 359.916700
v 217.816700 32.508330 361.900000
v 220.266700 33.208330 378.466700
v 211.983300 33.266660 378.466700
v 219.216700 33.208330 378.700000
v 217.816700 32.508330 361.900000
v 236.366700 32.274990 361.316700
v 236.133300 32.216670 361.083300
v 217.233300 32.508330 361.900000
v 212.450000 32.100000 361.900000
v 212.450000 32.100000 369.950000
v 217.233300 32.216670 369.950000
v 213.966700 33.208330 380.450000
v 214.666700 33.208330 380.683300
v 217.000000 33.208330 380.566700
v 219.216700 33.208330 378.700000
v 211.983300 33.266660 378.466700
v 217.233300 32.508330 361.900000
v 217.233300 32.216670 369.950000
v 217.700000 31.925000 369.950000
v 217.816700 32.508330 361.900000
v 212.450000 32.100000 369.950000
v 212.450000 32.100000 371.116700
v 213.500000 32.100000 370.300000
v 217.233300 32.216670 369.950000
v 212.450000 32.100000 369.950000
v 213.500000 32.100000 370.300000
v 222.366700 32.041660 370.416700
v 222.600000 32.041660 370.650000
v 224.933300 32.041660 370.650000
v 222.366700 32.041660 370.416700
v 224.933300 32.041660 370.650000
v 225.283300 32.100000 370.650000
v 237.183300 32.916660 380.216700
v 231.466700 32.916660 378.233300
v 231.583300 32.683330 381.733300
v 235.783300 32.683330 383.950000
v 224.700000 32.450000 371.233300
v 224.933300 32.041660 370.650000
v 222.600000 32.041660 370.650000
v 222.366700 32.450000 371.233300
v 217.700000 31.925000 369.950000
v 222.366700 32.041660 370.416700
v 225.283300 32.100000 370.650000
v 226.216700 32.100000 371.000000
v 225.983300 32.508330 371.583300
v 236.366700 32.274990 371.583300
v 217.000000 33.208330 370.883300
v 215.833300 33.208330 370.883300
v 213.733300 33.149990 371.116700
v 212.450000 33.208330 372.050000
v 221.200000 33.208330 375.316700
v 220.966700 33.149990 374.033300
v 219.566700 33.149990 372.050000
v 217.000000 33.208330 370.883300
v 221.783300 32.800000 375.783300
v 221.200000 33.208330 375.316700
v 221.083300 33.149990 378.233300
v 221.433300 33.149990 378.233300
v 221.433300 33.149990 378.233300
v 231.466700 32.916660 378.233300
v 227.733300 32.916660 376.716700
v 221.783300 32.800000 375.783300
v 212.450000 33.208330 372.050000
v 211.516700 33.266660 375.666700
v 211.866700 33.266660 378.233300
v 221.083300 33.149990 378.233300
v 221.200000 33.208330 375.316700
v 217.000000 33.208330 370.883300
v 219.800000 32.450000 371.233300
v 221.083300 32.450000 371.233300
v 219.333300 32.450000 371.000000
v 221.083300 32.450000 371.233300
v 219.800000 32.450000 371.233300
v 222.833300 32.450000 371.583300
v 222.366700 32.450000 371.233300
v 221.083300 32.450000 371.233300
v 222.833300 32.450000 371.583300
v 222.833300 32.450000 371.583300
v 225.050000 32.508330 371.583300
v 224.700000 32.450000 371.233300
v 222.366700 32.450000 371.233300
v 235.433300 32.625000 372.983300
v 236.133300 32.625000 372.983300
v 236.133300 32.216670 371.816700
v 225.983300 32.508330 371.583300
v 225.050000 32.508330 371.583300
v 236.133300 32.216670 371.816700
v 236.366700 32.274990 371.583300
v 225.983300 32.508330 371.583300
v 225.050000 32.508330 371.583300
v 222.833300 32.450000 371.583300
v 235.433300 32.625000 372.983300
v 221.783300 9.408333 372.633300
v 221.783300 9.408333 372.866700
v 222.366700 9.291664 372.983300
v 230.883300 9.116661 374.383300
v 235.083300 9.116661 374.383300
v 238.933300 9.116661 377.416700
v 238.933300 9.116661 374.383300
v 235.083300 9.116661 374.383300
v 230.883300 9.116661 374.383300
v 238.933300 9.116661 377.416700
v 235.083300 9.116661 374.383300
v 220.266700 33.208330 378.466700
v 220.850000 33.208330 378.583300
v 221.083300 33.149990 378.233300
v 220.266700 33.208330 378.466700
v 221.083300 33.149990 378.233300
v 211.866700 33.266660 378.233300
v 211.983300 33.266660 378.466700
v 235.783300 32.683330 383.950000
v 238.933300 32.625000 386.283300
v 238.933300 32.916660 381.500000
v 237.183300 32.916660 380.216700
v 231.466700 32.916660 378.233300
v 226.216700 32.683330 379.750000
v 231.583300 32.683330 381.733300
v 221.433300 33.149990 378.233300
v 221.666700 32.625000 378.700000
v 226.216700 32.683330 379.750000
v 231.466700 32.916660 378.233300
v 236.366700 32.274990 371.583300
v 238.933300 33.500000 371.583300
v 238.933300 33.500000 361.316700
v 236.366700 32.274990 361.316700
v 217.816700 32.508330 361.900000
v 217.700000 31.925000 369.950000
v 225.283300 32.100000 370.650000
v 236.366700 32.274990 371.583300
v 236.366700 32.274990 361.316700
v 225.283300 32.100000 370.650000
v 226.216700 32.100000 371.000000
v 236.366700 32.274990 371.583300
v 238.933300 9.116661 358.516700
v 253.750000 9.583328 358.400000
v 238.933300 9.116661 358.400000
v 241.150000 32.625000 388.266700
v 246.750000 32.916660 388.266700
v 243.833300 32.916660 384.883300
v 238.933300 32.916660 381.500000
v 238.933300 32.625000 386.283300
v 268.800000 9.116661 358.400000
v 261.450000 9.116661 358.400000
v 262.500000 9.116661 359.800000
v 250.366700 9.116661 386.750000
v 251.183300 9.116661 388.266700
v 268.800000 9.116661 388.266700
v 247.333300 9.116661 379.166700
v 246.050000 9.116661 379.166700
v 245.933300 9.116661 379.283300
v 238.933300 33.500000 371.583300
v 268.800000 48.550000 371.583300
v 268.800000 48.550000 361.316700
v 238.933300 33.500000 361.316700
v 243.600000 9.116661 374.850000
v 246.050000 9.116661 374.733300
v 238.933300 9.116661 374.383300
v 247.566700 9.116661 374.733300
v 256.316700 9.116661 374.733300
v 255.966700 9.116661 374.383300
v 247.566700 9.116661 374.733300
v 255.966700 9.116661 374.383300
v 238.933300 9.116661 374.383300
v 246.050000 9.116661 374.733300
v 244.533300 9.116661 374.850000
v 245.933300 9.116661 374.850000
v 246.050000 9.116661 374.733300
v 243.600000 9.116661 374.850000
v 244.533300 9.116661 374.850000
v 246.050000 9.116661 374.733300
v 238.933300 9.116661 374.383300
v 238.933300 9.116661 377.416700
v 239.983300 9.116661 377.883300
v 243.366700 9.116661 375.083300
v 243.600000 9.116661 374.850000
v 247.800000 9.116661 375.433300
v 256.900000 9.116661 375.433300
v 256.316700 9.116661 374.733300
v 247.566700 9.116661 374.733300
v 241.966700 9.116661 379.283300
v 243.600000 9.116661 379.283300
v 243.366700 9.116661 379.050000
v 243.600000 9.116661 379.283300
v 241.966700 9.116661 379.283300
v 246.633300 9.116661 382.550000
v 239.983300 9.116661 377.883300
v 241.966700 9.116661 379.283300
v 243.366700 9.116661 379.050000
v 243.366700 9.116661 375.083300
v 244.766700 9.583328 375.200000
v 245.700000 9.641663 375.200000
v 245.933300 9.116661 374.850000
v 244.533300 9.116661 374.850000
v 247.800000 9.116661 375.433300
v 247.683300 9.116661 377.533300
v 247.916700 9.116661 377.650000
v 256.900000 9.116661 375.433300
v 245.933300 9.116661 379.283300
v 243.600000 9.116661 379.283300
v 246.633300 9.116661 382.550000
v 256.900000 9.116661 375.433300
v 247.916700 9.116661 377.650000
v 247.916700 9.116661 378.933300
v 247.683300 9.116661 379.166700
v 247.333300 9.116661 379.166700
v 245.933300 9.116661 379.283300
v 246.400000 9.641663 378.816700
v 246.166700 9.641663 378.816700
v 246.050000 9.116661 379.166700
v 247.333300 9.116661 379.166700
v 247.100000 9.583328 378.816700
v 246.400000 9.641663 378.816700
v 246.050000 9.116661 379.166700
v 261.450000 9.116661 374.383300
v 259.700000 9.116661 374.383300
v 258.533300 9.116661 375.433300
v 250.366700 9.116661 386.750000
v 268.800000 9.116661 388.266700
v 247.683300 9.116661 379.166700
v 245.933300 9.116661 379.283300
v 246.633300 9.116661 382.550000
v 247.916700 9.116661 378.933300
v 247.683300 9.116661 379.166700
v 246.633300 9.116661 382.550000
v 250.366700 9.116661 386.750000
v 258.533300 9.116661 375.433300
v 256.900000 9.116661 375.433300
v 268.800000 9.116661 358.400000
v 262.500000 9.116661 359.800000
v 262.500000 9.116661 373.216700
v 268.800000 9.116661 388.266700
v 268.800000 9.116661 388.266700
v 262.500000 9.116661 373.216700
v 261.450000 9.116661 374.383300
v 295.050000 9.116661 377.183300
v 286.416700 9.116661 375.433300
v 284.550000 9.116661 375.433300
v 279.766700 9.116661 359.683300
v 280.816700 9.116661 358.400000
v 268.800000 9.116661 358.400000
v 295.050000 9.116661 377.183300
v 293.416700 9.116661 375.433300
v 286.416700 9.116661 375.433300
v 286.416700 9.116661 375.433300
v 293.416700 9.116661 375.433300
v 291.433300 9.116661 375.316700
v 290.850000 9.116661 358.400000
v 287.700000 9.116661 358.400000
v 288.983300 9.116661 358.633300
v 290.733300 9.116661 358.633300
v 283.383300 51.466660 370.416700
v 283.850000 51.466660 370.300000
v 284.083300 51.466660 369.716700
v 284.200000 51.466660 362.716700
v 292.133300 51.466660 366.216700
v 292.716600 51.466660 364.350000
v 292.716600 51.466660 363.300000
v 284.200000 51.466660 362.716700
v 274.983300 51.466660 361.316700
v 268.800000 48.550000 361.316700
v 268.800000 48.550000 371.583300
v 274.983300 51.466660 371.583300
v 283.383300 51.466660 370.416700
v 284.200000 51.466660 362.716700
v 284.083300 51.466660 369.716700
v 292.483300 51.466660 368.550000
v 292.133300 51.466660 366.216700
v 284.200000 51.466660 362.716700
v 291.433300 9.116661 375.316700
v 290.850000 9.116661 374.383300
v 287.700000 9.116661 374.383300
v 286.416700 9.116661 375.433300
v 284.550000 9.116661 375.433300
v 283.266700 9.116661 374.383300
v 280.700000 9.116661 374.383300
v 268.800000 9.116661 388.266700
v 298.666700 9.116661 388.266700
v 298.666700 9.116661 388.266700
v 298.666700 9.116661 378.233300
v 295.050000 9.116661 377.183300
v 284.550000 9.116661 375.433300
v 279.766700 9.116661 373.216700
v 279.766700 9.116661 359.683300
v 268.800000 9.116661 358.400000
v 268.800000 9.116661 388.266700
v 280.700000 9.116661 374.383300
v 279.766700 9.116661 373.216700
v 268.800000 9.116661 388.266700
v 303.333300 9.116661 388.266700
v 301.700000 9.116661 378.933300
v 300.883300 9.116661 378.933300
v 298.666700 9.116661 388.266700
v 314.650000 4.333328 367.033300
v 313.950000 4.333328 369.366700
v 325.500000 4.333328 369.366700
v 328.300000 4.333328 369.366700
v 327.716600 4.625000 368.083300
v 326.783300 4.625000 367.383300
v 325.500000 4.333328 369.366700
v 313.133300 4.333328 360.266700
v 314.300000 4.333328 365.050000
v 326.433300 4.566666 365.400000
v 325.500000 4.333328 369.366700
v 326.783300 4.625000 367.383300
v 326.433300 4.683334 366.683300
v 325.500000 4.333328 369.366700
v 326.433300 4.683334 366.683300
v 326.433300 4.566666 365.400000
v 314.300000 4.333328 365.050000
v 314.650000 4.333328 367.033300
v 327.833300 4.683334 364.116700
v 328.533300 4.683334 364.116700
v 328.533300 4.333328 358.400000
v 327.133300 4.625000 364.466700
v 327.833300 4.683334 364.116700
v 328.533300 4.333328 358.400000
v 326.433300 4.566666 365.400000
v 327.133300 4.625000 364.466700
v 328.533300 4.333328 358.400000
v 311.383300 4.333328 358.400000
v 313.133300 4.333328 360.266700
v 313.950000 4.333328 369.366700
v 313.133300 4.333328 371.933300
v 324.216600 4.333328 371.466700
v 325.500000 4.333328 369.366700
v 300.883300 9.116661 378.933300
v 298.666700 9.116661 378.933300
v 298.666700 9.116661 388.266700
v 298.666700 9.116661 378.933300
v 300.883300 9.116661 378.933300
v 298.666700 9.116661 378.233300
v 303.100000 9.116661 378.933300
v 303.100000 9.116661 378.583300
v 302.633300 9.116661 378.583300
v 301.700000 9.116661 378.933300
v 303.333300 9.116661 388.266700
v 303.100000 9.116661 378.933300
v 301.700000 9.116661 378.933300
v 328.533300 4.683334 368.083300
v 327.716600 4.625000 368.083300
v 328.300000 4.333328 369.366700
v 328.533300 4.333328 369.483300
v 354.200000 4.566666 363.183300
v 355.016700 4.508331 362.716700
v 358.400000 4.333328 358.400000
v 328.533300 4.333328 358.400000
v 329.116700 4.625000 364.116700
v 332.383300 4.333328 365.983300
v 355.016700 4.508331 362.716700
v 356.183300 4.508331 362.716700
v 358.400000 4.333328 358.400000
v 357.700000 4.333328 369.250000
v 357.466700 4.333328 369.250000
v 357.816700 4.333328 369.716700
v 357.933300 4.333328 369.366700
v 352.800000 4.333328 365.983300
v 353.966700 4.625000 365.983300
v 353.616700 4.566666 365.283300
v 330.400000 4.625000 365.400000
v 330.400000 4.683334 365.983300
v 331.450000 4.333328 365.983300
v 342.533300 4.333328 369.250000
v 342.766700 4.333328 369.483300
v 353.266700 4.333328 370.300000
v 354.550000 4.333328 369.250000
v 351.983300 4.333328 365.983300
v 352.800000 4.333328 365.983300
v 353.616700 4.566666 365.283300
v 353.616700 4.508331 364.116700
v 330.400000 4.625000 365.400000
v 331.450000 4.333328 365.983300
v 332.383300 4.333328 365.983300
v 342.766700 4.333328 369.483300
v 342.766700 4.333328 370.300000
v 353.266700 4.333328 370.300000
v 351.983300 4.333328 365.983300
v 353.616700 4.508331 364.116700
v 354.200000 4.566666 363.183300
v 332.383300 4.333328 365.983300
v 329.466600 4.333328 370.300000
v 340.433300 4.333328 370.300000
v 340.433300 4.333328 369.483300
v 328.533300 4.333328 358.400000
v 328.533300 4.683334 364.116700
v 329.116700 4.625000 364.116700
v 358.400000 4.333328 358.400000
v 356.183300 4.508331 362.716700
v 357.350000 4.625000 363.533300
v 329.700000 4.625000 364.466700
v 330.400000 4.625000 365.400000
v 332.383300 4.333328 365.983300
v 357.350000 4.625000 363.533300
v 357.700000 4.508331 364.933300
v 358.400000 4.333328 367.616700
v 358.400000 4.333328 358.400000
v 329.116700 4.625000 364.116700
v 329.700000 4.625000 364.466700
v 332.383300 4.333328 365.983300
v 331.100000 4.333328 366.450000
v 331.450000 4.333328 365.983300
v 330.400000 4.683334 365.983300
v 330.400000 4.683334 366.800000
v 330.400000 4.683334 366.800000
v 329.933300 4.683334 367.500000
v 329.933300 4.625000 367.616700
v 331.566700 4.333328 367.616700
v 331.100000 4.333328 367.266700
v 331.100000 4.333328 367.266700
v 331.100000 4.333328 366.450000
v 330.400000 4.683334 366.800000
v 351.516700 4.333328 366.450000
v 351.983300 4.333328 365.983300
v 332.383300 4.333328 365.983300
v 332.733300 4.333328 366.333300
v 332.266700 4.333328 367.616700
v 351.983300 4.333328 367.616700
v 351.516700 4.333328 367.150000
v 332.733300 4.333328 367.150000
v 351.516700 4.333328 366.450000
v 332.733300 4.333328 366.333300
v 332.733300 4.333328 367.150000
v 351.516700 4.333328 367.150000
v 353.966700 4.625000 365.983300
v 352.800000 4.333328 365.983300
v 353.150000 4.333328 366.800000
v 354.783300 4.566666 366.683300
v 353.150000 4.333328 366.800000
v 355.366700 4.508331 366.800000
v 354.783300 4.566666 366.683300
v 355.366700 4.508331 366.800000
v 353.150000 4.333328 366.800000
v 353.266700 4.333328 367.266700
v 342.533300 4.333328 369.250000
v 351.983300 4.333328 367.616700
v 332.266700 4.333328 367.616700
v 340.666700 4.333328 369.250000
v 355.366700 4.508331 366.800000
v 353.266700 4.333328 367.266700
v 352.683300 4.333328 367.616700
v 358.400000 4.333328 367.616700
v 356.066700 4.508331 366.800000
v 357.466700 4.333328 369.250000
v 357.700000 4.333328 369.250000
v 357.466700 4.333328 368.433300
v 329.933300 4.625000 367.616700
v 329.816700 4.683334 367.616700
v 329.116700 4.625000 368.083300
v 357.700000 4.508331 364.933300
v 357.583300 4.508331 365.633300
v 358.400000 4.333328 367.616700
v 357.583300 4.508331 365.633300
v 357.116700 4.566666 366.216700
v 358.400000 4.333328 367.616700
v 354.550000 4.333328 369.250000
v 357.466700 4.333328 369.250000
v 357.466700 4.333328 368.433300
v 354.550000 4.333328 369.250000
v 352.683300 4.333328 367.616700
v 351.983300 4.333328 367.616700
v 342.533300 4.333328 369.250000
v 357.116700 4.566666 366.216700
v 356.066700 4.508331 366.800000
v 358.400000 4.333328 367.616700
v 354.550000 4.333328 369.250000
v 357.466700 4.333328 368.433300
v 358.400000 4.333328 367.616700
v 352.683300 4.333328 367.616700
v 329.116700 4.625000 368.083300
v 328.533300 4.683334 368.083300
v 328.533300 4.333328 369.483300
v 329.466600 4.333328 370.300000
v 332.266700 4.333328 367.616700
v 331.566700 4.333328 367.616700
v 329.116700 4.625000 368.083300
v 329.466600 4.333328 370.300000
v 340.433300 4.333328 369.483300
v 340.666700 4.333328 369.250000
v 331.566700 4.333328 367.616700
v 329.933300 4.625000 367.616700
v 329.116700 4.625000 368.083300
v 358.400000 4.333328 358.400000
v 358.400000 4.333328 367.616700
v 358.866700 4.333328 367.500000
v 358.866700 4.333328 367.500000
v 368.433300 4.333328 367.500000
v 368.316700 4.333328 366.800000
v 369.716700 4.333328 360.500000
v 371.700000 4.333328 358.400000
v 358.400000 4.333328 358.400000
v 358.866700 4.333328 367.500000
v 368.316700 4.333328 366.800000
v 369.716700 4.333328 360.500000
v 358.400000 4.333328 358.400000
v 358.866700 4.333328 367.500000
v 359.333300 4.333328 367.966700
v 359.800000 4.333328 367.966700
v 358.866700 4.333328 367.500000
v 359.800000 4.333328 367.966700
v 360.150000 4.333328 367.966700
v 360.150000 4.333328 367.966700
v 368.550000 4.333328 367.966700
v 368.433300 4.333328 367.500000
v 358.866700 4.333328 367.500000
v 359.800000 4.333328 367.966700
v 359.333300 4.333328 367.966700
v 359.450000 4.333328 368.200000
v 359.100000 4.333328 371.116700
v 358.516700 4.333328 371.116700
v 358.516700 4.333328 371.350000
v 361.083300 4.333328 369.483300
v 360.150000 4.333328 370.183300
v 359.916700 4.333328 370.650000
v 368.550000 4.333328 367.966700
v 368.550000 4.333328 367.966700
v 360.150000 4.333328 367.966700
v 360.966700 4.333328 368.900000
v 368.550000 4.333328 367.966700
v 360.966700 4.333328 368.900000
v 361.083300 4.333328 369.483300
v 368.550000 4.333328 367.966700
v 359.100000 4.333328 371.116700
v 358.516700 4.333328 371.350000
v 369.833300 4.333328 371.933300
v 368.550000 4.333328 367.966700
v 359.916700 4.333328 370.650000
v 359.100000 4.333328 371.116700
v 393.400000 9.116661 358.400000
v 393.400000 9.116661 358.633300
v 396.666700 9.116661 358.633300
v 397.016700 9.116661 358.400000
v 400.750000 9.116661 358.400000
v 400.866700 9.116661 358.633300
v 403.550000 9.116661 358.633300
v 418.133300 9.116661 358.400000
v 399.816700 9.116661 375.550000
v 397.833300 9.116661 375.550000
v 394.916700 9.116661 381.266700
v 394.800000 9.116661 375.550000
v 394.566700 9.116661 381.033300
v 394.916700 9.116661 381.266700
v 397.833300 9.116661 375.550000
v 418.133300 9.116661 358.400000
v 403.550000 9.116661 358.633300
v 404.483300 9.116661 359.800000
v 394.800000 9.116661 375.550000
v 397.833300 9.116661 375.550000
v 396.666700 9.116661 374.616700
v 394.450000 9.116661 374.500000
v 403.550000 9.116661 374.616700
v 400.866700 9.116661 374.616700
v 399.816700 9.116661 375.550000
v 394.916700 9.116661 381.266700
v 394.683300 9.116661 386.166700
v 395.033300 9.116661 388.266700
v 418.133300 9.116661 358.400000
v 404.483300 9.116661 359.800000
v 404.483300 9.116661 373.450000
v 418.133300 9.116661 388.266700
v 404.483300 9.116661 373.450000
v 403.550000 9.116661 374.616700
v 395.033300 9.116661 388.266700
v 418.133300 9.116661 388.266700
v 423.616700 9.116661 375.666700
v 423.733300 9.116661 374.616700
v 422.800000 9.116661 374.616700
v 422.800000 9.116661 358.633300
v 424.550000 9.116661 358.633300
v 424.783300 9.116661 358.400000
v 418.133300 9.116661 358.400000
v 437.966700 9.116661 382.316700
v 444.616700 9.116661 377.650000
v 424.783300 9.116661 376.016700
v 424.783300 9.116661 376.016700
v 434.466700 9.116661 386.166700
v 437.966700 9.116661 382.316700
v 421.866700 9.116661 359.800000
v 422.800000 9.116661 358.633300
v 418.133300 9.116661 358.400000
v 424.783300 9.116661 376.016700
v 423.966700 9.116661 376.016700
v 418.133300 9.116661 388.266700
v 433.183300 9.116661 388.266700
v 434.466700 9.116661 386.166700
v 446.250000 9.116661 358.633300
v 448.000000 9.116661 358.633300
v 448.000000 9.116661 358.400000
v 445.550000 9.116661 358.633300
v 446.250000 9.116661 358.633300
v 448.000000 9.116661 358.400000
v 428.050000 9.116661 358.400000
v 428.166700 9.116661 358.633300
v 431.083300 9.116661 358.633300
v 428.050000 9.116661 358.400000
v 431.083300 9.116661 358.633300
v 431.666700 9.116661 358.633300
v 431.666700 9.116661 358.633300
v 445.550000 9.116661 358.633300
v 448.000000 9.116661 358.400000
v 428.050000 9.116661 358.400000
v 421.866700 9.116661 373.450000
v 421.866700 9.116661 359.800000
v 418.133300 9.116661 358.400000
v 418.133300 9.116661 388.266700
v 425.250000 9.116661 375.550000
v 425.600000 9.116661 375.550000
v 425.250000 9.116661 375.200000
v 425.600000 9.116661 375.550000
v 425.250000 9.116661 375.550000
v 424.783300 9.116661 376.016700
v 427.350000 9.116661 375.550000
v 425.600000 9.116661 375.550000
v 424.783300 9.116661 376.016700
v 418.133300 9.116661 388.266700
v 423.966700 9.116661 376.016700
v 423.616700 9.116661 375.666700
v 423.616700 9.116661 375.666700
v 422.800000 9.116661 374.616700
v 421.866700 9.116661 373.450000
v 418.133300 9.116661 388.266700
v 444.616700 9.116661 377.650000
v 448.000000 9.116661 376.483300
v 448.000000 9.116661 374.616700
v 428.283300 9.116661 374.616700
v 427.350000 9.116661 375.550000
v 427.350000 9.116661 375.550000
v 424.783300 9.116661 376.016700
v 444.616700 9.116661 377.650000
v 457.916700 9.000000 359.683300
v 464.800000 9.524994 360.733300
v 464.800000 9.291664 358.400000
v 457.916700 9.000000 359.683300
v 464.800000 9.291664 358.400000
v 448.000000 9.116661 358.400000
v 448.000000 9.116661 358.633300
v 448.000000 9.116661 374.616700
v 448.000000 9.116661 376.483300
v 453.716700 9.116661 374.266700
v 448.000000 9.116661 374.616700
v 453.716700 9.116661 374.266700
v 456.750000 9.000000 373.683300
v 246.750000 32.916660 388.266700
v 241.150000 32.625000 388.266700
v 242.900000 32.625000 390.133300
v 247.450000 32.916660 389.083300
v 246.750000 32.916660 388.266700
v 242.900000 32.625000 390.133300
v 244.883300 32.625000 392.816700
v 252.700000 32.916660 401.100000
v 248.266700 32.625000 399.700000
v 250.133300 32.625000 406.233300
v 254.216700 32.916660 408.566700
v 250.250000 32.916660 393.983300
v 247.450000 32.916660 389.083300
v 244.883300 32.625000 392.816700
v 246.633300 32.625000 395.850000
v 254.216700 32.916660 408.566700
v 250.133300 32.625000 406.233300
v 251.416700 32.625000 413.350000
v 250.250000 32.916660 393.983300
v 246.633300 32.625000 395.850000
v 248.266700 32.625000 399.700000
v 252.700000 32.916660 401.100000
v 255.500000 32.916660 418.133300
v 254.216700 32.916660 408.566700
v 251.416700 32.625000 413.350000
v 252.000000 32.625000 418.133300
v 268.800000 9.116661 388.266700
v 251.183300 9.116661 388.266700
v 253.516700 9.116661 392.233300
v 257.366700 9.116661 406.583300
v 258.883300 9.174995 418.133300
v 268.800000 9.116661 418.133300
v 268.800000 9.116661 388.266700
v 253.516700 9.116661 392.233300
v 255.850000 9.116661 399.116700
v 268.800000 9.116661 388.266700
v 255.850000 9.116661 399.116700
v 257.366700 9.116661 406.583300
v 268.800000 9.116661 418.133300
v 295.866700 9.116661 408.100000
v 298.666700 9.116661 407.400000
v 298.666700 9.116661 388.266700
v 268.800000 9.116661 418.133300
v 289.566700 9.116661 418.133300
v 291.083300 9.116661 412.650000
v 291.083300 9.116661 412.650000
v 295.866700 9.116661 408.100000
v 298.666700 9.116661 388.266700
v 268.800000 9.116661 388.266700
v 268.800000 9.116661 418.133300
v 314.183300 17.750000 418.133300
v 325.500000 17.750000 414.166700
v 325.500000 17.750000 413.350000
v 313.133300 17.750000 413.933300
v 302.400000 9.116661 406.583300
v 302.866700 9.116661 406.583300
v 303.450000 9.116661 395.966700
v 301.816700 9.116661 406.583300
v 302.400000 9.116661 406.583300
v 303.450000 9.116661 395.966700
v 328.533300 17.750000 418.133300
v 325.733300 17.750000 414.400000
v 325.500000 17.750000 414.166700
v 314.183300 17.750000 418.133300
v 328.533300 17.750000 418.133300
v 328.533300 17.750000 414.516700
v 325.733300 17.750000 414.400000
v 303.450000 9.116661 395.966700
v 303.333300 9.116661 388.266700
v 298.666700 9.116661 388.266700
v 298.666700 9.116661 407.400000
v 301.816700 9.116661 406.583300
v 328.533300 17.750000 418.133300
v 358.400000 17.750000 418.133300
v 348.483300 17.750000 414.516700
v 334.483300 17.750000 414.516700
v 358.400000 17.750000 418.133300
v 355.250000 17.750000 414.516700
v 348.483300 17.750000 414.516700
v 334.483300 17.750000 414.516700
v 328.533300 17.750000 414.516700
v 328.533300 17.750000 418.133300
v 348.483300 17.750000 414.516700
v 346.383300 17.750000 414.283300
v 345.450000 17.750000 414.283300
v 337.633300 17.750000 414.283300
v 336.583300 17.750000 414.283300
v 334.483300 17.750000 414.516700
v 348.483300 17.750000 414.516700
v 345.450000 17.750000 414.283300
v 337.633300 17.750000 414.283300
v 334.483300 17.750000 414.516700
v 358.400000 17.750000 413.350000
v 357.466700 17.750000 413.350000
v 357.466700 17.750000 414.166700
v 358.400000 17.750000 413.350000
v 357.466700 17.750000 414.166700
v 357.233300 17.750000 414.400000
v 358.400000 17.750000 418.133300
v 357.233300 17.750000 414.400000
v 355.250000 17.750000 414.516700
v 358.400000 17.750000 418.133300
v 382.900000 9.116661 393.750000
v 385.933300 9.116661 393.750000
v 385.700000 9.116661 393.050000
v 382.783300 9.116661 393.050000
v 358.400000 17.750000 418.133300
v 369.250000 17.750000 418.133300
v 369.600000 17.750000 416.500000
v 382.666700 9.116661 394.566700
v 381.966700 9.116661 394.566700
v 381.616700 9.116661 395.383300
v 369.600000 17.750000 416.500000
v 370.533300 17.575000 414.283300
v 370.300000 17.633330 413.933300
v 358.400000 17.750000 413.350000
v 358.400000 17.750000 418.133300
v 381.616700 9.116661 395.383300
v 381.033300 9.116661 395.500000
v 381.850000 9.116661 406.700000
v 385.933300 9.116661 393.750000
v 382.900000 9.116661 393.750000
v 382.900000 9.116661 394.333300
v 385.933300 9.116661 393.750000
v 382.900000 9.116661 394.333300
v 382.666700 9.116661 394.566700
v 386.750000 9.116661 393.750000
v 385.933300 9.116661 393.750000
v 382.666700 9.116661 394.566700
v 379.750000 9.116661 395.500000
v 380.100000 9.116661 395.500000
v 379.866700 9.116661 395.266700
v 379.866700 9.116661 395.266700
v 379.866700 9.116661 394.100000
v 379.633300 9.116661 393.983300
v 379.750000 9.116661 395.500000
v 380.100000 9.116661 395.500000
v 379.750000 9.116661 395.500000
v 380.216700 9.116661 406.700000
v 380.100000 9.116661 395.500000
v 380.216700 9.116661 406.700000
v 380.683300 9.116661 406.700000
v 381.033300 9.116661 395.500000
v 380.683300 9.116661 406.700000
v 380.216700 9.116661 406.700000
v 380.216700 9.116661 406.933300
v 381.033300 9.116661 395.500000
v 380.683300 9.116661 406.700000
v 381.850000 9.116661 406.700000
v 388.266700 9.116661 393.516700
v 387.100000 9.116661 393.516700
v 386.750000 9.116661 393.750000
v 386.750000 9.116661 393.750000
v 382.666700 9.116661 394.566700
v 381.616700 9.116661 395.383300
v 387.450000 9.116661 408.100000
v 388.266700 9.116661 408.916700
v 388.266700 9.116661 393.516700
v 381.616700 9.116661 395.383300
v 381.850000 9.116661 406.700000
v 387.450000 9.116661 408.100000
v 395.150000 9.116661 390.366700
v 394.800000 9.116661 390.600000
v 394.916700 9.116661 391.300000
v 395.266700 9.116661 391.533300
v 389.200000 9.116661 393.750000
v 388.616700 9.116661 393.750000
v 388.266700 9.116661 408.916700
v 392.233300 9.116661 412.650000
v 388.616700 9.116661 393.750000
v 388.266700 9.116661 393.750000
v 388.266700 9.116661 408.916700
v 394.683300 9.116661 392.816700
v 389.550000 9.116661 392.933300
v 389.550000 9.116661 393.400000
v 388.266700 9.116661 393.750000
v 388.616700 9.116661 393.750000
v 388.266700 9.116661 393.516700
v 395.033300 9.116661 388.266700
v 395.150000 9.116661 390.366700
v 395.266700 9.116661 391.533300
v 418.133300 9.116661 388.266700
v 394.683300 9.116661 392.816700
v 389.550000 9.116661 393.400000
v 389.200000 9.116661 393.750000
v 392.233300 9.116661 412.650000
v 418.133300 9.116661 388.266700
v 395.266700 9.116661 391.533300
v 395.266700 9.116661 392.350000
v 395.033300 9.116661 392.583300
v 394.683300 9.116661 392.816700
v 392.233300 9.116661 412.650000
v 395.266700 9.116661 392.350000
v 395.033300 9.116661 392.583300
v 392.233300 9.116661 412.650000
v 393.750000 9.116661 418.133300
v 418.133300 9.116661 418.133300
v 418.133300 9.116661 388.266700
v 430.850000 9.116661 392.233300
v 433.183300 9.116661 388.266700
v 418.133300 9.116661 388.266700
v 418.133300 9.116661 418.133300
v 425.366700 9.058334 418.133300
v 426.883300 9.116661 407.283300
v 428.516700 9.116661 399.116700
v 430.850000 9.116661 392.233300
v 418.133300 9.116661 388.266700
v 426.883300 9.116661 407.283300
v 428.516700 9.116661 399.116700
v 418.133300 9.116661 388.266700
v 418.133300 9.116661 418.133300
v 259.233300 32.625000 445.783300
v 260.750000 32.625000 448.000000
v 266.116700 32.916660 448.000000
v 261.683300 32.916660 441.583300
v 257.366700 32.625000 442.050000
v 255.500000 32.916660 418.133300
v 252.000000 32.625000 418.133300
v 253.166700 32.625000 426.650000
v 257.250000 32.916660 428.866700
v 255.033300 32.625000 435.400000
v 259.466700 32.916660 436.566700
v 257.250000 32.916660 428.866700
v 253.166700 32.625000 426.650000
v 257.366700 32.625000 442.050000
v 261.683300 32.916660 441.583300
v 259.466700 32.916660 436.566700
v 255.033300 32.625000 435.400000
v 268.800000 9.116661 418.133300
v 258.883300 9.174995 418.133300
v 260.400000 9.174995 426.883300
v 262.733300 9.233330 434.933300
v 265.066700 9.291664 440.066700
v 268.800000 9.408333 445.550000
v 289.800000 9.116661 435.516700
v 290.033300 9.116661 435.516700
v 290.033300 9.116661 433.883300
v 289.450000 9.116661 435.516700
v 289.800000 9.116661 435.516700
v 290.033300 9.116661 433.883300
v 291.900000 9.116661 430.500000
v 293.883300 9.174995 428.050000
v 290.850000 9.116661 425.133300
v 290.616700 9.116661 432.716700
v 291.900000 9.116661 430.500000
v 290.850000 9.116661 425.133300
v 290.033300 9.116661 433.883300
v 290.616700 9.116661 432.716700
v 290.850000 9.116661 425.133300
v 293.416700 9.875000 447.416700
v 293.416700 9.875000 447.183300
v 293.183300 9.524994 447.183300
v 289.450000 9.116661 419.300000
v 289.566700 9.116661 418.133300
v 268.800000 9.116661 418.133300
v 298.666700 17.750000 430.850000
v 298.316700 17.633330 430.616700
v 298.083300 17.691670 431.316700
v 268.800000 9.408333 445.550000
v 270.550000 9.408333 447.183300
v 289.216600 9.116661 440.416700
v 289.216600 9.116661 435.750000
v 298.083300 17.691670 431.316700
v 297.266700 17.341670 431.316700
v 297.266700 17.691670 432.833300
v 289.216600 9.116661 435.750000
v 290.033300 9.116661 433.883300
v 290.850000 9.116661 425.133300
v 289.450000 9.116661 419.300000
v 268.800000 9.116661 418.133300
v 268.800000 9.408333 445.550000
v 296.333300 17.341670 433.066700
v 296.683300 17.575000 433.066700
v 296.333300 17.225000 432.716700
v 296.683300 17.575000 433.066700
v 296.333300 17.341670 433.066700
v 296.333300 17.691670 435.516700
v 297.033300 17.691670 433.066700
v 296.683300 17.575000 433.066700
v 296.333300 17.691670 435.516700
v 289.216600 9.116661 435.750000
v 289.450000 9.116661 435.516700
v 290.033300 9.116661 433.883300
v 293.183300 9.524994 447.183300
v 293.416700 9.875000 447.183300
v 293.416700 9.875000 440.650000
v 293.183300 9.524994 447.183300
v 293.416700 9.875000 440.650000
v 289.450000 9.116661 440.650000
v 289.566700 9.116661 447.183300
v 271.366700 9.466667 448.000000
v 289.333300 9.116661 447.416700
v 289.566700 9.116661 447.183300
v 270.550000 9.408333 447.183300
v 289.566700 9.116661 447.183300
v 289.450000 9.116661 440.650000
v 289.216600 9.116661 440.416700
v 270.550000 9.408333 447.183300
v 271.366700 9.466667 448.000000
v 289.333300 9.116661 448.000000
v 289.333300 9.116661 447.416700
v 297.383300 11.508330 440.300000
v 297.383300 11.508330 448.000000
v 298.200000 12.091670 448.000000
v 298.200000 12.091670 440.183300
v 298.200000 12.091670 448.000000
v 298.666700 12.091670 448.000000
v 298.666700 12.091670 440.183300
v 298.200000 12.091670 440.183300
v 295.750000 10.750000 440.416700
v 295.750000 10.750000 448.000000
v 296.566700 11.391660 448.000000
v 296.566700 11.391660 440.300000
v 296.566700 11.391660 448.000000
v 297.383300 11.508330 448.000000
v 297.383300 11.508330 440.300000
v 296.566700 11.391660 440.300000
v 294.116700 9.991661 440.533300
v 294.116700 9.991661 448.000000
v 294.933300 10.633330 448.000000
v 294.933300 10.633330 440.533300
v 294.933300 10.633330 440.533300
v 294.933300 10.633330 448.000000
v 295.750000 10.750000 448.000000
v 295.750000 10.750000 440.416700
v 293.416700 9.875000 447.416700
v 293.416700 9.875000 448.000000
v 294.116700 9.991661 448.000000
v 293.416700 9.875000 447.183300
v 293.416700 9.875000 447.416700
v 294.116700 9.991661 448.000000
v 293.416700 9.875000 447.183300
v 294.116700 9.991661 448.000000
v 294.116700 9.991661 440.533300
v 293.416700 9.875000 440.650000
v 298.666700 17.750000 430.850000
v 298.083300 17.691670 431.316700
v 297.266700 17.691670 432.833300
v 296.333300 17.691670 435.516700
v 298.666700 17.750000 435.633300
v 297.266700 17.691670 432.833300
v 297.033300 17.691670 433.066700
v 296.333300 17.691670 435.516700
v 328.533300 17.750000 418.133300
v 314.183300 17.750000 418.133300
v 314.416700 17.750000 419.766700
v 298.666700 12.091670 448.000000
v 298.900000 12.208330 448.000000
v 298.900000 12.208330 440.183300
v 298.666700 12.091670 440.183300
v 298.900000 12.208330 440.183300
v 298.900000 12.208330 448.000000
v 299.833300 12.908330 448.000000
v 299.833300 12.908330 440.066700
v 300.650000 13.024990 439.833300
v 300.066700 12.908330 439.833300
v 299.833300 12.908330 440.066700
v 299.833300 12.908330 448.000000
v 300.650000 13.024990 448.000000
v 298.666700 17.691670 431.783300
v 301.350000 17.750000 431.783300
v 298.666700 17.750000 430.850000
v 301.816700 17.750000 431.783300
v 301.350000 17.750000 431.783300
v 298.666700 17.750000 435.633300
v 310.683300 17.750000 435.516700
v 310.916700 17.750000 434.933300
v 312.666700 17.750000 425.716700
v 307.883300 17.750000 430.266700
v 313.250000 17.750000 434.933300
v 300.650000 13.024990 439.833300
v 300.650000 13.024990 448.000000
v 301.466600 13.666660 448.000000
v 301.466600 13.666660 439.716700
v 301.816700 17.750000 431.783300
v 310.916700 17.750000 434.933300
v 313.250000 17.750000 434.933300
v 307.883300 17.750000 430.266700
v 301.816700 17.750000 431.783300
v 313.250000 17.750000 434.933300
v 313.483300 17.750000 435.166700
v 313.483300 17.750000 436.566700
v 314.300000 17.750000 436.566700
v 301.350000 17.750000 431.783300
v 298.666700 17.691670 431.783300
v 298.666700 17.750000 435.633300
v 312.666700 17.750000 425.716700
v 313.250000 17.750000 434.933300
v 313.483300 17.750000 435.166700
v 313.483300 17.750000 435.166700
v 314.300000 17.750000 436.566700
v 314.650000 17.750000 437.150000
v 302.400000 13.783330 448.000000
v 303.100000 14.366660 448.000000
v 303.100000 14.366660 439.833300
v 302.400000 13.783330 439.600000
v 314.183300 17.750000 438.200000
v 313.366700 17.750000 438.083300
v 313.366700 17.750000 439.483300
v 313.133300 17.750000 439.716700
v 311.266700 17.458330 439.716700
v 311.266700 17.458330 448.000000
v 313.366700 17.750000 439.483300
v 313.133300 17.750000 439.716700
v 311.266700 17.458330 448.000000
v 301.466600 13.666660 439.716700
v 301.466600 13.666660 448.000000
v 302.400000 13.783330 448.000000
v 302.400000 13.783330 439.600000
v 309.050000 16.875000 439.366700
v 309.166700 16.700000 439.016700
v 308.350000 16.700000 439.016700
v 308.350000 16.700000 439.483300
v 309.050000 16.875000 439.366700
v 308.350000 16.700000 439.483300
v 308.000000 16.641660 439.833300
v 308.000000 16.641660 448.000000
v 308.933300 16.816670 448.000000
v 310.683300 17.458330 439.483300
v 310.683300 17.458330 439.016700
v 309.983300 17.458330 439.016700
v 309.983300 17.458330 439.483300
v 310.683300 17.458330 439.483300
v 309.983300 17.458330 439.483300
v 309.633300 17.458330 439.833300
v 309.633300 17.458330 448.000000
v 311.266700 17.458330 448.000000
v 311.266700 17.458330 439.716700
v 307.416700 16.116660 439.366700
v 307.533300 15.941670 439.133300
v 306.716600 15.941670 439.133300
v 306.716600 15.941670 439.483300
v 307.416700 16.116660 439.366700
v 306.716600 15.941670 439.483300
v 306.366700 15.941670 439.716700
v 306.366700 15.941670 448.000000
v 307.300000 16.058330 448.000000
v 305.433300 15.241660 439.366700
v 305.900000 15.416660 439.366700
v 305.083300 15.125000 439.250000
v 305.433300 15.241660 439.366700
v 305.083300 15.125000 439.250000
v 304.733300 15.125000 439.716700
v 304.733300 15.125000 448.000000
v 305.433300 15.241660 448.000000
v 306.366700 15.941670 439.716700
v 305.900000 15.416660 439.366700
v 305.433300 15.241660 439.366700
v 305.433300 15.241660 448.000000
v 306.366700 15.941670 448.000000
v 308.000000 16.641660 448.000000
v 308.000000 16.641660 439.833300
v 307.650000 16.233330 439.833300
v 307.300000 16.058330 448.000000
v 307.300000 16.058330 448.000000
v 307.650000 16.233330 439.833300
v 307.416700 16.116660 439.366700
v 309.633300 17.458330 448.000000
v 309.633300 17.458330 439.833300
v 309.283300 16.991660 439.833300
v 308.933300 16.816670 448.000000
v 308.933300 16.816670 448.000000
v 309.283300 16.991660 439.833300
v 309.050000 16.875000 439.366700
v 303.800000 14.483330 439.483300
v 303.333300 14.366660 439.483300
v 303.100000 14.366660 439.833300
v 303.100000 14.366660 448.000000
v 303.800000 14.483330 448.000000
v 303.800000 14.483330 448.000000
v 304.733300 15.125000 448.000000
v 304.733300 15.125000 439.716700
v 303.800000 14.483330 439.483300
v 314.650000 17.750000 437.616700
v 314.183300 17.750000 438.200000
v 313.366700 17.750000 439.483300
v 311.266700 17.458330 448.000000
v 328.533300 17.750000 448.000000
v 314.650000 17.750000 437.150000
v 314.650000 17.750000 437.616700
v 328.533300 17.750000 448.000000
v 312.666700 17.750000 425.716700
v 313.483300 17.750000 435.166700
v 314.650000 17.750000 437.150000
v 328.533300 17.750000 448.000000
v 328.533300 17.750000 418.133300
v 314.416700 17.750000 419.766700
v 328.533300 17.750000 448.000000
v 358.400000 17.750000 448.000000
v 358.400000 17.750000 418.133300
v 328.533300 17.750000 418.133300
v 369.016700 17.750000 419.883300
v 369.250000 17.750000 418.133300
v 358.400000 17.750000 418.133300
v 387.683300 10.633330 448.000000
v 388.266700 10.166660 448.000000
v 388.266700 10.166660 440.650000
v 387.683300 10.633330 440.533300
v 386.983300 10.750000 448.000000
v 387.683300 10.633330 448.000000
v 387.683300 10.633330 440.533300
v 386.983300 10.750000 440.533300
v 386.050000 11.391660 448.000000
v 386.983300 10.750000 448.000000
v 386.983300 10.750000 440.533300
v 386.050000 11.391660 440.416700
v 386.516700 17.691670 431.666700
v 385.583300 17.750000 430.733300
v 385.116700 17.750000 430.733300
v 382.200000 17.750000 431.666700
v 368.783300 17.750000 437.733300
v 368.900000 17.750000 437.033300
v 370.650000 17.750000 425.600000
v 369.016700 17.750000 419.883300
v 358.400000 17.750000 418.133300
v 358.400000 17.750000 448.000000
v 387.683300 17.633330 434.116700
v 387.566700 17.516660 432.833300
v 386.516700 17.691670 431.666700
v 382.200000 17.750000 431.666700
v 385.350000 11.508330 448.000000
v 386.050000 11.391660 448.000000
v 386.050000 11.391660 440.416700
v 385.350000 11.508330 440.300000
v 384.416700 12.091670 448.000000
v 385.350000 11.508330 448.000000
v 385.350000 11.508330 440.300000
v 384.416700 12.091670 440.183300
v 369.483300 17.750000 439.483300
v 369.483300 17.750000 438.316700
v 368.783300 17.750000 437.733300
v 369.716700 17.750000 434.933300
v 372.050000 17.750000 434.933300
v 375.433300 17.750000 430.266700
v 370.650000 17.750000 425.600000
v 371.466700 17.575000 448.000000
v 371.466700 17.575000 439.716700
v 369.716700 17.750000 439.716700
v 371.466700 17.575000 448.000000
v 369.716700 17.750000 439.716700
v 369.483300 17.750000 439.483300
v 372.050000 17.750000 434.933300
v 381.150000 17.750000 431.666700
v 375.433300 17.750000 430.266700
v 383.833300 12.208330 448.000000
v 384.416700 12.091670 448.000000
v 384.416700 12.091670 440.183300
v 383.833300 12.208330 440.183300
v 382.900000 12.908330 448.000000
v 383.833300 12.208330 448.000000
v 383.833300 12.208330 440.183300
v 382.900000 12.908330 440.066700
v 368.900000 17.750000 437.033300
v 369.483300 17.750000 435.166700
v 370.650000 17.750000 425.600000
v 372.633300 17.458330 439.483300
v 372.633300 17.458330 439.016700
v 372.166700 17.458330 439.016700
v 371.933300 17.458330 439.716700
v 371.933300 17.458330 439.716700
v 371.466700 17.575000 439.716700
v 371.466700 17.575000 448.000000
v 372.983300 17.458330 439.716700
v 372.633300 17.458330 439.483300
v 371.933300 17.458330 439.716700
v 371.466700 17.575000 448.000000
v 372.983300 17.458330 448.000000
v 373.450000 16.700000 439.016700
v 373.450000 17.050000 439.366700
v 373.916700 16.816670 439.366700
v 374.266700 16.700000 439.016700
v 374.616700 16.700000 439.716700
v 374.266700 16.700000 439.483300
v 373.916700 16.816670 439.366700
v 373.916700 16.816670 448.000000
v 374.616700 16.700000 448.000000
v 374.266700 16.700000 439.483300
v 374.266700 16.700000 439.016700
v 373.916700 16.816670 439.366700
v 375.083300 15.941670 439.133300
v 375.083300 16.291660 439.366700
v 375.550000 16.058330 439.366700
v 376.016700 15.941670 439.133300
v 376.366700 15.941670 439.833300
v 376.016700 15.941670 439.483300
v 375.550000 16.058330 439.366700
v 375.550000 16.058330 448.000000
v 376.366700 15.941670 448.000000
v 376.016700 15.941670 439.483300
v 376.016700 15.941670 439.133300
v 375.550000 16.058330 439.366700
v 377.650000 15.125000 439.250000
v 376.950000 15.416660 439.366700
v 377.300000 15.241660 439.366700
v 378.000000 15.125000 439.716700
v 377.650000 15.125000 439.250000
v 377.300000 15.241660 439.366700
v 377.300000 15.241660 448.000000
v 378.000000 15.125000 448.000000
v 373.916700 16.816670 439.366700
v 373.450000 17.050000 439.366700
v 372.983300 17.458330 439.716700
v 372.983300 17.458330 448.000000
v 373.916700 16.816670 448.000000
v 375.550000 16.058330 439.366700
v 375.083300 16.291660 439.366700
v 374.616700 16.700000 439.716700
v 374.616700 16.700000 448.000000
v 375.550000 16.058330 448.000000
v 377.300000 15.241660 439.366700
v 376.950000 15.416660 439.366700
v 376.716700 15.533330 439.833300
v 376.366700 15.941670 448.000000
v 377.300000 15.241660 448.000000
v 376.716700 15.533330 439.833300
v 376.366700 15.941670 439.833300
v 376.366700 15.941670 448.000000
v 378.000000 15.125000 439.716700
v 378.000000 15.125000 448.000000
v 378.933300 14.483330 448.000000
v 378.933300 14.483330 439.483300
v 378.933300 14.483330 448.000000
v 379.516700 14.366660 448.000000
v 379.516700 14.366660 439.716700
v 378.933300 14.483330 439.483300
v 380.450000 13.783330 439.833300
v 380.450000 13.783330 439.600000
v 380.100000 13.958330 439.600000
v 379.983300 14.016660 439.833300
v 381.266700 13.666660 439.716700
v 380.450000 13.783330 439.600000
v 380.450000 13.783330 439.833300
v 380.450000 13.783330 439.833300
v 380.450000 13.783330 448.000000
v 381.266700 13.666660 448.000000
v 381.266700 13.666660 439.716700
v 380.450000 13.783330 448.000000
v 380.450000 13.783330 439.833300
v 379.983300 14.016660 439.833300
v 379.516700 14.366660 448.000000
v 379.516700 14.366660 448.000000
v 379.983300 14.016660 439.833300
v 379.516700 14.366660 439.716700
v 381.266700 13.666660 448.000000
v 382.083300 13.024990 448.000000
v 382.083300 13.024990 439.833300
v 381.266700 13.666660 439.716700
v 382.900000 12.908330 440.066700
v 382.666700 12.908330 439.833300
v 382.083300 13.024990 439.833300
v 382.083300 13.024990 448.000000
v 382.900000 12.908330 448.000000
v 368.900000 17.750000 437.033300
v 369.483300 17.750000 436.683300
v 369.483300 17.750000 435.166700
v 369.483300 17.750000 435.166700
v 369.716700 17.750000 434.933300
v 370.650000 17.750000 425.600000
v 371.466700 17.575000 448.000000
v 369.483300 17.750000 439.483300
v 368.783300 17.750000 437.733300
v 358.400000 17.750000 448.000000
v 388.266700 17.633330 435.516700
v 388.266700 17.516660 434.700000
v 387.683300 17.633330 434.116700
v 387.683300 17.633330 434.116700
v 382.200000 17.750000 431.666700
v 381.150000 17.750000 431.666700
v 372.050000 17.750000 434.933300
v 372.283300 17.750000 435.516700
v 388.266700 17.633330 435.516700
v 389.550000 9.408333 428.050000
v 389.550000 9.466667 428.283300
v 390.250000 9.233330 428.866700
v 392.466700 9.116661 425.250000
v 392.933300 9.174995 434.116700
v 392.933300 9.174995 435.750000
v 393.516700 9.116661 435.750000
v 392.933300 9.174995 434.116700
v 393.516700 9.116661 435.750000
v 393.750000 9.116661 435.983300
v 393.866700 9.116661 419.533300
v 392.466700 9.116661 425.250000
v 390.250000 9.233330 428.866700
v 390.366700 9.524994 430.033300
v 391.300000 9.233330 430.850000
v 392.466700 9.116661 425.250000
v 391.300000 9.233330 430.850000
v 391.300000 9.291664 431.316700
v 392.933300 9.174995 434.116700
v 392.466700 9.116661 425.250000
v 413.000000 10.050000 448.000000
v 413.700000 9.991661 447.300000
v 393.400000 9.116661 447.300000
v 393.633300 9.116661 448.000000
v 389.433300 9.641663 448.000000
v 389.666700 9.524994 447.300000
v 389.200000 9.875000 447.300000
v 389.200000 9.875000 448.000000
v 418.133300 9.116661 418.133300
v 393.750000 9.116661 418.133300
v 393.866700 9.116661 419.533300
v 388.266700 17.633330 435.516700
v 388.616700 17.225000 434.933300
v 388.266700 17.516660 434.700000
v 388.266700 10.166660 448.000000
v 388.616700 9.991661 448.000000
v 388.616700 9.991661 440.650000
v 388.266700 10.166660 440.650000
v 388.616700 9.991661 448.000000
v 389.200000 9.875000 448.000000
v 389.200000 9.875000 447.300000
v 389.200000 9.875000 447.300000
v 389.200000 9.875000 440.766700
v 388.616700 9.991661 440.650000
v 388.616700 9.991661 448.000000
v 393.516700 9.116661 440.883300
v 389.200000 9.875000 440.766700
v 389.666700 9.524994 447.300000
v 393.400000 9.116661 447.300000
v 389.200000 9.875000 440.766700
v 389.200000 9.875000 447.300000
v 389.666700 9.524994 447.300000
v 393.750000 9.116661 440.650000
v 393.516700 9.116661 440.883300
v 393.400000 9.116661 447.300000
v 413.700000 9.991661 447.300000
v 413.700000 9.991661 447.300000
v 415.800000 9.699997 445.433300
v 418.133300 9.233330 441.583300
v 393.866700 9.116661 419.533300
v 393.750000 9.116661 435.983300
v 393.750000 9.116661 440.650000
v 413.700000 9.991661 447.300000
v 418.133300 9.233330 441.583300
v 418.133300 9.116661 418.133300
v 418.133300 9.233330 441.583300
v 419.533300 9.408333 439.716700
v 419.650000 9.349998 439.016700
v 418.133300 9.233330 441.583300
v 419.650000 9.349998 439.016700
v 421.983300 9.291664 433.883300
v 423.966700 9.174995 426.883300
v 425.366700 9.058334 418.133300
v 418.133300 9.116661 418.133300
v 266.116700 32.916660 448.000000
v 260.750000 32.625000 448.000000
v 263.433300 32.625000 451.616700
v 266.816700 32.625000 454.883300
v 268.800000 32.625000 456.283300
v 268.800000 32.916660 450.450000
v 290.150000 9.058334 453.133300
v 290.150000 9.000000 452.200000
v 289.566700 9.058334 452.200000
v 290.150000 9.058334 453.133300
v 289.566700 9.058334 452.200000
v 289.333300 9.058334 451.966700
v 279.766700 9.408333 453.950000
v 280.933300 9.408333 454.766700
v 281.516700 9.408333 454.883300
v 289.333300 9.058334 451.966700
v 292.716600 9.583328 458.966700
v 293.650000 10.166660 458.616700
v 293.650000 9.058334 453.366700
v 290.383300 9.058334 453.366700
v 271.366700 9.466667 448.000000
v 274.983300 9.524994 451.500000
v 279.766700 9.408333 453.950000
v 289.333300 9.058334 451.966700
v 289.333300 9.116661 448.000000
v 292.716600 9.583328 458.966700
v 290.383300 9.058334 453.366700
v 290.150000 9.058334 453.133300
v 292.716600 9.816666 459.550000
v 292.716600 9.583328 458.966700
v 290.150000 9.058334 453.133300
v 289.333300 9.058334 451.966700
v 281.516700 9.408333 454.883300
v 282.800000 9.583328 455.816700
v 294.116700 9.991661 448.000000
v 293.416700 9.875000 448.000000
v 293.416700 9.875000 449.166700
v 294.116700 9.991661 449.283300
v 294.116700 9.991661 449.283300
v 294.933300 10.633330 449.400000
v 294.933300 10.633330 448.000000
v 294.116700 9.991661 448.000000
v 294.933300 10.633330 449.400000
v 295.750000 10.750000 449.400000
v 295.750000 10.750000 448.000000
v 294.933300 10.633330 448.000000
v 295.750000 10.750000 449.400000
v 296.566700 11.391660 449.400000
v 296.566700 11.391660 448.000000
v 295.750000 10.750000 448.000000
v 296.566700 11.391660 449.400000
v 297.383300 11.508330 449.400000
v 297.383300 11.508330 448.000000
v 296.566700 11.391660 448.000000
v 297.383300 11.508330 449.400000
v 298.200000 12.091670 449.516700
v 298.200000 12.091670 448.000000
v 297.383300 11.508330 448.000000
v 298.200000 12.091670 449.516700
v 298.316700 12.091670 449.750000
v 298.666700 12.091670 449.750000
v 298.666700 12.091670 448.000000
v 298.200000 12.091670 448.000000
v 272.300000 32.916660 453.833300
v 268.800000 32.916660 450.450000
v 268.800000 32.625000 456.283300
v 272.300000 32.916660 453.833300
v 268.800000 32.625000 456.283300
v 271.133300 32.625000 458.033300
v 274.400000 32.625000 459.900000
v 280.700000 32.625000 462.933300
v 280.933300 32.916660 458.616700
v 291.550000 32.508330 466.900000
v 294.000000 32.508330 467.483300
v 293.883300 32.916660 463.050000
v 288.866700 32.916660 461.650000
v 285.600000 32.566670 464.916700
v 285.600000 32.566670 464.916700
v 288.866700 32.916660 461.650000
v 280.933300 32.916660 458.616700
v 280.700000 32.625000 462.933300
v 298.550000 23.875000 470.866700
v 298.666700 23.875000 470.866700
v 298.666700 23.875000 470.750000
v 298.666700 23.350000 461.533300
v 297.266700 23.350000 461.533300
v 297.266700 23.641660 462.116700
v 296.800000 23.641660 471.216700
v 298.550000 23.875000 470.866700
v 298.666700 23.875000 470.750000
v 298.666700 23.350000 461.533300
v 297.266700 23.641660 462.116700
v 296.800000 23.583330 462.350000
v 298.666700 12.091670 449.750000
v 298.900000 12.208330 449.750000
v 298.900000 12.208330 448.000000
v 298.666700 12.091670 448.000000
v 298.900000 12.208330 449.750000
v 299.833300 12.908330 449.866700
v 299.833300 12.908330 448.000000
v 298.900000 12.208330 448.000000
v 299.833300 12.908330 449.866700
v 300.650000 13.024990 449.983300
v 300.650000 13.024990 448.000000
v 299.833300 12.908330 448.000000
v 301.466600 13.666660 449.866700
v 301.466600 13.666660 448.000000
v 300.650000 13.024990 448.000000
v 300.650000 13.024990 449.983300
v 301.466600 13.666660 449.866700
v 301.700000 13.666660 450.100000
v 302.400000 13.783330 450.100000
v 302.400000 13.783330 448.000000
v 301.466600 13.666660 448.000000
v 302.750000 13.958330 449.750000
v 303.100000 14.366660 449.750000
v 303.100000 14.366660 448.000000
v 302.400000 13.783330 448.000000
v 302.400000 13.783330 450.100000
v 302.750000 13.958330 449.750000
v 302.400000 13.783330 448.000000
v 303.100000 14.366660 449.750000
v 303.333300 14.366660 450.100000
v 303.800000 14.483330 450.100000
v 303.800000 14.483330 448.000000
v 303.100000 14.366660 448.000000
v 304.733300 15.125000 449.866700
v 304.733300 15.125000 448.000000
v 303.800000 14.483330 448.000000
v 303.800000 14.483330 450.100000
v 304.733300 15.125000 449.866700
v 305.433300 15.241660 450.100000
v 305.433300 15.241660 448.000000
v 304.733300 15.125000 448.000000
v 306.366700 15.941670 449.866700
v 306.366700 15.941670 448.000000
v 305.433300 15.241660 448.000000
v 305.433300 15.241660 450.100000
v 306.366700 15.941670 449.866700
v 306.600000 15.941670 450.100000
v 307.300000 16.058330 450.100000
v 307.300000 16.058330 448.000000
v 306.366700 15.941670 448.000000
v 307.650000 16.233330 449.750000
v 308.000000 16.641660 449.750000
v 308.000000 16.641660 448.000000
v 307.300000 16.058330 448.000000
v 307.300000 16.058330 450.100000
v 307.650000 16.233330 449.750000
v 307.300000 16.058330 448.000000
v 308.000000 16.641660 449.750000
v 308.233300 16.700000 450.100000
v 308.933300 16.816670 450.100000
v 308.933300 16.816670 448.000000
v 308.000000 16.641660 448.000000
v 309.283300 16.991660 449.750000
v 309.633300 17.458330 449.750000
v 309.633300 17.458330 448.000000
v 308.933300 16.816670 448.000000
v 308.933300 16.816670 450.100000
v 309.283300 16.991660 449.750000
v 308.933300 16.816670 448.000000
v 309.633300 17.458330 449.750000
v 309.983300 17.458330 450.100000
v 310.216600 17.458330 449.516700
v 309.633300 17.458330 448.000000
v 310.216600 17.458330 449.516700
v 311.266700 17.516660 449.516700
v 311.266700 17.458330 448.000000
v 309.633300 17.458330 448.000000
v 311.266700 17.458330 448.000000
v 311.266700 17.516660 449.516700
v 312.433300 17.750000 449.516700
v 312.550000 23.641660 477.866700
v 314.300000 23.816670 477.866700
v 313.483300 23.816670 477.283300
v 312.783300 23.641660 477.516700
v 325.266700 17.750000 449.866700
v 327.483300 17.750000 449.866700
v 328.533300 17.750000 448.000000
v 311.266700 17.458330 448.000000
v 312.433300 17.750000 449.516700
v 312.433300 17.750000 449.516700
v 312.666700 17.750000 449.866700
v 325.266700 17.750000 449.866700
v 325.033300 17.750000 450.100000
v 325.266700 17.750000 449.866700
v 312.666700 17.750000 449.866700
v 312.666700 17.983330 451.616700
v 325.033300 17.983330 451.616700
v 325.033300 17.750000 450.100000
v 312.666700 17.750000 449.866700
v 314.066700 23.875000 476.466700
v 313.600000 23.816670 476.816700
v 313.483300 23.816670 477.283300
v 314.300000 23.816670 477.866700
v 315.466600 23.816670 477.866700
v 314.766700 23.816670 476.816700
v 314.066700 23.875000 476.466700
v 313.250000 24.225000 476.466700
v 313.600000 23.816670 476.816700
v 325.033300 18.158330 452.083300
v 325.033300 17.983330 451.616700
v 312.666700 17.983330 451.616700
v 312.550000 18.158330 452.083300
v 327.716600 18.158330 452.083300
v 328.533300 18.158330 452.083300
v 328.533300 17.983330 451.616700
v 327.716600 17.983330 451.616700
v 326.200000 18.916660 452.783300
v 326.200000 18.800000 452.550000
v 325.266700 18.450000 452.550000
v 312.550000 18.158330 452.083300
v 311.733300 18.274990 452.200000
v 311.733300 18.741660 452.783300
v 326.200000 18.916660 452.783300
v 325.266700 18.450000 452.550000
v 325.266700 18.450000 452.550000
v 325.033300 18.158330 452.083300
v 312.550000 18.158330 452.083300
v 327.483300 18.450000 452.550000
v 326.783300 18.800000 452.550000
v 326.783300 18.975000 452.783300
v 328.533300 18.741660 452.783300
v 328.533300 18.741660 452.783300
v 328.533300 18.158330 452.083300
v 327.716600 18.158330 452.083300
v 327.483300 18.450000 452.550000
v 326.783300 18.975000 452.783300
v 326.783300 18.800000 452.550000
v 326.200000 18.800000 452.550000
v 326.200000 18.916660 452.783300
v 326.783300 22.766660 459.200000
v 326.200000 19.675000 454.066700
v 326.200000 19.966670 454.533300
v 328.533300 17.750000 448.000000
v 327.483300 17.750000 449.866700
v 327.716600 17.750000 450.100000
v 326.200000 20.491660 455.350000
v 311.616700 20.491660 455.350000
v 311.616700 20.783330 455.816700
v 326.200000 20.783330 455.816700
v 326.083300 23.350000 460.716700
v 326.900000 23.350000 460.716700
v 326.783300 23.408330 460.366700
v 326.083300 23.350000 460.716700
v 326.783300 23.408330 460.366700
v 326.783300 23.000000 459.666700
v 326.783300 23.000000 459.666700
v 328.533300 22.766660 459.666700
v 328.533300 22.533330 459.200000
v 326.783300 22.766660 459.200000
v 326.200000 23.000000 459.666700
v 326.783300 22.766660 459.200000
v 326.200000 22.708330 459.200000
v 326.083300 23.350000 460.716700
v 326.783300 23.000000 459.666700
v 326.783300 22.766660 459.200000
v 326.200000 23.408330 460.366700
v 326.783300 22.300000 458.383300
v 328.533300 21.950000 458.383300
v 328.533300 21.833330 457.916700
v 326.783300 22.008330 457.916700
v 326.200000 21.250000 456.633300
v 311.616700 21.250000 456.633300
v 311.616700 21.541660 457.100000
v 326.200000 21.483330 457.100000
v 326.783300 21.541660 457.100000
v 328.533300 21.191670 457.100000
v 328.533300 21.075000 456.633300
v 326.783300 21.250000 456.633300
v 326.783300 22.766660 459.200000
v 326.200000 20.783330 455.816700
v 326.200000 21.250000 456.633300
v 326.783300 20.783330 455.816700
v 328.533300 20.433330 455.816700
v 328.533300 20.258330 455.350000
v 326.783300 20.491660 455.350000
v 326.783300 22.766660 459.200000
v 326.200000 20.491660 455.350000
v 326.200000 20.783330 455.816700
v 326.783300 20.024990 454.533300
v 328.533300 19.675000 454.533300
v 328.533300 19.500000 454.066700
v 326.783300 19.733330 454.066700
v 311.616700 23.000000 459.666700
v 326.200000 23.000000 459.666700
v 326.200000 22.708330 459.200000
v 311.616700 22.766660 459.200000
v 326.783300 19.325000 453.366700
v 328.533300 18.975000 453.366700
v 328.533300 18.741660 452.783300
v 326.783300 18.975000 452.783300
v 326.783300 22.766660 459.200000
v 326.200000 21.250000 456.633300
v 326.200000 21.483330 457.100000
v 326.783300 19.325000 453.366700
v 326.783300 18.975000 452.783300
v 326.200000 18.916660 452.783300
v 326.783300 19.733330 454.066700
v 326.783300 19.325000 453.366700
v 326.200000 18.916660 452.783300
v 326.783300 20.024990 454.533300
v 326.783300 19.733330 454.066700
v 326.200000 18.916660 452.783300
v 326.783300 20.491660 455.350000
v 326.783300 20.024990 454.533300
v 326.200000 18.916660 452.783300
v 326.783300 20.783330 455.816700
v 326.783300 20.491660 455.350000
v 326.200000 18.916660 452.783300
v 326.783300 21.250000 456.633300
v 326.783300 20.783330 455.816700
v 326.200000 18.916660 452.783300
v 326.783300 21.541660 457.100000
v 326.783300 21.250000 456.633300
v 326.200000 18.916660 452.783300
v 326.783300 22.008330 457.916700
v 326.783300 21.541660 457.100000
v 326.200000 18.916660 452.783300
v 326.783300 22.300000 458.383300
v 326.783300 22.008330 457.916700
v 326.200000 18.916660 452.783300
v 326.783300 22.766660 459.200000
v 326.783300 22.300000 458.383300
v 326.200000 18.916660 452.783300
v 326.200000 19.266660 453.366700
v 326.200000 23.408330 460.366700
v 311.616700 23.408330 460.366700
v 311.733300 23.350000 460.716700
v 326.083300 23.350000 460.716700
v 326.200000 22.008330 457.916700
v 311.616700 22.008330 457.916700
v 311.616700 22.300000 458.383300
v 326.200000 22.241660 458.383300
v 326.783300 22.766660 459.200000
v 326.200000 19.966670 454.533300
v 326.200000 20.491660 455.350000
v 326.200000 23.000000 459.666700
v 326.200000 23.408330 460.366700
v 326.783300 22.766660 459.200000
v 326.200000 19.675000 454.066700
v 311.733300 19.500000 454.066700
v 311.733300 19.675000 454.533300
v 326.200000 19.966670 454.533300
v 326.783300 22.766660 459.200000
v 326.200000 22.241660 458.383300
v 326.200000 22.708330 459.200000
v 326.200000 18.916660 452.783300
v 311.733300 18.741660 452.783300
v 311.733300 18.975000 453.366700
v 326.200000 19.266660 453.366700
v 326.783300 22.766660 459.200000
v 326.200000 22.008330 457.916700
v 326.200000 22.241660 458.383300
v 326.783300 22.766660 459.200000
v 326.200000 21.483330 457.100000
v 326.200000 22.008330 457.916700
v 326.783300 22.766660 459.200000
v 326.200000 19.266660 453.366700
v 326.200000 19.675000 454.066700
v 311.733300 19.500000 454.066700
v 326.200000 19.675000 454.066700
v 326.200000 19.266660 453.366700
v 311.733300 18.975000 453.366700
v 328.533300 19.500000 454.066700
v 328.533300 18.975000 453.366700
v 326.783300 19.325000 453.366700
v 326.783300 19.733330 454.066700
v 326.200000 20.491660 455.350000
v 326.200000 19.966670 454.533300
v 311.733300 19.675000 454.533300
v 311.616700 20.491660 455.350000
v 328.533300 20.258330 455.350000
v 328.533300 19.675000 454.533300
v 326.783300 20.024990 454.533300
v 326.783300 20.491660 455.350000
v 311.616700 21.250000 456.633300
v 326.200000 21.250000 456.633300
v 326.200000 20.783330 455.816700
v 311.616700 20.783330 455.816700
v 328.533300 21.075000 456.633300
v 328.533300 20.433330 455.816700
v 326.783300 20.783330 455.816700
v 326.783300 21.250000 456.633300
v 311.616700 22.008330 457.916700
v 326.200000 22.008330 457.916700
v 326.200000 21.483330 457.100000
v 311.616700 21.541660 457.100000
v 328.533300 21.833330 457.916700
v 328.533300 21.191670 457.100000
v 326.783300 21.541660 457.100000
v 326.783300 22.008330 457.916700
v 311.616700 22.766660 459.200000
v 326.200000 22.708330 459.200000
v 326.200000 22.241660 458.383300
v 311.616700 22.300000 458.383300
v 328.533300 22.533330 459.200000
v 328.533300 21.950000 458.383300
v 326.783300 22.300000 458.383300
v 326.783300 22.766660 459.200000
v 311.616700 23.408330 460.366700
v 326.200000 23.408330 460.366700
v 326.200000 23.000000 459.666700
v 311.616700 23.000000 459.666700
v 328.533300 23.350000 460.366700
v 328.533300 22.766660 459.666700
v 326.783300 23.000000 459.666700
v 326.783300 23.408330 460.366700
v 312.666700 23.466670 461.416700
v 325.033300 23.466670 461.416700
v 325.383300 23.350000 460.833300
v 312.316700 23.350000 460.833300
v 325.383300 23.350000 460.833300
v 326.083300 23.350000 460.716700
v 311.733300 23.350000 460.716700
v 312.316700 23.350000 460.833300
v 327.716600 17.750000 450.100000
v 327.716600 17.983330 451.616700
v 328.533300 17.983330 451.616700
v 328.533300 17.750000 448.000000
v 311.383300 25.158330 477.866700
v 312.900000 24.225000 476.466700
v 307.066700 25.741660 476.466700
v 306.366700 25.741660 477.866700
v 325.033300 23.641660 463.166700
v 325.033300 23.466670 461.416700
v 312.666700 23.466670 461.416700
v 312.666700 23.641660 463.166700
v 312.433300 23.641660 463.400000
v 325.266700 23.641660 463.400000
v 325.033300 23.641660 463.166700
v 312.666700 23.641660 463.166700
v 327.366700 23.350000 460.833300
v 327.716600 23.466670 461.416700
v 328.533300 23.466670 461.416700
v 328.533300 23.350000 460.366700
v 326.783300 23.408330 460.366700
v 326.900000 23.350000 460.716700
v 327.366700 23.350000 460.833300
v 328.533300 23.350000 460.366700
v 308.233300 23.641660 463.400000
v 310.216600 23.641660 463.400000
v 309.983300 23.641660 463.166700
v 307.533300 23.758330 463.400000
v 308.233300 23.641660 463.400000
v 309.983300 23.641660 463.166700
v 307.533300 23.758330 463.400000
v 309.983300 23.641660 463.166700
v 309.983300 23.466670 461.533300
v 306.833300 23.700000 463.400000
v 300.883300 23.875000 469.466700
v 305.316700 23.641660 466.550000
v 305.316700 23.641660 466.083300
v 300.883300 23.875000 469.466700
v 305.433300 23.641660 467.483300
v 305.316700 23.641660 466.550000
v 306.483300 23.816670 465.150000
v 306.483300 24.050000 464.916700
v 306.250000 23.991660 464.800000
v 306.483300 23.816670 465.150000
v 306.250000 23.991660 464.800000
v 305.783300 23.641660 464.566700
v 305.316700 23.641660 466.083300
v 305.783300 23.641660 464.100000
v 306.483300 23.641660 463.516700
v 298.666700 23.350000 461.533300
v 306.483300 23.641660 463.516700
v 306.833300 23.700000 463.400000
v 309.983300 23.466670 461.533300
v 298.666700 23.350000 461.533300
v 307.300000 25.741660 475.416700
v 307.300000 25.741660 476.116700
v 312.900000 24.225000 476.466700
v 312.900000 24.225000 476.466700
v 313.250000 24.225000 476.466700
v 314.183300 23.875000 476.000000
v 313.366700 23.875000 474.950000
v 306.483300 25.741660 474.950000
v 307.300000 25.741660 475.416700
v 306.483300 23.641660 463.516700
v 306.833300 23.816670 463.516700
v 306.833300 23.700000 463.400000
v 307.300000 24.108330 463.750000
v 307.533300 23.758330 463.400000
v 306.833300 23.700000 463.400000
v 306.833300 23.816670 463.516700
v 308.816700 23.641660 465.616700
v 308.466600 23.641660 465.966700
v 308.816700 23.641660 466.200000
v 308.933300 23.641660 464.333300
v 308.583300 23.933330 464.800000
v 308.700000 23.816670 464.916700
v 308.700000 23.816670 464.916700
v 308.700000 23.875000 465.150000
v 308.816700 23.641660 465.616700
v 308.933300 23.641660 464.333300
v 305.316700 23.641660 466.083300
v 305.783300 23.641660 464.566700
v 305.783300 23.641660 464.100000
v 298.666700 23.350000 461.533300
v 298.666700 23.875000 470.750000
v 300.883300 23.875000 469.466700
v 307.300000 25.741660 476.116700
v 307.066700 25.741660 476.466700
v 312.900000 24.225000 476.466700
v 310.216600 23.641660 463.400000
v 308.233300 23.641660 463.400000
v 308.933300 23.641660 463.866700
v 310.216600 23.641660 463.400000
v 308.933300 23.641660 463.866700
v 308.933300 23.641660 464.333300
v 308.933300 23.641660 464.333300
v 308.816700 23.641660 465.616700
v 308.816700 23.641660 466.200000
v 308.933300 23.641660 464.333300
v 308.816700 23.641660 466.200000
v 308.816700 23.641660 466.550000
v 312.433300 23.641660 463.400000
v 310.216600 23.641660 463.400000
v 306.716600 23.641660 468.416700
v 306.133300 23.641660 467.716700
v 305.433300 23.641660 467.483300
v 300.883300 23.875000 469.466700
v 306.950000 23.875000 469.466700
v 302.633300 25.158330 472.266700
v 305.083300 25.741660 474.833300
v 306.483300 25.741660 474.950000
v 313.366700 23.875000 474.950000
v 311.966600 23.875000 472.500000
v 309.750000 23.875000 471.216700
v 307.766700 24.399990 464.916700
v 308.116700 24.283330 464.916700
v 306.950000 24.399990 464.566700
v 307.766700 24.399990 464.916700
v 306.950000 24.399990 464.566700
v 307.183300 24.575000 464.916700
v 306.250000 23.991660 464.800000
v 306.483300 24.050000 464.916700
v 306.716600 24.283330 464.683300
v 308.466600 24.050000 464.916700
v 308.700000 23.816670 464.916700
v 308.583300 23.933330 464.800000
v 308.700000 23.875000 465.150000
v 308.700000 23.816670 464.916700
v 308.466600 24.050000 464.916700
v 308.700000 23.875000 465.150000
v 308.466600 24.050000 464.916700
v 308.116700 24.283330 464.916700
v 308.700000 23.875000 465.150000
v 308.116700 24.283330 464.916700
v 307.766700 24.399990 464.916700
v 314.183300 23.875000 476.000000
v 314.066700 23.875000 476.466700
v 314.766700 23.816670 476.816700
v 314.766700 23.816670 476.816700
v 315.466600 23.816670 477.866700
v 315.583300 23.816670 477.866700
v 300.300000 24.225000 471.216700
v 301.583300 24.925000 472.150000
v 302.633300 25.158330 472.266700
v 309.750000 23.875000 471.216700
v 313.250000 24.225000 476.466700
v 314.066700 23.875000 476.466700
v 314.183300 23.875000 476.000000
v 311.966600 23.875000 472.500000
v 313.366700 23.875000 474.950000
v 314.183300 23.875000 476.000000
v 305.083300 25.741660 474.833300
v 306.133300 25.741660 474.950000
v 306.483300 25.741660 474.950000
v 306.133300 25.741660 474.950000
v 305.433300 25.741660 474.950000
v 305.550000 25.741660 475.766700
v 307.183300 23.641660 468.416700
v 306.716600 23.641660 468.416700
v 306.950000 23.875000 469.466700
v 298.666700 23.875000 470.866700
v 298.666700 23.875000 470.983300
v 299.833300 24.225000 471.333300
v 298.666700 23.875000 470.750000
v 298.666700 23.875000 470.866700
v 299.833300 24.225000 471.333300
v 300.300000 24.225000 471.216700
v 300.883300 23.875000 469.466700
v 298.666700 23.875000 470.750000
v 300.300000 24.225000 471.216700
v 309.750000 23.875000 471.216700
v 306.950000 23.875000 469.466700
v 305.083300 25.741660 474.833300
v 305.433300 25.741660 474.950000
v 306.133300 25.741660 474.950000
v 308.816700 23.641660 466.550000
v 308.233300 23.641660 467.133300
v 308.350000 23.641660 467.600000
v 309.750000 23.875000 471.216700
v 311.966600 23.875000 472.500000
v 328.533300 23.466670 461.416700
v 327.716600 23.466670 461.416700
v 327.716600 23.641660 463.166700
v 328.533300 23.641660 477.866700
v 308.350000 23.641660 467.600000
v 307.183300 23.641660 468.416700
v 306.950000 23.875000 469.466700
v 309.750000 23.875000 471.216700
v 314.183300 23.875000 476.000000
v 314.766700 23.816670 476.816700
v 315.583300 23.816670 477.866700
v 311.966600 23.875000 472.500000
v 328.533300 23.641660 477.866700
v 327.716600 23.641660 463.166700
v 327.483300 23.641660 463.400000
v 328.533300 23.641660 477.866700
v 327.483300 23.641660 463.400000
v 325.266700 23.641660 463.400000
v 312.433300 23.641660 463.400000
v 308.816700 23.641660 466.550000
v 311.966600 23.875000 472.500000
v 315.583300 23.816670 477.866700
v 328.533300 23.641660 477.866700
v 325.266700 23.641660 463.400000
v 340.083300 17.750000 450.100000
v 340.316700 17.750000 449.866700
v 328.533300 17.750000 448.000000
v 328.533300 17.983330 451.616700
v 355.366700 17.750000 449.866700
v 357.700000 17.750000 449.866700
v 358.400000 17.750000 448.000000
v 358.400000 23.641660 477.866700
v 355.366700 23.641660 463.400000
v 342.533300 23.641660 463.400000
v 328.533300 23.641660 477.866700
v 328.533300 17.750000 448.000000
v 340.316700 17.750000 449.866700
v 342.650000 17.750000 449.866700
v 342.650000 17.750000 449.866700
v 355.366700 17.750000 449.866700
v 358.400000 17.750000 448.000000
v 328.533300 17.750000 448.000000
v 342.533300 23.641660 463.400000
v 340.316700 23.641660 463.400000
v 328.533300 23.641660 477.866700
v 357.466700 23.350000 460.833300
v 357.816700 23.466670 461.416700
v 358.400000 23.466670 461.416700
v 358.400000 23.350000 460.366700
v 342.883300 17.983330 451.616700
v 355.133300 17.983330 451.616700
v 355.133300 17.750000 450.100000
v 342.883300 17.750000 450.100000
v 355.133300 17.750000 450.100000
v 355.366700 17.750000 449.866700
v 342.650000 17.750000 449.866700
v 342.883300 17.750000 450.100000
v 328.533300 17.983330 451.616700
v 340.083300 17.983330 451.616700
v 340.083300 17.750000 450.100000
v 358.400000 23.641660 477.866700
v 357.583300 23.641660 463.400000
v 355.366700 23.641660 463.400000
v 328.533300 18.158330 452.083300
v 340.083300 18.158330 452.083300
v 340.083300 17.983330 451.616700
v 328.533300 17.983330 451.616700
v 342.883300 18.158330 452.083300
v 355.133300 18.158330 452.083300
v 355.133300 17.983330 451.616700
v 342.883300 17.983330 451.616700
v 357.933300 18.158330 452.083300
v 358.400000 18.158330 452.083300
v 358.400000 17.983330 451.616700
v 357.933300 17.983330 451.616700
v 341.133300 18.916660 452.783300
v 341.133300 18.800000 452.550000
v 340.316700 18.450000 452.550000
v 328.533300 18.741660 452.783300
v 340.083300 18.158330 452.083300
v 328.533300 18.158330 452.083300
v 328.533300 18.741660 452.783300
v 340.316700 18.450000 452.550000
v 356.183300 18.916660 452.783300
v 356.183300 18.800000 452.550000
v 355.366700 18.450000 452.550000
v 342.650000 18.450000 452.550000
v 341.833300 18.800000 452.550000
v 341.833300 18.975000 452.783300
v 355.366700 18.450000 452.550000
v 355.133300 18.158330 452.083300
v 342.883300 18.158330 452.083300
v 342.650000 18.450000 452.550000
v 341.833300 18.975000 452.783300
v 356.183300 18.916660 452.783300
v 355.366700 18.450000 452.550000
v 342.650000 18.450000 452.550000
v 358.400000 18.741660 452.783300
v 358.400000 18.158330 452.083300
v 357.933300 18.158330 452.083300
v 357.700000 18.450000 452.550000
v 356.883300 18.975000 452.783300
v 358.400000 18.741660 452.783300
v 357.700000 18.450000 452.550000
v 356.883300 18.800000 452.550000
v 341.133300 18.800000 452.550000
v 341.133300 18.916660 452.783300
v 341.833300 18.975000 452.783300
v 341.833300 18.800000 452.550000
v 356.883300 18.975000 452.783300
v 356.883300 18.800000 452.550000
v 356.183300 18.800000 452.550000
v 356.183300 18.916660 452.783300
v 341.133300 18.916660 452.783300
v 328.533300 18.741660 452.783300
v 328.533300 18.975000 453.366700
v 341.133300 19.266660 453.366700
v 356.883300 19.325000 453.366700
v 358.400000 18.975000 453.366700
v 358.400000 18.741660 452.783300
v 356.883300 18.975000 452.783300
v 341.133300 19.266660 453.366700
v 341.833300 19.325000 453.366700
v 341.833300 18.975000 452.783300
v 341.133300 18.916660 452.783300
v 356.183300 19.266660 453.366700
v 356.883300 19.325000 453.366700
v 356.883300 18.975000 452.783300
v 356.183300 18.916660 452.783300
v 356.183300 18.916660 452.783300
v 341.833300 18.975000 452.783300
v 341.833300 19.325000 453.366700
v 356.183300 19.266660 453.366700
v 328.533300 19.500000 454.066700
v 341.133300 19.675000 454.066700
v 341.133300 19.266660 453.366700
v 328.533300 18.975000 453.366700
v 356.883300 19.733330 454.066700
v 356.883300 19.325000 453.366700
v 356.183300 19.266660 453.366700
v 356.183300 19.675000 454.066700
v 328.533300 19.500000 454.066700
v 328.533300 19.675000 454.533300
v 341.133300 19.966670 454.533300
v 341.133300 19.675000 454.066700
v 341.833300 19.733330 454.066700
v 341.833300 19.325000 453.366700
v 341.133300 19.266660 453.366700
v 341.133300 19.675000 454.066700
v 356.883300 19.733330 454.066700
v 356.183300 19.675000 454.066700
v 356.183300 19.966670 454.533300
v 356.883300 20.024990 454.533300
v 341.133300 19.966670 454.533300
v 341.133300 20.491660 455.350000
v 341.833300 20.491660 455.350000
v 341.833300 20.024990 454.533300
v 341.833300 19.733330 454.066700
v 341.133300 19.675000 454.066700
v 341.133300 19.966670 454.533300
v 341.833300 20.024990 454.533300
v 356.183300 19.966670 454.533300
v 356.183300 20.491660 455.350000
v 356.883300 20.491660 455.350000
v 356.883300 20.024990 454.533300
v 341.833300 20.024990 454.533300
v 356.183300 19.966670 454.533300
v 356.183300 19.675000 454.066700
v 341.833300 19.733330 454.066700
v 356.883300 20.024990 454.533300
v 358.400000 19.675000 454.533300
v 358.400000 19.500000 454.066700
v 356.883300 19.733330 454.066700
v 356.183300 19.266660 453.366700
v 341.833300 19.325000 453.366700
v 341.833300 19.733330 454.066700
v 356.183300 19.675000 454.066700
v 358.400000 19.500000 454.066700
v 358.400000 18.975000 453.366700
v 356.883300 19.325000 453.366700
v 356.883300 19.733330 454.066700
v 328.533300 20.258330 455.350000
v 341.133300 20.491660 455.350000
v 341.133300 19.966670 454.533300
v 328.533300 19.675000 454.533300
v 341.833300 20.491660 455.350000
v 356.183300 20.491660 455.350000
v 356.183300 19.966670 454.533300
v 341.833300 20.024990 454.533300
v 356.883300 20.491660 455.350000
v 358.400000 20.258330 455.350000
v 358.400000 19.675000 454.533300
v 356.883300 20.024990 454.533300
v 341.133300 20.725000 455.816700
v 341.133300 21.250000 456.633300
v 341.833300 21.250000 456.633300
v 341.833300 20.783330 455.816700
v 341.833300 20.491660 455.350000
v 341.133300 20.491660 455.350000
v 341.133300 20.725000 455.816700
v 341.833300 20.783330 455.816700
v 356.183300 20.725000 455.816700
v 356.183300 21.250000 456.633300
v 356.883300 21.250000 456.633300
v 356.883300 20.783330 455.816700
v 341.833300 20.783330 455.816700
v 356.183300 20.725000 455.816700
v 356.183300 20.491660 455.350000
v 341.833300 20.491660 455.350000
v 356.883300 20.783330 455.816700
v 358.400000 20.433330 455.816700
v 358.400000 20.258330 455.350000
v 356.883300 20.491660 455.350000
v 341.133300 20.491660 455.350000
v 328.533300 20.258330 455.350000
v 328.533300 20.433330 455.816700
v 341.133300 20.725000 455.816700
v 356.183300 20.725000 455.816700
v 356.883300 20.783330 455.816700
v 356.883300 20.491660 455.350000
v 356.183300 20.491660 455.350000
v 328.533300 21.075000 456.633300
v 341.133300 21.250000 456.633300
v 341.133300 20.725000 455.816700
v 328.533300 20.433330 455.816700
v 341.833300 21.250000 456.633300
v 356.183300 21.250000 456.633300
v 356.183300 20.725000 455.816700
v 341.833300 20.783330 455.816700
v 356.883300 21.250000 456.633300
v 358.400000 21.075000 456.633300
v 358.400000 20.433330 455.816700
v 356.883300 20.783330 455.816700
v 341.133300 21.483330 457.100000
v 341.133300 21.950000 457.916700
v 341.833300 21.950000 457.916700
v 341.833300 21.541660 457.100000
v 341.833300 21.250000 456.633300
v 341.133300 21.250000 456.633300
v 341.133300 21.483330 457.100000
v 341.833300 21.541660 457.100000
v 356.183300 21.483330 457.100000
v 356.183300 21.950000 457.916700
v 356.883300 22.008330 457.916700
v 356.883300 21.541660 457.100000
v 341.833300 21.541660 457.100000
v 356.183300 21.483330 457.100000
v 356.183300 21.250000 456.633300
v 341.833300 21.250000 456.633300
v 356.883300 21.541660 457.100000
v 358.400000 21.191670 457.100000
v 358.400000 21.075000 456.633300
v 356.883300 21.250000 456.633300
v 341.133300 21.250000 456.633300
v 328.533300 21.075000 456.633300
v 328.533300 21.191670 457.100000
v 341.133300 21.483330 457.100000
v 356.183300 21.483330 457.100000
v 356.883300 21.541660 457.100000
v 356.883300 21.250000 456.633300
v 356.183300 21.250000 456.633300
v 328.533300 21.833330 457.916700
v 341.133300 21.950000 457.916700
v 341.133300 21.483330 457.100000
v 328.533300 21.191670 457.100000
v 341.833300 21.950000 457.916700
v 356.183300 21.950000 457.916700
v 356.183300 21.483330 457.100000
v 341.833300 21.541660 457.100000
v 356.883300 22.008330 457.916700
v 358.400000 21.833330 457.916700
v 358.400000 21.191670 457.100000
v 356.883300 21.541660 457.100000
v 341.133300 22.241660 458.383300
v 341.133300 22.708330 459.200000
v 341.716600 22.766660 459.200000
v 341.716600 22.300000 458.383300
v 341.133300 21.950000 457.916700
v 341.133300 22.241660 458.383300
v 341.716600 22.300000 458.383300
v 341.833300 21.950000 457.916700
v 356.300000 22.241660 458.383300
v 356.300000 22.708330 459.200000
v 356.883300 22.766660 459.200000
v 356.883300 22.300000 458.383300
v 341.716600 22.300000 458.383300
v 356.300000 22.241660 458.383300
v 356.183300 21.950000 457.916700
v 341.833300 21.950000 457.916700
v 356.883300 22.300000 458.383300
v 358.400000 21.950000 458.383300
v 358.400000 21.833330 457.916700
v 356.883300 22.008330 457.916700
v 341.133300 21.950000 457.916700
v 328.533300 21.833330 457.916700
v 328.533300 21.950000 458.383300
v 341.133300 22.241660 458.383300
v 356.300000 22.241660 458.383300
v 356.883300 22.300000 458.383300
v 356.883300 22.008330 457.916700
v 356.183300 21.950000 457.916700
v 328.533300 22.533330 459.200000
v 341.133300 22.708330 459.200000
v 341.133300 22.241660 458.383300
v 328.533300 21.950000 458.383300
v 341.716600 22.766660 459.200000
v 356.300000 22.708330 459.200000
v 356.300000 22.241660 458.383300
v 341.716600 22.300000 458.383300
v 356.883300 22.766660 459.200000
v 358.400000 22.533330 459.200000
v 358.400000 21.950000 458.383300
v 356.883300 22.300000 458.383300
v 341.133300 23.000000 459.666700
v 341.133300 23.408330 460.366700
v 341.716600 23.408330 460.366700
v 341.716600 23.000000 459.666700
v 341.716600 22.766660 459.200000
v 341.133300 22.708330 459.200000
v 341.133300 23.000000 459.666700
v 341.716600 23.000000 459.666700
v 356.300000 23.000000 459.666700
v 356.300000 23.408330 460.366700
v 356.883300 23.408330 460.366700
v 356.883300 23.000000 459.666700
v 341.716600 23.000000 459.666700
v 356.300000 23.000000 459.666700
v 356.300000 22.708330 459.200000
v 341.716600 22.766660 459.200000
v 356.883300 23.000000 459.666700
v 358.400000 22.766660 459.666700
v 358.400000 22.533330 459.200000
v 356.883300 22.766660 459.200000
v 341.133300 22.708330 459.200000
v 328.533300 22.533330 459.200000
v 328.533300 22.766660 459.666700
v 341.133300 23.000000 459.666700
v 356.300000 23.000000 459.666700
v 356.883300 23.000000 459.666700
v 356.883300 22.766660 459.200000
v 356.300000 22.708330 459.200000
v 328.533300 23.350000 460.366700
v 341.133300 23.408330 460.366700
v 341.133300 23.000000 459.666700
v 328.533300 22.766660 459.666700
v 341.716600 23.408330 460.366700
v 356.300000 23.408330 460.366700
v 356.300000 23.000000 459.666700
v 341.716600 23.000000 459.666700
v 356.883300 23.408330 460.366700
v 358.400000 23.350000 460.366700
v 358.400000 22.766660 459.666700
v 356.883300 23.000000 459.666700
v 340.433300 23.350000 460.833300
v 341.016700 23.350000 460.716700
v 341.133300 23.408330 460.366700
v 328.533300 23.350000 460.366700
v 328.533300 23.466670 461.416700
v 336.466600 23.524990 461.533300
v 341.016700 23.350000 460.716700
v 341.833300 23.350000 460.716700
v 341.716600 23.408330 460.366700
v 341.133300 23.408330 460.366700
v 356.183300 23.350000 460.716700
v 357.000000 23.350000 460.716700
v 356.883300 23.408330 460.366700
v 356.300000 23.408330 460.366700
v 341.833300 23.350000 460.716700
v 356.183300 23.350000 460.716700
v 356.300000 23.408330 460.366700
v 341.716600 23.408330 460.366700
v 358.400000 17.750000 448.000000
v 357.700000 17.750000 449.866700
v 357.933300 17.750000 450.100000
v 336.466600 23.524990 461.533300
v 340.200000 23.466670 461.416700
v 340.433300 23.350000 460.833300
v 357.933300 17.750000 450.100000
v 357.933300 17.983330 451.616700
v 358.400000 17.983330 451.616700
v 358.400000 17.750000 448.000000
v 342.533300 23.350000 460.833300
v 342.766700 23.466670 461.416700
v 347.083300 23.524990 461.533300
v 342.533300 23.350000 460.833300
v 347.083300 23.524990 461.533300
v 347.433300 23.524990 461.533300
v 355.483300 23.350000 460.833300
v 356.183300 23.350000 460.716700
v 341.833300 23.350000 460.716700
v 347.433300 23.524990 461.533300
v 355.250000 23.466670 461.416700
v 355.483300 23.350000 460.833300
v 340.316700 23.641660 463.400000
v 340.083300 23.641660 463.166700
v 336.466600 23.524990 461.533300
v 328.533300 23.466670 461.416700
v 328.533300 23.641660 477.866700
v 355.133300 23.641660 463.166700
v 355.250000 23.524990 461.533300
v 347.433300 23.524990 461.533300
v 340.083300 23.641660 463.166700
v 340.200000 23.524990 461.533300
v 336.466600 23.524990 461.533300
v 356.883300 23.408330 460.366700
v 357.000000 23.350000 460.716700
v 357.466700 23.350000 460.833300
v 358.400000 23.350000 460.366700
v 336.466600 23.524990 461.533300
v 340.200000 23.524990 461.533300
v 340.200000 23.466670 461.416700
v 342.766700 23.524990 461.533300
v 347.083300 23.524990 461.533300
v 342.766700 23.466670 461.416700
v 347.433300 23.524990 461.533300
v 355.250000 23.524990 461.533300
v 355.250000 23.466670 461.416700
v 347.083300 23.524990 461.533300
v 342.766700 23.641660 463.166700
v 342.533300 23.641660 463.400000
v 355.366700 23.641660 463.400000
v 355.133300 23.641660 463.166700
v 347.433300 23.524990 461.533300
v 347.083300 23.524990 461.533300
v 342.766700 23.524990 461.533300
v 342.766700 23.641660 463.166700
v 358.400000 23.466670 461.416700
v 357.816700 23.466670 461.416700
v 357.816700 23.641660 463.166700
v 358.400000 23.641660 477.866700
v 357.816700 23.641660 463.166700
v 357.583300 23.641660 463.400000
v 358.400000 23.641660 477.866700
v 370.416700 17.750000 449.866700
v 371.466700 17.575000 449.866700
v 371.466700 17.575000 448.000000
v 370.183300 17.750000 450.100000
v 370.416700 17.750000 449.866700
v 371.466700 17.575000 448.000000
v 358.400000 17.750000 448.000000
v 358.400000 17.983330 451.616700
v 358.400000 17.983330 451.616700
v 370.183300 17.983330 451.616700
v 370.183300 17.750000 450.100000
v 371.466700 17.575000 449.866700
v 372.633300 17.458330 450.100000
v 372.983300 17.458330 449.866700
v 372.983300 17.458330 448.000000
v 371.466700 17.575000 448.000000
v 372.983300 17.458330 449.866700
v 373.450000 17.050000 450.216700
v 373.916700 16.816670 450.216700
v 373.916700 16.816670 448.000000
v 372.983300 17.458330 448.000000
v 373.916700 16.816670 450.216700
v 373.450000 17.050000 450.216700
v 374.266700 16.700000 450.333300
v 373.916700 16.816670 450.216700
v 374.266700 16.700000 450.333300
v 374.616700 16.700000 449.866700
v 374.616700 16.700000 448.000000
v 373.916700 16.816670 448.000000
v 374.616700 16.700000 449.866700
v 375.083300 16.291660 450.216700
v 375.550000 16.058330 450.216700
v 375.550000 16.058330 448.000000
v 374.616700 16.700000 448.000000
v 375.550000 16.058330 450.216700
v 375.083300 16.291660 450.216700
v 376.016700 15.941670 450.333300
v 375.550000 16.058330 450.216700
v 376.016700 15.941670 450.333300
v 376.366700 15.941670 449.750000
v 376.366700 15.941670 448.000000
v 375.550000 16.058330 448.000000
v 376.716700 15.533330 449.750000
v 376.950000 15.416660 450.216700
v 377.300000 15.241660 450.216700
v 377.300000 15.241660 448.000000
v 376.366700 15.941670 448.000000
v 376.366700 15.941670 448.000000
v 376.366700 15.941670 449.750000
v 376.716700 15.533330 449.750000
v 377.300000 15.241660 450.216700
v 376.950000 15.416660 450.216700
v 377.650000 15.125000 450.333300
v 377.300000 15.241660 450.216700
v 377.650000 15.125000 450.333300
v 378.000000 15.125000 449.866700
v 378.000000 15.125000 448.000000
v 377.300000 15.241660 448.000000
v 378.000000 15.125000 449.866700
v 378.466700 14.716670 450.216700
v 378.933300 14.483330 450.216700
v 378.933300 14.483330 448.000000
v 378.000000 15.125000 448.000000
v 378.933300 14.483330 450.216700
v 378.466700 14.716670 450.216700
v 379.166700 14.366660 450.333300
v 378.933300 14.483330 450.216700
v 379.166700 14.366660 450.333300
v 379.516700 14.366660 449.866700
v 379.516700 14.366660 448.000000
v 378.933300 14.483330 448.000000
v 379.983300 14.016660 449.750000
v 380.450000 13.783330 449.750000
v 380.450000 13.783330 448.000000
v 379.516700 14.366660 448.000000
v 379.516700 14.366660 449.866700
v 379.983300 14.016660 449.750000
v 379.516700 14.366660 448.000000
v 380.450000 13.783330 449.750000
v 380.450000 13.783330 450.216700
v 380.916700 13.666660 450.216700
v 380.450000 13.783330 449.750000
v 380.916700 13.666660 450.216700
v 381.266700 13.666660 449.866700
v 381.266700 13.666660 448.000000
v 380.450000 13.783330 448.000000
v 381.266700 13.666660 449.866700
v 382.083300 13.024990 450.216700
v 382.083300 13.024990 448.000000
v 381.266700 13.666660 448.000000
v 382.083300 13.024990 450.216700
v 382.550000 12.908330 450.216700
v 382.900000 12.908330 449.866700
v 382.900000 12.908330 448.000000
v 382.083300 13.024990 448.000000
v 382.900000 12.908330 449.866700
v 383.833300 12.208330 449.983300
v 383.833300 12.208330 448.000000
v 382.900000 12.908330 448.000000
v 384.416700 12.091670 449.866700
v 384.416700 12.091670 448.000000
v 383.833300 12.208330 448.000000
v 383.833300 12.208330 449.983300
v 385.350000 11.508330 449.633300
v 385.350000 11.508330 448.000000
v 384.416700 12.091670 448.000000
v 384.416700 12.091670 449.866700
v 385.350000 11.508330 449.633300
v 386.050000 11.391660 449.633300
v 386.050000 11.391660 448.000000
v 385.350000 11.508330 448.000000
v 386.050000 11.391660 449.633300
v 386.983300 10.750000 449.633300
v 386.983300 10.750000 448.000000
v 386.050000 11.391660 448.000000
v 386.983300 10.750000 449.633300
v 387.683300 10.633330 449.633300
v 387.683300 10.633330 448.000000
v 386.983300 10.750000 448.000000
v 388.266700 10.166660 449.516700
v 388.266700 10.166660 448.000000
v 387.683300 10.633330 448.000000
v 387.683300 10.633330 449.633300
v 380.450000 13.783330 449.750000
v 379.983300 14.016660 449.750000
v 380.216700 13.899990 450.216700
v 380.450000 13.783330 450.216700
v 358.400000 18.158330 452.083300
v 370.183300 18.158330 452.083300
v 370.183300 17.983330 451.616700
v 358.400000 17.983330 451.616700
v 371.233300 18.741660 452.783300
v 371.233300 18.450000 452.550000
v 370.416700 18.450000 452.550000
v 358.400000 18.741660 452.783300
v 370.183300 18.158330 452.083300
v 358.400000 18.158330 452.083300
v 358.400000 18.741660 452.783300
v 370.416700 18.450000 452.550000
v 358.400000 18.975000 453.366700
v 371.233300 18.975000 453.366700
v 371.233300 18.741660 452.783300
v 358.400000 18.741660 452.783300
v 358.400000 19.500000 454.066700
v 371.233300 19.500000 454.066700
v 371.233300 18.975000 453.366700
v 358.400000 18.975000 453.366700
v 358.400000 19.675000 454.533300
v 371.233300 19.675000 454.533300
v 371.233300 19.500000 454.066700
v 358.400000 19.500000 454.066700
v 358.400000 20.258330 455.350000
v 371.233300 20.258330 455.350000
v 371.233300 19.675000 454.533300
v 358.400000 19.675000 454.533300
v 358.400000 20.433330 455.816700
v 371.233300 20.433330 455.816700
v 371.233300 20.258330 455.350000
v 358.400000 20.258330 455.350000
v 358.400000 21.075000 456.633300
v 371.233300 21.075000 456.633300
v 371.233300 20.433330 455.816700
v 358.400000 20.433330 455.816700
v 358.400000 21.191670 457.100000
v 371.233300 21.191670 457.100000
v 371.233300 21.075000 456.633300
v 358.400000 21.075000 456.633300
v 358.400000 21.833330 457.916700
v 371.350000 21.833330 457.916700
v 371.233300 21.191670 457.100000
v 358.400000 21.191670 457.100000
v 358.400000 21.950000 458.383300
v 371.350000 21.950000 458.383300
v 371.350000 21.833330 457.916700
v 358.400000 21.833330 457.916700
v 358.400000 22.533330 459.200000
v 371.350000 22.533330 459.200000
v 371.350000 21.950000 458.383300
v 358.400000 21.950000 458.383300
v 358.400000 22.766660 459.666700
v 371.350000 22.766660 459.666700
v 371.350000 22.533330 459.200000
v 358.400000 22.533330 459.200000
v 358.400000 23.350000 460.366700
v 371.350000 23.350000 460.366700
v 371.350000 22.766660 459.666700
v 358.400000 22.766660 459.666700
v 370.533300 23.350000 460.833300
v 371.233300 23.350000 460.833300
v 371.350000 23.350000 460.366700
v 358.400000 23.350000 460.366700
v 358.400000 23.350000 460.366700
v 358.400000 23.466670 461.416700
v 370.183300 23.466670 461.416700
v 370.533300 23.350000 460.833300
v 358.400000 23.641660 477.866700
v 386.166700 23.641660 477.866700
v 372.633300 23.641660 463.400000
v 370.416700 23.641660 463.400000
v 386.166700 23.641660 477.866700
v 386.166700 23.583330 463.400000
v 372.633300 23.641660 463.400000
v 386.166700 23.583330 463.400000
v 386.166700 23.583330 462.350000
v 385.700000 23.641660 462.116700
v 372.866700 23.641660 463.166700
v 372.633300 23.641660 463.400000
v 385.700000 23.641660 462.116700
v 385.700000 23.524990 461.766700
v 372.866700 23.583330 461.766700
v 372.866700 23.641660 463.166700
v 370.183300 23.641660 463.166700
v 370.183300 23.466670 461.416700
v 358.400000 23.466670 461.416700
v 370.416700 23.641660 463.400000
v 370.183300 23.641660 463.166700
v 358.400000 23.466670 461.416700
v 358.400000 23.641660 477.866700
v 388.266700 10.166660 449.516700
v 388.616700 9.991661 449.516700
v 388.616700 9.991661 448.000000
v 388.266700 10.166660 448.000000
v 388.616700 9.991661 449.516700
v 389.200000 9.875000 449.516700
v 389.200000 9.875000 448.000000
v 388.616700 9.991661 448.000000
v 389.200000 9.875000 449.516700
v 389.433300 9.641663 449.516700
v 389.433300 9.641663 448.000000
v 389.200000 9.875000 448.000000
v 393.400000 9.116661 452.316700
v 392.700000 9.116661 452.316700
v 392.700000 9.116661 453.250000
v 394.450000 9.000000 453.250000
v 393.633300 9.116661 448.000000
v 393.633300 9.116661 452.083300
v 395.266700 9.000000 453.250000
v 406.000000 10.225000 453.250000
v 409.616700 10.283330 451.383300
v 413.000000 10.050000 448.000000
v 393.633300 9.116661 452.083300
v 393.400000 9.116661 452.316700
v 394.450000 9.000000 453.250000
v 395.266700 9.000000 453.250000
v 394.450000 9.000000 453.250000
v 392.700000 9.116661 453.250000
v 392.583300 9.116661 453.483300
v 395.500000 9.174995 455.233300
v 395.150000 9.641663 455.466700
v 395.266700 9.583328 456.050000
v 394.100000 9.116661 457.916700
v 391.883300 9.058334 458.150000
v 395.033300 9.174995 458.150000
v 395.033300 9.641663 457.333300
v 394.333300 9.583328 457.450000
v 394.100000 9.116661 457.916700
v 395.033300 9.174995 458.150000
v 395.383300 9.583328 457.333300
v 400.516700 9.466667 456.283300
v 406.000000 10.225000 453.250000
v 395.266700 9.000000 453.250000
v 395.500000 9.058334 453.483300
v 395.383300 9.583328 457.333300
v 395.033300 9.174995 458.150000
v 400.516700 9.466667 456.283300
v 395.266700 9.583328 456.050000
v 395.266700 9.641663 457.100000
v 395.383300 9.583328 457.333300
v 400.516700 9.466667 456.283300
v 395.500000 9.174995 455.233300
v 395.500000 9.058334 453.483300
v 395.500000 9.174995 455.233300
v 400.516700 9.466667 456.283300
v 391.066700 9.174995 454.533300
v 391.416700 9.641663 454.300000
v 391.300000 9.583328 453.950000
v 389.316700 9.174995 453.483300
v 391.300000 9.583328 453.950000
v 392.116700 9.641663 453.950000
v 392.233300 9.174995 453.600000
v 389.316700 9.174995 453.483300
v 389.550000 9.291664 458.150000
v 391.533300 9.000000 458.150000
v 391.183300 9.000000 457.800000
v 389.316700 9.349998 458.033300
v 389.550000 9.291664 458.150000
v 391.183300 9.000000 457.800000
v 391.066700 9.058334 456.283300
v 391.066700 9.058334 456.283300
v 391.066700 9.174995 454.533300
v 389.316700 9.174995 453.483300
v 389.316700 9.349998 458.033300
v 391.416700 9.641663 454.300000
v 392.116700 9.641663 453.950000
v 391.300000 9.583328 453.950000
v 395.266700 9.583328 456.050000
v 395.150000 9.641663 455.466700
v 395.033300 9.699997 455.933300
v 395.033300 9.641663 457.333300
v 395.383300 9.583328 457.333300
v 395.266700 9.641663 457.100000
v 392.583300 9.116661 459.200000
v 395.033300 9.174995 458.150000
v 391.883300 9.058334 458.150000
v 391.533300 9.000000 458.150000
v 389.550000 9.291664 458.150000
v 390.250000 9.233330 458.850000
v 392.583300 9.116661 459.200000
v 391.883300 9.058334 458.150000
v 391.533300 9.000000 458.150000
v 390.250000 9.233330 458.850000
v 390.250000 9.524994 459.783300
v 305.900000 25.741660 482.416700
v 305.900000 25.741660 482.766700
v 306.366700 25.741660 482.650000
v 306.016700 25.741660 477.866700
v 305.900000 25.741660 477.866700
v 305.550000 25.916660 478.450000
v 306.366700 25.741660 477.866700
v 306.016700 25.741660 477.866700
v 305.550000 25.916660 478.450000
v 305.550000 25.916660 482.066700
v 305.900000 25.741660 482.416700
v 306.366700 25.741660 482.650000
v 304.616700 26.091670 481.250000
v 304.733300 26.091670 481.833300
v 305.550000 25.916660 482.066700
v 304.616700 26.091670 481.250000
v 305.550000 25.916660 482.066700
v 306.366700 25.741660 482.650000
v 305.550000 25.916660 478.450000
v 304.733300 26.091670 478.683300
v 304.616700 26.091670 481.250000
v 306.366700 25.741660 477.866700
v 305.550000 25.916660 478.450000
v 304.616700 26.091670 481.250000
v 306.366700 25.741660 482.650000
v 310.100000 25.741660 480.783300
v 310.100000 25.741660 479.733300
v 306.366700 25.741660 482.650000
v 311.266700 25.158330 482.650000
v 310.100000 25.741660 480.783300
v 310.683300 25.450000 478.566700
v 311.383300 25.158330 477.866700
v 306.366700 25.741660 477.866700
v 310.100000 25.741660 479.733300
v 310.683300 25.450000 478.566700
v 306.366700 25.741660 477.866700
v 311.500000 23.641660 478.800000
v 310.916700 23.641660 479.966700
v 310.916700 23.641660 480.550000
v 312.550000 23.641660 477.866700
v 314.416700 23.816670 482.650000
v 315.000000 23.816670 481.716700
v 315.233300 23.816670 480.783300
v 311.966600 23.641660 482.300000
v 313.483300 23.816670 483.350000
v 314.416700 23.816670 482.650000
v 315.000000 23.816670 478.800000
v 314.300000 23.816670 477.866700
v 312.550000 23.641660 477.866700
v 311.966600 23.641660 482.300000
v 314.416700 23.816670 482.650000
v 315.233300 23.816670 480.783300
v 315.000000 23.816670 478.800000
v 312.550000 23.641660 477.866700
v 310.916700 23.641660 480.550000
v 313.600000 24.225000 483.816700
v 313.366700 24.225000 484.050000
v 314.183300 23.816670 484.050000
v 315.933300 23.816670 478.450000
v 315.583300 23.816670 477.866700
v 315.466600 23.816670 477.866700
v 313.483300 23.816670 483.350000
v 313.600000 24.225000 483.816700
v 314.183300 23.816670 484.050000
v 315.000000 23.816670 483.583300
v 314.416700 23.816670 482.650000
v 315.466600 23.816670 477.866700
v 314.300000 23.816670 477.866700
v 315.000000 23.816670 478.800000
v 315.933300 23.816670 478.450000
v 316.283300 23.816670 480.083300
v 315.933300 23.816670 478.450000
v 315.000000 23.816670 478.800000
v 315.233300 23.816670 480.783300
v 314.416700 23.816670 482.650000
v 315.000000 23.816670 483.583300
v 315.933300 23.816670 482.183300
v 315.000000 23.816670 481.716700
v 315.233300 23.816670 480.783300
v 315.000000 23.816670 481.716700
v 315.933300 23.816670 482.183300
v 316.283300 23.816670 480.083300
v 315.000000 23.816670 483.583300
v 314.183300 23.816670 484.050000
v 314.066700 23.875000 484.750000
v 301.000000 24.050000 503.650000
v 300.883300 24.050000 503.416700
v 299.716600 24.983330 503.183300
v 299.250000 25.391660 503.533300
v 299.250000 25.391660 507.733300
v 301.000000 24.050000 507.733300
v 301.583300 23.641660 503.416700
v 301.000000 24.050000 503.650000
v 301.000000 24.050000 507.733300
v 314.066700 23.875000 484.750000
v 313.366700 23.875000 485.566700
v 311.850000 23.875000 488.133300
v 304.266700 23.641660 497.816700
v 303.916700 23.641660 497.816700
v 301.583300 23.641660 499.800000
v 301.583300 23.641660 503.416700
v 328.533300 23.641660 477.866700
v 315.583300 23.816670 477.866700
v 315.933300 23.816670 478.450000
v 328.533300 23.641660 477.866700
v 315.933300 23.816670 478.450000
v 316.283300 23.816670 480.083300
v 328.533300 23.641660 477.866700
v 316.283300 23.816670 480.083300
v 315.933300 23.816670 482.183300
v 328.533300 23.641660 477.866700
v 315.933300 23.816670 482.183300
v 315.000000 23.816670 483.583300
v 307.066700 25.741660 484.050000
v 312.900000 24.225000 484.050000
v 311.266700 25.158330 482.650000
v 306.366700 25.741660 482.650000
v 314.066700 23.875000 484.750000
v 314.183300 23.816670 484.050000
v 313.366700 24.225000 484.050000
v 314.066700 23.875000 484.750000
v 313.366700 24.225000 484.050000
v 312.900000 24.225000 484.050000
v 307.416700 25.741660 485.100000
v 306.600000 25.741660 485.566700
v 313.366700 23.875000 485.566700
v 312.900000 24.225000 484.050000
v 307.066700 25.741660 484.050000
v 307.416700 25.741660 485.100000
v 305.433300 25.741660 485.566700
v 306.133300 25.741660 485.566700
v 305.550000 25.741660 484.750000
v 306.133300 25.741660 485.566700
v 305.433300 25.741660 485.566700
v 304.966600 25.741660 485.800000
v 306.600000 25.741660 485.566700
v 306.133300 25.741660 485.566700
v 304.966600 25.741660 485.800000
v 304.966600 25.741660 485.800000
v 302.750000 25.158330 488.133300
v 303.450000 25.158330 488.133300
v 304.966600 25.741660 485.800000
v 303.450000 25.158330 488.133300
v 303.916700 25.158330 488.133300
v 306.600000 25.741660 485.566700
v 304.966600 25.741660 485.800000
v 303.916700 25.158330 488.133300
v 311.850000 23.875000 488.133300
v 313.366700 23.875000 485.566700
v 302.750000 25.158330 488.133300
v 302.516700 25.158330 488.133300
v 302.750000 24.808330 488.600000
v 302.750000 25.158330 488.133300
v 302.750000 24.808330 488.600000
v 303.100000 24.808330 488.600000
v 303.450000 25.158330 488.133300
v 304.966600 24.808330 488.833300
v 304.966600 23.875000 491.050000
v 306.950000 23.875000 491.050000
v 304.500000 25.158330 488.250000
v 304.966600 24.808330 488.833300
v 306.950000 23.875000 491.050000
v 311.850000 23.875000 488.133300
v 311.850000 23.875000 488.133300
v 303.916700 25.158330 488.133300
v 304.500000 25.158330 488.250000
v 301.233300 23.875000 491.050000
v 301.350000 24.225000 490.350000
v 301.116700 24.225000 490.233300
v 301.000000 24.516660 489.533300
v 301.350000 24.516660 489.300000
v 301.466600 24.808330 488.600000
v 300.300000 24.225000 489.300000
v 301.116700 24.225000 490.233300
v 301.000000 24.516660 489.533300
v 300.300000 24.225000 489.300000
v 299.016700 23.875000 489.533300
v 299.016700 23.875000 490.000000
v 301.233300 23.875000 491.050000
v 299.016700 23.641660 491.750000
v 301.933300 23.641660 491.750000
v 301.233300 23.641660 491.400000
v 299.016700 23.641660 491.750000
v 301.233300 23.641660 491.400000
v 301.233300 23.875000 491.050000
v 299.016700 23.875000 490.000000
v 303.333300 23.641660 492.100000
v 303.100000 23.641660 491.633300
v 301.933300 23.641660 491.750000
v 301.933300 23.641660 491.750000
v 299.016700 23.641660 491.750000
v 299.016700 23.641660 492.100000
v 303.333300 23.641660 492.100000
v 299.016700 23.641660 492.100000
v 299.016700 23.641660 494.316700
v 302.283300 23.641660 494.316700
v 303.333300 23.641660 492.100000
v 303.916700 23.641660 497.816700
v 301.233300 23.641660 499.450000
v 301.583300 23.641660 499.800000
v 303.333300 23.641660 492.100000
v 302.283300 23.641660 494.316700
v 302.866700 23.641660 494.316700
v 303.800000 23.641660 492.100000
v 301.350000 23.641660 495.250000
v 301.933300 23.641660 494.900000
v 302.283300 23.641660 494.316700
v 299.016700 23.641660 494.316700
v 301.466600 23.641660 497.116700
v 301.583300 23.641660 495.950000
v 301.350000 23.641660 495.250000
v 299.016700 23.641660 494.316700
v 299.016700 23.641660 497.466700
v 299.016700 23.641660 497.466700
v 301.933300 23.641660 497.466700
v 301.466600 23.641660 497.116700
v 302.866700 23.641660 494.316700
v 302.983300 23.641660 494.550000
v 303.450000 23.641660 494.433300
v 304.966600 23.875000 491.050000
v 304.383300 23.641660 491.283300
v 303.800000 23.641660 492.100000
v 302.866700 23.641660 494.316700
v 306.950000 23.875000 491.050000
v 306.950000 23.875000 491.050000
v 304.150000 23.641660 494.550000
v 304.500000 23.641660 494.900000
v 302.866700 23.641660 494.316700
v 303.450000 23.641660 494.433300
v 304.150000 23.641660 494.550000
v 306.950000 23.875000 491.050000
v 304.500000 23.641660 494.900000
v 304.383300 23.641660 495.716700
v 304.616700 23.641660 495.833300
v 306.950000 23.875000 491.050000
v 299.016700 23.641660 497.816700
v 299.016700 23.641660 499.450000
v 301.233300 23.641660 499.450000
v 303.916700 23.641660 497.816700
v 299.016700 23.641660 497.816700
v 303.916700 23.641660 497.816700
v 301.933300 23.641660 497.466700
v 299.016700 23.641660 497.466700
v 303.916700 23.641660 497.816700
v 302.633300 23.641660 497.466700
v 301.933300 23.641660 497.466700
v 303.566700 23.641660 497.466700
v 303.566700 23.641660 497.233300
v 303.216600 23.641660 497.233300
v 302.633300 23.641660 497.466700
v 303.916700 23.641660 497.816700
v 303.566700 23.641660 497.466700
v 302.633300 23.641660 497.466700
v 315.000000 23.816670 483.583300
v 314.066700 23.875000 484.750000
v 311.850000 23.875000 488.133300
v 328.533300 23.641660 477.866700
v 306.950000 23.875000 491.050000
v 304.616700 23.641660 495.833300
v 304.616700 23.641660 496.533300
v 304.500000 23.641660 497.583300
v 304.266700 23.641660 497.816700
v 301.583300 23.641660 503.416700
v 306.950000 23.875000 491.050000
v 304.616700 23.641660 496.533300
v 304.500000 23.641660 497.583300
v 311.850000 23.875000 488.133300
v 304.500000 23.641660 497.583300
v 301.583300 23.641660 503.416700
v 301.000000 24.050000 507.733300
v 328.533300 23.641660 507.733300
v 328.533300 23.641660 477.866700
v 311.850000 23.875000 488.133300
v 343.700000 23.758330 483.116700
v 358.400000 23.641660 477.866700
v 328.533300 23.641660 477.866700
v 343.000000 23.700000 483.233300
v 343.700000 23.758330 483.116700
v 344.050000 23.816670 483.116700
v 358.400000 23.641660 477.866700
v 334.016700 23.700000 505.750000
v 333.900000 23.758330 503.416700
v 331.916700 23.933330 503.416700
v 330.633300 23.933330 505.166700
v 330.166700 23.933330 507.733300
v 333.550000 23.700000 507.733300
v 341.833300 23.758330 486.150000
v 341.716600 23.758330 484.750000
v 328.533300 23.641660 477.866700
v 334.016700 23.700000 505.750000
v 334.366700 23.700000 503.416700
v 333.900000 23.758330 503.416700
v 334.016700 23.700000 505.750000
v 335.883300 23.700000 503.416700
v 334.366700 23.700000 503.416700
v 355.250000 23.933330 503.300000
v 353.033300 23.700000 503.300000
v 353.150000 23.700000 505.750000
v 353.616700 23.700000 507.733300
v 357.000000 23.933330 507.733300
v 356.533300 23.933330 505.050000
v 353.033300 23.700000 503.300000
v 352.450000 23.700000 503.300000
v 353.150000 23.700000 505.750000
v 341.716600 23.758330 484.750000
v 342.183300 23.816670 483.816700
v 328.533300 23.641660 477.866700
v 342.183300 23.816670 483.816700
v 343.000000 23.700000 483.233300
v 328.533300 23.641660 477.866700
v 358.400000 23.641660 477.866700
v 345.800000 23.758330 484.866700
v 345.566700 23.816670 486.266700
v 353.033300 23.700000 503.300000
v 355.250000 23.933330 503.300000
v 354.433300 23.933330 502.133300
v 352.450000 23.700000 503.300000
v 351.166700 23.700000 503.300000
v 353.150000 23.700000 505.750000
v 350.816700 23.758330 500.966700
v 351.750000 23.991660 500.150000
v 346.033300 23.700000 500.150000
v 331.916700 23.933330 503.416700
v 333.900000 23.758330 503.416700
v 332.500000 23.933330 502.366700
v 343.700000 23.933330 496.533300
v 344.400000 23.758330 487.200000
v 343.116700 23.758330 487.200000
v 343.466600 23.933330 496.533300
v 334.016700 23.641660 499.450000
v 335.416700 23.933330 499.450000
v 338.216600 23.933330 497.583300
v 333.433300 23.641660 499.450000
v 334.016700 23.641660 499.450000
v 338.216600 23.933330 497.583300
v 358.400000 23.641660 477.866700
v 345.683300 23.758330 484.283300
v 345.800000 23.758330 484.866700
v 358.400000 23.641660 477.866700
v 344.983300 23.816670 483.466700
v 345.683300 23.758330 484.283300
v 351.750000 23.991660 500.150000
v 352.216700 23.933330 499.800000
v 351.633300 23.933330 499.333300
v 348.950000 23.933330 497.583300
v 346.033300 23.700000 500.150000
v 335.416700 23.933330 499.450000
v 334.716600 23.933330 500.033300
v 334.950000 23.991660 500.150000
v 341.133300 23.700000 500.150000
v 338.216600 23.933330 497.583300
v 341.133300 23.700000 500.150000
v 346.033300 23.700000 500.150000
v 348.950000 23.933330 497.583300
v 343.700000 23.933330 496.533300
v 343.466600 23.933330 496.533300
v 338.216600 23.933330 497.583300
v 348.950000 23.933330 497.583300
v 351.633300 23.933330 499.333300
v 352.683300 23.641660 499.333300
v 348.950000 23.933330 497.583300
v 352.683300 23.641660 499.333300
v 353.266700 23.641660 499.333300
v 331.916700 23.641660 501.316700
v 333.433300 23.641660 499.450000
v 341.833300 23.758330 486.150000
v 328.533300 23.641660 477.866700
v 343.466600 23.933330 496.533300
v 343.116700 23.758330 487.200000
v 341.833300 23.758330 486.150000
v 338.216600 23.933330 497.583300
v 352.216700 23.933330 499.800000
v 352.683300 23.641660 499.333300
v 351.633300 23.933330 499.333300
v 354.900000 23.641660 501.666700
v 354.433300 23.933330 502.133300
v 355.250000 23.933330 503.300000
v 354.900000 23.641660 501.316700
v 354.900000 23.641660 501.666700
v 355.250000 23.933330 503.300000
v 356.533300 23.933330 505.050000
v 356.533300 23.933330 505.050000
v 357.000000 23.933330 507.733300
v 357.116700 23.933330 507.733300
v 356.533300 23.933330 505.050000
v 357.116700 23.933330 507.733300
v 358.400000 23.641660 507.733300
v 333.433300 23.641660 499.450000
v 338.216600 23.933330 497.583300
v 341.833300 23.758330 486.150000
v 330.633300 23.933330 505.166700
v 331.916700 23.641660 501.783300
v 331.916700 23.641660 501.316700
v 328.533300 23.641660 477.866700
v 328.533300 23.641660 507.733300
v 331.916700 23.933330 503.416700
v 332.500000 23.933330 502.366700
v 331.916700 23.641660 501.783300
v 330.633300 23.933330 505.166700
v 328.533300 23.641660 507.733300
v 330.166700 23.933330 507.733300
v 330.633300 23.933330 505.166700
v 358.400000 23.641660 477.866700
v 344.050000 23.816670 483.116700
v 344.983300 23.816670 483.466700
v 350.816700 23.758330 500.966700
v 346.033300 23.700000 500.150000
v 350.233300 23.700000 502.133300
v 350.816700 23.700000 501.433300
v 334.716600 23.933330 500.033300
v 335.416700 23.933330 499.450000
v 334.016700 23.641660 499.450000
v 335.883300 23.700000 501.550000
v 334.366700 23.700000 503.416700
v 335.883300 23.700000 503.416700
v 337.166700 23.700000 502.016700
v 337.166700 23.700000 502.016700
v 341.133300 23.700000 500.150000
v 334.950000 23.991660 500.150000
v 335.883300 23.933330 500.966700
v 335.883300 23.933330 500.966700
v 335.883300 23.700000 501.550000
v 337.166700 23.700000 502.016700
v 351.166700 23.700000 503.300000
v 352.450000 23.700000 503.300000
v 350.816700 23.700000 501.433300
v 350.233300 23.700000 502.133300
v 354.900000 23.641660 501.316700
v 356.533300 23.933330 505.050000
v 358.400000 23.641660 507.733300
v 358.400000 23.641660 477.866700
v 345.566700 23.816670 486.266700
v 344.400000 23.758330 487.200000
v 343.700000 23.933330 496.533300
v 348.950000 23.933330 497.583300
v 345.566700 23.816670 486.266700
v 353.266700 23.641660 499.333300
v 354.900000 23.641660 501.316700
v 358.400000 23.641660 477.866700
v 345.566700 23.816670 486.266700
v 348.950000 23.933330 497.583300
v 353.266700 23.641660 499.333300
v 385.816700 24.050000 507.733300
v 385.816700 24.050000 504.233300
v 385.233300 23.641660 504.000000
v 358.400000 23.641660 507.733300
v 387.683300 23.291660 499.800000
v 387.683300 23.350000 479.383300
v 386.400000 23.641660 479.383300
v 385.583300 23.641660 499.800000
v 358.400000 23.641660 507.733300
v 385.233300 23.641660 504.000000
v 385.233300 23.641660 500.150000
v 385.583300 23.641660 499.800000
v 386.400000 23.641660 479.383300
v 386.166700 23.641660 479.150000
v 385.233300 23.641660 500.150000
v 385.583300 23.641660 499.800000
v 386.166700 23.641660 479.150000
v 386.166700 23.641660 477.866700
v 358.400000 23.641660 477.866700
v 358.400000 23.641660 507.733300
v 387.566700 25.391660 503.883300
v 386.633300 24.516660 503.766700
v 385.816700 24.050000 504.233300
v 385.816700 24.050000 507.733300
v 387.566700 25.391660 507.733300
v 299.133300 25.391660 513.450000
v 299.483300 24.983330 513.916700
v 299.716600 24.983330 513.683300
v 299.716600 24.983330 513.683300
v 300.883300 24.050000 513.683300
v 301.000000 24.050000 513.450000
v 301.000000 24.050000 507.733300
v 299.250000 25.391660 507.733300
v 299.133300 25.391660 513.450000
v 301.233300 23.641660 517.883400
v 299.016700 23.641660 517.883400
v 299.016700 23.641660 521.383400
v 302.633300 23.641660 521.383400
v 301.583300 23.641660 513.683300
v 304.150000 23.641660 521.383400
v 305.433300 23.641660 521.733300
v 301.583300 23.641660 517.533300
v 301.233300 23.641660 517.883400
v 302.633300 23.641660 521.383400
v 301.583300 23.641660 517.533300
v 302.633300 23.641660 521.383400
v 304.150000 23.641660 521.383400
v 301.583300 23.641660 513.683300
v 301.000000 24.050000 507.733300
v 301.000000 24.050000 513.450000
v 301.583300 23.641660 513.683300
v 302.400000 23.641660 523.366700
v 302.633300 23.641660 522.083300
v 302.400000 23.641660 521.966700
v 299.016700 23.641660 521.383400
v 299.016700 23.641660 523.600000
v 299.016700 23.641660 523.600000
v 302.633300 23.641660 523.600000
v 302.400000 23.641660 523.366700
v 302.400000 23.641660 521.616700
v 302.633300 23.641660 521.383400
v 299.016700 23.641660 521.383400
v 302.400000 23.641660 521.966700
v 302.400000 23.641660 521.616700
v 299.016700 23.641660 521.383400
v 303.566700 23.641660 524.766700
v 303.333300 23.641660 524.183300
v 302.633300 23.641660 523.600000
v 299.016700 23.641660 523.600000
v 299.016700 23.641660 524.766700
v 303.333300 23.641660 524.183300
v 303.566700 23.641660 523.600000
v 302.633300 23.641660 523.600000
v 304.033300 23.641660 524.766700
v 303.566700 23.641660 524.766700
v 299.016700 23.641660 525.350000
v 308.700000 23.641660 525.350000
v 303.566700 23.641660 524.766700
v 299.016700 23.641660 524.766700
v 299.016700 23.641660 525.350000
v 303.333300 23.641660 524.183300
v 304.033300 23.641660 523.600000
v 303.566700 23.641660 523.600000
v 303.566700 23.641660 523.600000
v 304.033300 23.641660 523.600000
v 303.800000 23.641660 523.366700
v 304.616700 23.641660 524.416700
v 304.033300 23.641660 524.766700
v 308.700000 23.641660 525.350000
v 306.016700 23.641660 522.783300
v 304.616700 23.641660 524.416700
v 308.700000 23.641660 525.350000
v 306.016700 23.641660 522.316700
v 306.016700 23.641660 522.783300
v 308.700000 23.641660 525.350000
v 306.016700 23.641660 522.316700
v 308.700000 23.641660 525.350000
v 308.933300 23.641660 525.583300
v 301.583300 23.641660 513.683300
v 305.433300 23.641660 521.733300
v 306.016700 23.641660 522.316700
v 301.583300 23.641660 513.683300
v 306.016700 23.641660 522.316700
v 308.933300 23.641660 525.583300
v 328.533300 23.641660 537.600000
v 328.533300 23.641660 507.733300
v 301.000000 24.050000 507.733300
v 308.933300 23.641660 525.583300
v 308.933300 23.641660 537.600000
v 328.533300 23.641660 537.600000
v 331.800000 23.641660 519.516700
v 332.500000 23.933330 518.933300
v 331.916700 23.933330 517.883400
v 330.633300 23.933330 516.133400
v 329.583300 23.933330 511.000000
v 330.166700 23.933330 507.733300
v 328.533300 23.641660 507.733300
v 328.533300 23.641660 537.600000
v 333.433300 23.641660 521.850000
v 331.800000 23.641660 519.983300
v 341.833300 23.875000 536.783300
v 342.183300 23.991660 535.966700
v 338.100000 23.933330 523.600000
v 333.433300 23.641660 521.850000
v 328.533300 23.641660 537.600000
v 342.183300 23.991660 535.966700
v 343.350000 23.875000 535.150000
v 338.100000 23.933330 523.600000
v 334.366700 23.700000 517.883400
v 336.000000 23.700000 517.883400
v 333.900000 23.700000 515.316700
v 333.783300 23.875000 517.883400
v 334.366700 23.700000 517.883400
v 333.900000 23.700000 515.316700
v 331.916700 23.933330 517.883400
v 333.783300 23.875000 517.883400
v 333.900000 23.700000 515.316700
v 333.550000 23.700000 513.916700
v 330.633300 23.933330 516.133400
v 332.850000 23.700000 510.416700
v 333.550000 23.700000 507.733300
v 330.166700 23.933330 507.733300
v 329.583300 23.933330 511.000000
v 333.550000 23.700000 513.916700
v 332.850000 23.700000 510.416700
v 329.583300 23.933330 511.000000
v 330.633300 23.933330 516.133400
v 353.383300 23.700000 514.966700
v 351.166700 23.700000 518.000000
v 352.566700 23.700000 518.000000
v 353.383300 23.700000 514.966700
v 352.566700 23.700000 518.000000
v 353.033300 23.700000 518.000000
v 357.583300 23.933330 511.116700
v 357.116700 23.933330 507.733300
v 357.000000 23.933330 507.733300
v 353.383300 23.700000 514.966700
v 353.033300 23.700000 518.000000
v 355.133300 23.933330 518.000000
v 356.533300 23.933330 516.133400
v 357.583300 23.933330 511.116700
v 354.316700 23.700000 510.883300
v 357.000000 23.933330 507.733300
v 353.616700 23.700000 507.733300
v 354.316700 23.700000 510.883300
v 357.583300 23.933330 511.116700
v 355.133300 23.933330 518.000000
v 354.433300 23.933330 519.283300
v 354.900000 23.641660 519.750000
v 330.633300 23.933330 516.133400
v 329.583300 23.933330 511.000000
v 328.533300 23.641660 507.733300
v 328.533300 23.641660 537.600000
v 358.400000 23.641660 507.733300
v 357.116700 23.933330 507.733300
v 357.583300 23.933330 511.116700
v 349.066700 23.933330 523.600000
v 343.816700 23.933330 524.650000
v 344.516700 23.875000 535.150000
v 343.350000 23.875000 535.150000
v 343.350000 23.933330 524.650000
v 338.100000 23.933330 523.600000
v 332.500000 23.933330 518.933300
v 333.783300 23.875000 517.883400
v 331.916700 23.933330 517.883400
v 336.000000 23.700000 517.883400
v 334.366700 23.700000 517.883400
v 335.066700 23.700000 519.050000
v 335.883300 23.700000 519.750000
v 336.933300 23.700000 519.050000
v 336.933300 23.700000 519.050000
v 335.883300 23.700000 519.750000
v 335.883300 23.933330 520.216700
v 341.016700 23.700000 521.033300
v 334.950000 23.991660 521.033300
v 341.016700 23.700000 521.033300
v 335.883300 23.933330 520.216700
v 350.816700 23.700000 519.866700
v 352.566700 23.700000 518.000000
v 351.166700 23.700000 518.000000
v 350.116700 23.700000 519.166700
v 350.116700 23.700000 519.166700
v 346.150000 23.700000 521.033300
v 350.816700 23.758330 520.216700
v 350.816700 23.700000 519.866700
v 346.150000 23.700000 521.033300
v 351.633300 23.991660 521.033300
v 350.816700 23.758330 520.216700
v 354.433300 23.933330 519.283300
v 355.133300 23.933330 518.000000
v 353.033300 23.700000 518.000000
v 334.950000 23.991660 521.033300
v 334.716600 23.933330 521.266700
v 335.533300 23.933330 521.850000
v 338.100000 23.933330 523.600000
v 341.016700 23.700000 521.033300
v 351.283300 23.933330 522.083300
v 352.100000 23.933330 521.500000
v 351.633300 23.991660 521.033300
v 346.150000 23.700000 521.033300
v 349.066700 23.933330 523.600000
v 343.350000 23.933330 524.650000
v 343.816700 23.933330 524.650000
v 349.066700 23.933330 523.600000
v 346.150000 23.700000 521.033300
v 341.016700 23.700000 521.033300
v 338.100000 23.933330 523.600000
v 334.016700 23.641660 521.850000
v 335.533300 23.933330 521.850000
v 334.716600 23.933330 521.266700
v 351.283300 23.933330 522.083300
v 352.683300 23.641660 522.083300
v 352.100000 23.933330 521.500000
v 338.100000 23.933330 523.600000
v 335.533300 23.933330 521.850000
v 334.016700 23.641660 521.850000
v 338.100000 23.933330 523.600000
v 334.016700 23.641660 521.850000
v 333.433300 23.641660 521.850000
v 331.800000 23.641660 519.983300
v 331.800000 23.641660 519.516700
v 330.633300 23.933330 516.133400
v 328.533300 23.641660 537.600000
v 343.350000 23.875000 535.150000
v 344.516700 23.875000 535.150000
v 343.816700 23.933330 524.650000
v 343.350000 23.933330 524.650000
v 352.683300 23.641660 522.083300
v 351.283300 23.933330 522.083300
v 349.066700 23.933330 523.600000
v 353.150000 23.641660 522.083300
v 352.683300 23.641660 522.083300
v 349.066700 23.933330 523.600000
v 328.533300 23.641660 537.600000
v 341.950000 23.991660 537.600000
v 341.833300 23.875000 536.783300
v 355.133300 23.933330 518.000000
v 354.900000 23.641660 519.750000
v 354.900000 23.641660 520.216700
v 358.400000 23.641660 537.600000
v 356.533300 23.933330 516.133400
v 349.066700 23.933330 523.600000
v 345.100000 23.933330 535.383400
v 345.916700 23.816670 536.316700
v 353.150000 23.641660 522.083300
v 358.400000 23.641660 507.733300
v 357.583300 23.933330 511.116700
v 356.533300 23.933330 516.133400
v 358.400000 23.641660 537.600000
v 349.066700 23.933330 523.600000
v 344.516700 23.875000 535.150000
v 345.100000 23.933330 535.383400
v 345.916700 23.816670 536.316700
v 346.033300 23.816670 537.600000
v 358.400000 23.641660 537.600000
v 354.900000 23.641660 520.216700
v 353.150000 23.641660 522.083300
v 385.116700 23.641660 522.433300
v 385.233300 23.641660 521.850000
v 384.766700 23.641660 521.616700
v 386.166700 23.641660 523.833300
v 386.050000 23.641660 522.900000
v 385.116700 23.641660 522.433300
v 384.766700 23.641660 521.616700
v 385.000000 23.641660 521.033300
v 383.600000 23.641660 520.216700
v 376.950000 23.641660 527.683300
v 377.766700 23.641660 527.683300
v 377.766700 23.641660 525.583300
v 385.116700 23.641660 522.433300
v 384.766700 23.641660 521.616700
v 383.600000 23.641660 520.216700
v 375.900000 23.641660 527.683300
v 376.950000 23.641660 527.683300
v 377.766700 23.641660 525.583300
v 386.983300 23.641660 525.350000
v 386.166700 23.641660 523.833300
v 385.116700 23.641660 522.433300
v 383.950000 23.641660 519.166700
v 385.233300 23.641660 517.766700
v 385.233300 23.641660 514.266700
v 386.983300 23.641660 525.350000
v 385.116700 23.641660 522.433300
v 383.600000 23.641660 520.216700
v 378.000000 23.641660 525.350000
v 383.600000 23.641660 520.216700
v 383.950000 23.641660 519.166700
v 385.233300 23.641660 514.266700
v 385.816700 24.050000 507.733300
v 378.000000 23.641660 525.350000
v 385.233300 23.641660 514.266700
v 385.816700 24.050000 513.916700
v 385.816700 24.050000 507.733300
v 373.683300 23.641660 537.600000
v 376.950000 23.641660 537.600000
v 376.950000 23.641660 537.483300
v 373.566700 23.641660 537.483300
v 373.100000 23.641660 528.733300
v 374.733300 23.700000 527.800000
v 378.000000 23.641660 525.350000
v 386.633300 24.516660 514.383400
v 387.450000 24.983330 514.383400
v 387.683300 25.391660 513.800000
v 387.566700 25.391660 507.733300
v 385.816700 24.050000 507.733300
v 385.816700 24.050000 513.916700
v 374.850000 23.700000 527.800000
v 375.433300 23.641660 527.800000
v 375.900000 23.641660 527.683300
v 374.733300 23.700000 527.800000
v 374.850000 23.700000 527.800000
v 375.900000 23.641660 527.683300
v 372.983300 23.641660 537.483300
v 373.216700 23.641660 536.900000
v 372.750000 23.641660 536.900000
v 377.766700 23.641660 527.683300
v 376.950000 23.641660 527.683300
v 377.650000 23.641660 528.033300
v 377.650000 23.641660 528.033300
v 377.533300 23.933330 528.500000
v 377.533300 23.933330 528.733300
v 377.650000 23.933330 529.433300
v 377.766700 23.641660 527.683300
v 374.733300 23.700000 527.800000
v 377.766700 23.641660 525.583300
v 378.000000 23.641660 525.350000
v 371.466700 23.641660 532.116700
v 372.166700 23.641660 531.416700
v 371.583300 23.641660 530.716700
v 374.733300 23.700000 527.800000
v 375.900000 23.641660 527.683300
v 377.766700 23.641660 525.583300
v 373.566700 23.641660 537.483300
v 374.266700 23.641660 536.900000
v 373.216700 23.641660 536.900000
v 372.983300 23.641660 537.483300
v 373.100000 23.641660 528.733300
v 373.683300 23.758330 528.616700
v 374.733300 23.700000 527.800000
v 373.566700 23.641660 537.483300
v 376.950000 23.641660 537.483300
v 375.316700 23.641660 536.900000
v 374.266700 23.641660 536.900000
v 376.950000 23.641660 537.483300
v 376.950000 23.641660 536.900000
v 375.316700 23.641660 536.900000
v 377.766700 23.641660 535.033300
v 377.416700 23.641660 532.583300
v 376.833300 23.641660 532.583300
v 377.766700 23.641660 535.033300
v 377.766700 23.641660 532.583300
v 377.416700 23.641660 532.583300
v 374.266700 24.283330 529.083300
v 374.616700 24.283330 529.083300
v 374.616700 24.283330 528.733300
v 375.083300 23.933330 528.266700
v 374.850000 23.700000 527.800000
v 374.733300 23.700000 527.800000
v 374.616700 24.283330 528.733300
v 375.083300 24.166660 528.500000
v 373.683300 23.758330 528.616700
v 374.266700 24.283330 529.083300
v 374.616700 24.283330 528.733300
v 374.733300 23.700000 527.800000
v 375.083300 23.933330 528.266700
v 375.433300 23.641660 527.800000
v 374.850000 23.700000 527.800000
v 377.300000 24.225000 528.733300
v 377.533300 23.933330 528.733300
v 377.533300 23.933330 528.500000
v 375.666700 24.225000 528.733300
v 375.433300 23.933330 528.733300
v 375.666700 24.166660 529.316700
v 375.900000 24.516660 528.733300
v 375.666700 24.225000 528.733300
v 375.666700 24.166660 529.316700
v 376.133300 24.575000 529.316700
v 377.650000 23.933330 529.433300
v 377.300000 24.225000 528.733300
v 376.950000 24.575000 528.733300
v 376.366700 24.866660 528.733300
v 375.900000 24.516660 528.733300
v 376.133300 24.575000 529.316700
v 377.650000 23.933330 529.433300
v 377.533300 23.933330 528.733300
v 377.300000 24.225000 528.733300
v 376.366700 24.866660 528.733300
v 376.133300 24.575000 529.316700
v 376.250000 24.750000 529.550000
v 377.650000 23.933330 529.433300
v 376.950000 24.575000 528.733300
v 377.416700 23.641660 532.583300
v 377.766700 23.641660 532.583300
v 377.650000 23.641660 532.000000
v 375.550000 23.641660 536.666700
v 375.316700 23.641660 536.900000
v 376.950000 23.641660 536.900000
v 377.183300 23.641660 535.500000
v 375.550000 23.641660 536.666700
v 377.183300 23.641660 535.500000
v 377.766700 23.641660 535.033300
v 376.833300 23.641660 532.583300
v 375.666700 23.641660 532.583300
v 372.866700 23.641660 537.600000
v 372.983300 23.641660 537.483300
v 372.750000 23.641660 536.900000
v 372.400000 23.641660 536.433300
v 371.816700 23.641660 536.433300
v 358.400000 23.641660 537.600000
v 372.750000 23.641660 529.083300
v 373.100000 23.641660 528.733300
v 358.400000 23.641660 537.600000
v 371.350000 23.641660 535.966700
v 371.350000 23.641660 534.916700
v 371.350000 23.641660 534.916700
v 371.816700 23.641660 534.566700
v 371.816700 23.641660 533.283300
v 371.466700 23.641660 532.116700
v 358.400000 23.641660 537.600000
v 371.583300 23.641660 530.366700
v 372.750000 23.641660 529.433300
v 372.750000 23.641660 529.083300
v 358.400000 23.641660 537.600000
v 371.466700 23.641660 532.116700
v 371.583300 23.641660 530.716700
v 371.583300 23.641660 530.366700
v 358.400000 23.641660 537.600000
v 372.866700 23.641660 537.600000
v 371.816700 23.641660 536.433300
v 371.350000 23.641660 535.966700
v 358.400000 23.641660 537.600000
v 358.400000 23.641660 537.600000
v 373.100000 23.641660 528.733300
v 378.000000 23.641660 525.350000
v 385.816700 24.050000 507.733300
v 358.400000 23.641660 507.733300
v 298.666700 23.641660 545.650000
v 292.366700 23.641660 545.650000
v 293.766700 23.641660 551.483300
v 297.033300 23.641660 557.433300
v 298.666700 23.641660 558.950000
v 322.583300 23.991660 557.433300
v 322.583300 23.991660 557.200000
v 322.350000 23.991660 557.200000
v 303.450000 23.641660 563.150000
v 311.616700 23.641660 566.300000
v 313.250000 23.933330 557.083300
v 308.700000 23.641660 545.650000
v 298.666700 23.641660 545.650000
v 298.666700 23.641660 558.950000
v 308.933300 23.641660 545.416600
v 308.700000 23.641660 545.650000
v 313.250000 23.933330 557.083300
v 322.583300 23.933330 557.083300
v 308.350000 23.641660 567.350000
v 308.816700 23.641660 567.466600
v 310.450000 23.641660 567.466600
v 311.616700 23.641660 566.300000
v 311.616700 23.641660 566.300000
v 313.250000 23.991660 557.783300
v 313.250000 23.991660 557.433300
v 313.250000 23.991660 557.433300
v 313.483300 23.991660 557.200000
v 313.250000 23.991660 557.200000
v 311.616700 23.641660 566.300000
v 313.250000 23.991660 557.433300
v 313.250000 23.991660 557.200000
v 311.616700 23.641660 566.300000
v 313.250000 23.991660 565.950000
v 313.250000 23.991660 557.783300
v 311.616700 23.641660 566.300000
v 313.250000 23.991660 557.200000
v 313.250000 23.933330 557.083300
v 322.350000 23.991660 557.200000
v 322.583300 23.991660 557.200000
v 322.583300 23.933330 557.083300
v 313.250000 23.933330 557.083300
v 313.250000 23.991660 557.200000
v 313.483300 23.991660 557.200000
v 313.483300 23.991660 557.200000
v 322.350000 23.991660 557.200000
v 322.583300 23.933330 557.083300
v 313.250000 23.933330 557.083300
v 322.583300 23.991660 567.000000
v 322.583300 23.991660 567.116600
v 322.933300 23.641660 567.466600
v 303.450000 23.641660 563.150000
v 308.350000 23.641660 567.350000
v 311.616700 23.641660 566.300000
v 298.666700 23.641660 558.950000
v 302.633300 23.641660 562.683300
v 303.450000 23.641660 563.150000
v 322.583300 23.991660 567.000000
v 322.933300 23.641660 567.466600
v 328.533300 23.641660 567.466600
v 322.583300 23.991660 557.433300
v 328.533300 23.641660 537.600000
v 308.933300 23.641660 537.600000
v 308.933300 23.641660 545.416600
v 322.583300 23.933330 557.083300
v 322.583300 23.991660 557.200000
v 322.583300 23.991660 557.433300
v 328.533300 23.641660 567.466600
v 322.583300 23.933330 557.083300
v 322.583300 23.991660 557.200000
v 328.533300 23.641660 567.466600
v 328.533300 23.641660 537.600000
v 341.950000 23.875000 537.950000
v 341.950000 23.991660 537.600000
v 328.533300 23.641660 537.600000
v 333.666700 23.641660 566.766700
v 353.266700 23.641660 566.766700
v 352.916700 23.641660 566.416600
v 333.900000 23.641660 566.533300
v 350.816700 23.641660 567.466600
v 352.216700 23.641660 567.350000
v 352.800000 23.641660 566.883300
v 333.900000 23.641660 566.883300
v 334.600000 23.641660 567.350000
v 336.000000 23.641660 567.466600
v 344.283300 23.875000 539.233300
v 353.266700 23.641660 565.250000
v 354.200000 23.641660 565.250000
v 342.533300 23.933330 538.766700
v 341.950000 23.875000 537.950000
v 328.533300 23.641660 537.600000
v 352.800000 23.641660 566.883300
v 353.266700 23.641660 566.766700
v 333.666700 23.641660 566.766700
v 333.900000 23.641660 566.883300
v 328.533300 23.641660 567.466600
v 332.266700 23.641660 565.716600
v 332.733300 23.641660 565.366600
v 328.533300 23.641660 537.600000
v 333.666700 23.641660 566.766700
v 333.550000 23.641660 566.883300
v 333.900000 23.641660 566.883300
v 354.316700 23.641660 566.883300
v 354.200000 23.641660 566.766700
v 353.266700 23.641660 566.766700
v 352.800000 23.641660 566.883300
v 353.266700 23.641660 565.250000
v 344.283300 23.875000 539.233300
v 343.466600 23.875000 539.233300
v 332.733300 23.641660 565.366600
v 333.550000 23.641660 565.366600
v 353.266700 23.641660 565.250000
v 358.400000 23.641660 537.600000
v 345.450000 23.875000 538.650000
v 344.866700 23.875000 539.116600
v 358.400000 23.641660 537.600000
v 346.033300 23.816670 537.600000
v 345.450000 23.875000 538.650000
v 333.550000 23.641660 565.366600
v 353.150000 23.641660 565.366600
v 353.266700 23.641660 565.250000
v 343.466600 23.875000 539.233300
v 342.533300 23.933330 538.766700
v 328.533300 23.641660 537.600000
v 332.733300 23.641660 565.366600
v 353.266700 23.641660 565.250000
v 331.333300 23.641660 567.466600
v 332.266700 23.641660 566.766700
v 332.266700 23.641660 565.716600
v 328.533300 23.641660 567.466600
v 331.333300 23.641660 567.466600
v 332.500000 23.641660 567.000000
v 332.266700 23.641660 566.766700
v 353.150000 23.641660 565.366600
v 333.550000 23.641660 565.366600
v 333.900000 23.641660 565.833300
v 352.916700 23.641660 565.600000
v 333.900000 23.641660 565.833300
v 333.900000 23.641660 566.533300
v 352.916700 23.641660 566.416600
v 352.916700 23.641660 565.600000
v 354.550000 23.641660 566.416600
v 354.200000 23.641660 566.766700
v 354.316700 23.641660 566.883300
v 354.900000 23.641660 567.350000
v 354.200000 23.641660 565.250000
v 354.550000 23.641660 565.600000
v 358.400000 23.641660 567.466600
v 358.400000 23.641660 537.600000
v 344.866700 23.875000 539.116600
v 344.283300 23.875000 539.233300
v 354.550000 23.641660 566.416600
v 354.900000 23.641660 567.350000
v 355.483300 23.641660 567.466600
v 358.400000 23.641660 567.466600
v 354.550000 23.641660 565.600000
v 371.816700 23.641660 538.183300
v 372.516700 23.641660 538.066700
v 372.866700 23.641660 537.600000
v 358.400000 23.641660 537.600000
v 373.800000 23.991660 565.833300
v 375.200000 23.641660 566.066700
v 380.100000 23.641660 564.783300
v 373.800000 23.991660 557.316700
v 375.200000 23.641660 566.066700
v 376.016700 23.641660 566.883300
v 380.100000 23.641660 564.783300
v 371.350000 23.641660 538.766700
v 371.816700 23.641660 538.183300
v 358.400000 23.641660 537.600000
v 376.483300 23.641660 537.833300
v 376.950000 23.641660 537.833300
v 376.950000 23.641660 537.600000
v 373.683300 23.641660 537.600000
v 374.733300 23.641660 540.283300
v 374.966700 23.641660 540.283300
v 374.966700 23.641660 539.350000
v 374.033300 23.641660 538.533300
v 373.566700 23.641660 538.883300
v 373.450000 23.641660 539.700000
v 375.200000 23.641660 539.116600
v 375.783300 23.641660 539.116600
v 375.783300 23.641660 538.300000
v 373.683300 23.641660 537.600000
v 374.033300 23.641660 537.950000
v 375.783300 23.641660 538.300000
v 376.483300 23.641660 537.833300
v 374.966700 23.641660 539.350000
v 375.200000 23.641660 539.116600
v 375.783300 23.641660 538.300000
v 374.033300 23.641660 537.950000
v 374.033300 23.641660 538.533300
v 373.450000 23.641660 539.700000
v 372.633300 23.641660 540.283300
v 374.733300 23.641660 540.283300
v 377.416700 24.050000 541.216600
v 377.416700 24.050000 541.450000
v 377.766700 23.641660 541.450000
v 377.183300 23.641660 539.700000
v 377.183300 24.050000 541.216600
v 377.416700 24.050000 541.216600
v 377.183300 23.641660 539.700000
v 377.416700 24.050000 541.216600
v 377.766700 23.641660 541.450000
v 377.650000 23.641660 539.350000
v 377.766700 23.641660 541.450000
v 377.766700 23.641660 538.416600
v 377.650000 23.641660 539.350000
v 374.383300 23.641660 541.100000
v 374.733300 23.641660 540.283300
v 372.633300 23.641660 540.283300
v 374.383300 23.641660 541.683300
v 374.383300 23.641660 541.100000
v 372.633300 23.641660 540.283300
v 374.616700 23.641660 541.916600
v 374.383300 23.641660 541.683300
v 372.633300 23.641660 540.283300
v 372.166700 23.641660 540.283300
v 371.466700 23.641660 539.816700
v 371.350000 23.641660 538.766700
v 358.400000 23.641660 537.600000
v 358.400000 23.641660 567.466600
v 364.466700 23.933330 557.083300
v 376.950000 23.641660 541.450000
v 377.183300 24.050000 541.450000
v 377.183300 24.050000 541.216600
v 377.183300 24.050000 541.450000
v 377.416700 24.050000 541.450000
v 377.416700 24.050000 541.216600
v 377.183300 24.050000 541.216600
v 377.766700 23.641660 541.916600
v 377.766700 23.641660 541.450000
v 377.416700 24.050000 541.450000
v 377.766700 23.641660 541.916600
v 377.416700 24.050000 541.450000
v 377.183300 24.050000 541.450000
v 377.766700 23.641660 541.916600
v 377.183300 24.050000 541.450000
v 376.950000 23.641660 541.450000
v 375.083300 23.641660 541.916600
v 377.766700 23.641660 541.916600
v 376.950000 23.641660 541.450000
v 375.316700 23.641660 541.450000
v 377.766700 23.641660 545.416600
v 377.766700 23.641660 541.916600
v 375.083300 23.641660 541.916600
v 377.766700 23.641660 545.416600
v 375.083300 23.641660 541.916600
v 374.616700 23.641660 541.916600
v 364.000000 23.641660 567.466600
v 364.583300 23.991660 567.000000
v 364.583300 23.991660 563.500000
v 364.466700 23.933330 557.083300
v 358.400000 23.641660 567.466600
v 373.800000 23.991660 557.316700
v 373.800000 23.991660 557.083300
v 373.566700 23.991660 557.083300
v 373.566700 23.991660 557.083300
v 373.800000 23.991660 557.083300
v 378.000000 23.641660 545.650000
v 373.216700 23.991660 557.083300
v 373.566700 23.991660 557.083300
v 378.000000 23.641660 545.650000
v 377.766700 23.641660 545.416600
v 364.583300 23.991660 563.500000
v 364.583300 23.991660 557.433300
v 364.466700 23.933330 557.083300
v 377.766700 23.641660 545.416600
v 372.166700 23.641660 540.283300
v 371.466700 23.641660 539.816700
v 364.466700 23.933330 557.083300
v 373.216700 23.991660 557.083300
v 364.816700 24.050000 557.200000
v 373.216700 23.991660 557.083300
v 364.466700 23.933330 557.083300
v 364.583300 23.991660 557.433300
v 364.816700 24.050000 557.200000
v 364.466700 23.933330 557.083300
v 377.766700 23.641660 545.416600
v 374.616700 23.641660 541.916600
v 372.166700 23.641660 540.283300
v 373.800000 23.991660 557.083300
v 373.800000 23.991660 557.316700
v 380.100000 23.641660 564.783300
v 380.100000 23.641660 564.783300
v 386.633300 23.641660 560.816700
v 388.266700 23.641660 558.833300
v 388.266700 23.641660 545.650000
v 378.000000 23.641660 545.650000
v 373.800000 23.991660 557.083300
v 394.566700 23.641660 548.333300
v 395.033300 23.641660 545.650000
v 388.266700 23.641660 545.650000
v 388.266700 23.641660 558.833300
v 391.533300 23.641660 554.983300
v 310.450000 23.641660 567.466700
v 308.816700 23.641660 567.466700
v 309.866700 23.641660 568.050000
v 327.250000 23.641660 568.516700
v 328.533300 23.641660 568.283300
v 328.533300 23.641660 567.466700
v 322.933300 23.641660 567.466700
v 325.033300 23.641660 568.516700
v 322.933300 23.641660 567.466700
v 323.983300 23.641660 568.516700
v 324.450000 23.641660 568.516700
v 322.933300 23.641660 567.466700
v 324.450000 23.641660 568.516700
v 325.033300 23.641660 568.516700
v 324.450000 23.641660 568.516700
v 323.983300 23.641660 568.516700
v 324.100000 23.641660 568.750000
v 327.250000 23.641660 568.516700
v 325.033300 23.641660 568.516700
v 326.083300 23.641660 568.866700
v 326.200000 23.641660 581.000000
v 324.450000 23.641660 581.350000
v 323.400000 23.641660 582.400000
v 323.400000 23.641660 597.333300
v 328.533300 23.641660 597.333300
v 328.533300 23.641660 581.700000
v 328.533300 23.641660 568.283300
v 331.333300 23.641660 567.466700
v 328.533300 23.641660 567.466700
v 334.016700 23.641660 582.983300
v 352.800000 23.641660 582.983300
v 352.216700 23.641660 582.516700
v 350.816700 23.641660 582.400000
v 336.000000 23.641660 582.400000
v 334.600000 23.641660 582.516700
v 349.300000 23.641660 581.116700
v 349.300000 23.641660 568.750000
v 337.516700 23.641660 568.866700
v 337.516700 23.641660 581.116700
v 349.300000 23.641660 568.750000
v 350.816700 23.641660 567.466700
v 336.000000 23.641660 567.466700
v 337.516700 23.641660 568.866700
v 350.816700 23.641660 582.400000
v 349.300000 23.641660 581.116700
v 337.516700 23.641660 581.116700
v 336.000000 23.641660 582.400000
v 358.400000 23.641660 568.283300
v 358.400000 23.641660 567.466700
v 355.483300 23.641660 567.466700
v 328.533300 23.641660 597.333300
v 358.400000 23.641660 597.333300
v 352.800000 23.641660 582.983300
v 334.016700 23.641660 582.983300
v 358.400000 23.641660 581.583300
v 355.250000 23.641660 582.400000
v 354.433300 23.641660 582.983300
v 358.400000 23.641660 597.333300
v 334.016700 23.641660 582.983300
v 332.383300 23.641660 582.983300
v 328.533300 23.641660 597.333300
v 358.400000 23.641660 597.333300
v 354.433300 23.641660 582.983300
v 352.800000 23.641660 582.983300
v 332.383300 23.641660 582.983300
v 331.566700 23.641660 582.400000
v 328.533300 23.641660 581.700000
v 328.533300 23.641660 597.333300
v 358.400000 23.641660 567.466700
v 358.400000 23.641660 568.283300
v 359.450000 23.641660 568.516700
v 361.783300 23.641660 568.516700
v 364.000000 23.641660 567.466700
v 362.366700 23.641660 568.516700
v 362.950000 23.641660 568.516700
v 364.000000 23.641660 567.466700
v 361.783300 23.641660 568.516700
v 362.366700 23.641660 568.516700
v 364.000000 23.641660 567.466700
v 361.783300 23.641660 568.516700
v 359.450000 23.641660 568.516700
v 360.383300 23.641660 568.866700
v 362.950000 23.641660 568.516700
v 362.366700 23.641660 568.516700
v 362.600000 23.641660 568.866700
v 359.566700 23.641660 581.350000
v 361.666700 23.641660 581.350000
v 360.500000 23.641660 581.000000
v 362.366700 23.641660 581.350000
v 362.716700 23.641660 581.350000
v 362.483300 23.641660 581.116700
v 363.416700 23.641660 581.933300
v 362.716700 23.641660 581.350000
v 362.366700 23.641660 581.350000
v 363.416700 23.641660 581.933300
v 362.366700 23.641660 581.350000
v 361.666700 23.641660 581.350000
v 361.666700 23.641660 581.350000
v 359.566700 23.641660 581.350000
v 358.400000 23.641660 581.583300
v 358.400000 23.641660 597.333300
v 363.416700 23.641660 597.333300
v 363.416700 23.641660 581.933300
v 325.383300 23.641660 616.583300
v 327.250000 23.641660 616.583300
v 328.533300 23.641660 616.233300
v 324.450000 23.641660 616.583300
v 325.383300 23.641660 616.583300
v 328.533300 23.641660 616.233300
v 323.400000 23.641660 616.583300
v 324.450000 23.641660 616.583300
v 328.533300 23.641660 616.233300
v 328.533300 23.641660 597.333300
v 323.400000 23.641660 597.333300
v 323.400000 23.641660 616.583300
v 323.633300 23.641660 617.283300
v 323.866700 23.641660 617.283300
v 324.450000 23.641660 616.583300
v 327.250000 23.641660 616.583300
v 325.383300 23.641660 616.583300
v 325.850000 23.641660 616.816700
v 326.783300 23.641660 616.816700
v 328.533300 23.641660 616.233300
v 331.683300 23.641660 615.533300
v 332.616700 23.641660 614.833300
v 328.533300 23.641660 597.333300
v 353.033300 23.641660 614.833300
v 333.900000 23.641660 614.833300
v 334.716600 23.641660 615.416600
v 336.116700 23.641660 615.533300
v 350.816700 23.641660 615.533300
v 352.216700 23.641660 615.416600
v 353.033300 23.641660 614.833300
v 354.316700 23.641660 614.833300
v 358.400000 23.641660 597.333300
v 328.533300 23.641660 597.333300
v 332.616700 23.641660 614.833300
v 333.900000 23.641660 614.833300
v 333.900000 23.641660 614.833300
v 353.033300 23.641660 614.833300
v 358.400000 23.641660 597.333300
v 328.533300 23.641660 597.333300
v 336.116700 23.641660 615.533300
v 337.166700 23.641660 616.583300
v 349.766700 23.641660 616.583300
v 350.816700 23.641660 615.533300
v 354.316700 23.641660 614.833300
v 355.366700 23.641660 615.533300
v 358.400000 23.641660 616.233300
v 358.400000 23.641660 597.333300
v 358.400000 23.641660 616.233300
v 359.800000 23.641660 616.583300
v 361.666700 23.641660 616.583300
v 358.400000 23.641660 616.233300
v 361.666700 23.641660 616.583300
v 362.483300 23.641660 616.583300
v 358.400000 23.641660 616.233300
v 362.483300 23.641660 616.583300
v 363.300000 23.641660 616.583300
v 363.416700 23.641660 597.333300
v 358.400000 23.641660 597.333300
v 361.666700 23.641660 616.583300
v 359.800000 23.641660 616.583300
v 360.266700 23.641660 616.816700
v 363.300000 23.641660 616.583300
v 362.483300 23.641660 616.583300
v 362.833300 23.641660 617.050000
f 1 2 3
f 4 5 6
f 7 8 9
f 7 9 10
f 11 12 13
f 11 13 14
f 11 14 15
f 16 17 18
f 16 18 19
f 20 21 22
f 23 24 25
f 26 27 28
f 29 30 31
f 29 31 32
f 29 32 33
f 34 35 36
f 34 36 37
f 38 39 40
f 41 42 43
f 44 45 46
f 47 48 49
f 50 51 52
f 50 52 53
f 50 53 54
f 50 54 55
f 56 57 58
f 59 60 61
f 62 63 64
f 65 66 67
f 68 69 70
f 71 72 73
f 71 73 74
f 71 74 75
f 71 75 76
f 77 78 79
f 77 79 80
f 77 80 81
f 77 81 82
f 83 84 85
f 83 85 86
f 87 88 89
f 87 89 90
f 91 92 93
f 91 93 94
f 95 96 97
f 98 99 100
f 101 102 103
f 101 103 104
f 105 106 107
f 105 107 108
f 105 108 109
f 110 111 112
f 110 112 113
f 114 115 116
f 114 116 117
f 118 119 120
f 121 122 123
f 121 123 124
f 121 124 125
f 121 125 126
f 127 128 129
f 130 131 132
f 133 134 135
f 133 135 136
f 133 136 137
f 138 139 140
f 141 142 143
f 144 145 146
f 147 148 149
f 147 149 150
f 147 150 151
f 147 151 152
f 153 154 155
f 156 157 158
f 156 158 159
f 160 161 162
f 163 164 165
f 166 167 168
f 169 170 171
f 169 171 172
f 169 172 173
f 174 175 176
f 177 178 179
f 180 181 182
f 183 184 185
f 186 187 188
f 186 188 189
f 186 189 190
f 191 192 193
f 191 193 194
f 195 196 197
f 195 197 198
f 195 198 199
f 200 201 202
f 200 202 203
f 204 205 206
f 204 206 207
f 208 209 210
f 211 212 213
f 211 213 214
f 211 214 215
f 216 217 218
f 219 220 221
f 222 223 224
f 225 226 227
f 228 229 230
f 228 230 231
f 232 233 234
f 235 236 237
f 238 239 240
f 238 240 241
f 242 243 244
f 242 244 245
f 242 245 246
f 247 248 249
f 247 249 250
f 247 250 251
f 252 253 254
f 255 256 257
f 258 259 260
f 258 260 261
f 258 261 262
f 263 264 265
f 266 267 268
f 266 268 269
f 266 269 270
f 271 272 273
f 271 273 274
f 275 276 277
f 275 277 278
f 275 278 279
f 280 281 282
f 280 282 283
f 284 285 286
f 287 288 289
f 290 291 292
f 290 292 293
f 290 293 294
f 295 296 297
f 295 297 298
f 295 298 299
f 300 301 302
f 303 304 305
f 303 305 306
f 307 308 309
f 310 311 312
f 310 312 313
f 314 315 316
f 317 318 319
f 320 321 322
f 323 324 325
f 323 325 326
f 323 326 327
f 328 329 330
f 331 332 333
f 331 333 334
f 331 334 335
f 331 335 336
f 337 338 339
f 340 341 342
f 340 342 343
f 340 343 344
f 340 344 345
f 346 347 348
f 349 350 351
f 352 353 354
f 355 356 357
f 358 359 360
f 361 362 363
f 364 365 366
f 364 366 367
f 368 369 370
f 368 370 371
f 372 373 374
f 372 374 375
f 376 377 378
f 379 380 381
f 379 381 382
f 379 382 383
f 379 383 384
f 385 386 387
f 388 389 390
f 388 390 391
f 392 393 394
f 395 396 397
f 395 397 398
f 399 400 401
f 402 403 404
f 405 406 407
f 408 409 410
f 408 410 411
f 408 411 412
f 408 412 413
f 414 415 416
f 417 418 419
f 420 421 422
f 423 424 425
f 426 427 428
f 426 428 429
f 430 431 432
f 433 434 435
f 436 437 438
f 436 438 439
f 440 441 442
f 443 444 445
f 446 447 448
f 449 450 451
f 452 453 454
f 452 454 455
f 452 455 456
f 457 458 459
f 457 459 460
f 461 462 463
f 464 465 466
f 467 468 469
f 470 471 472
f 470 472 473
f 474 475 476
f 474 476 477
f 474 477 478
f 474 478 479
f 480 481 482
f 483 484 485
f 486 487 488
f 486 488 489
f 486 489 490
f 486 490 491
f 492 493 494
f 492 494 495
f 496 497 498
f 499 500 501
f 499 501 502
f 503 504 505
f 506 507 508
f 506 508 509
f 510 511 512
f 513 514 515
f 513 515 516
f 517 518 519
f 520 521 522
f 520 522 523
f 520 523 524
f 520 524 525
f 526 527 528
f 526 528 529
f 526 529 530
f 526 530 531
f 532 533 534
f 532 534 535
f 536 537 538
f 536 538 539
f 540 541 542
f 540 542 543
f 544 545 546
f 544 546 547
f 544 547 548
f 549 550 551
f 552 553 554
f 552 554 555
f 552 555 556
f 557 558 559
f 557 559 560
f 561 562 563
f 561 563 564
f 561 564 565
f 566 567 568
f 569 570 571
f 572 573 574
f 575 576 577
f 578 579 580
f 578 580 581
f 582 583 584
f 585 586 587
f 588 589 590
f 591 592 593
f 591 593 594
f 595 596 597
f 595 597 598
f 599 600 601
f 599 601 602
f 599 602 603
f 604 605 606
f 607 608 609
f 607 609 610
f 611 612 613
f 614 615 616
f 617 618 619
f 617 619 620
f 617 620 621
f 622 623 624
f 622 624 625
f 622 625 626
f 627 628 629
f 630 631 632
f 633 634 635
f 636 637 638
f 636 638 639
f 640 641 642
f 643 644 645
f 643 645 646
f 647 648 649
f 650 651 652
f 650 652 653
f 654 655 656
f 657 658 659
f 660 661 662
f 663 664 665
f 666 667 668
f 669 670 671
f 672 673 674
f 672 674 675
f 676 677 678
f 676 678 679
f 680 681 682
f 683 684 685
f 686 687 688
f 686 688 689
f 690 691 692
f 690 692 693
f 694 695 696
f 694 696 697
f 694 697 698
f 699 700 701
f 702 703 704
f 702 704 705
f 706 707 708
f 709 710 711
f 712 713 714
f 715 716 717
f 715 717 718
f 719 720 721
f 722 723 724
f 725 726 727
f 728 729 730
f 728 730 731
f 732 733 734
f 735 736 737
f 735 737 738
f 739 740 741
f 742 743 744
f 745 746 747
f 745 747 748
f 749 750 751
f 749 751 752
f 753 754 755
f 756 757 758
f 756 758 759
f 760 761 762
f 763 764 765
f 766 767 768
f 769 770 771
f 772 773 774
f 775 776 777
f 775 777 778
f 779 780 781
f 782 783 784
f 785 786 787
f 785 787 788
f 789 790 791
f 792 793 794
f 792 794 795
f 796 797 798
f 796 798 799
f 800 801 802
f 800 802 803
f 800 803 804
f 805 806 807
f 808 809 810
f 808 810 811
f 812 813 814
f 815 816 817
f 818 819 820
f 821 822 823
f 824 825 826
f 824 826 827
f 828 829 830
f 828 830 831
f 832 833 834
f 835 836 837
f 835 837 838
f 839 840 841
f 842 843 844
f 842 844 845
f 846 847 848
f 846 848 849
f 850 851 852
f 853 854 855
f 853 855 856
f 853 856 857
f 858 859 860
f 858 860 861
f 862 863 864
f 865 866 867
f 868 869 870
f 871 872 873
f 871 873 874
f 871 874 875
f 876 877 878
f 879 880 881
f 879 881 882
f 879 882 883
f 879 883 884
f 885 886 887
f 885 887 888
f 889 890 891
f 889 891 892
f 893 894 895
f 896 897 898
f 899 900 901
f 899 901 902
f 903 904 905
f 903 905 906
f 903 906 907
f 908 909 910
f 908 910 911
f 912 913 914
f 915 916 917
f 915 917 918
f 919 920 921
f 922 923 924
f 925 926 927
f 925 927 928
f 929 930 931
f 929 931 932
f 929 932 933
f 929 933 934
f 935 936 937
f 935 937 938
f 939 940 941
f 942 943 944
f 945 946 947
f 945 947 948
f 945 948 949
f 950 951 952
f 953 954 955
f 956 957 958
f 956 958 959
f 956 959 960
f 956 960 961
f 962 963 964
f 962 964 965
f 966 967 968
f 969 970 971
f 969 971 972
f 973 974 975
f 976 977 978
f 976 978 979
f 980 981 982
f 983 984 985
f 986 987 988
f 986 988 989
f 990 991 992
f 993 994 995
f 996 997 998
f 996 998 999
f 996 999 1000
f 1001 1002 1003
f 1001 1003 1004
f 1001 1004 1005
f 1006 1007 1008
f 1009 1010 1011
f 1012 1013 1014
f 1015 1016 1017
f 1015 1017 1018
f 1019 1020 1021
f 1019 1021 1022
f 1023 1024 1025
f 1023 1025 1026
f 1027 1028 1029
f 1030 1031 1032
f 1030 1032 1033
f 1034 1035 1036
f 1034 1036 1037
f 1038 1039 1040
f 1041 1042 1043
f 1041 1043 1044
f 1045 1046 1047
f 1045 1047 1048
f 1049 1050 1051
f 1052 1053 1054
f 1055 1056 1057
f 1058 1059 1060
f 1061 1062 1063
f 1061 1063 1064
f 1065 1066 1067
f 1068 1069 1070
f 1068 1070 1071
f 1072 1073 1074
f 1072 1074 1075
f 1072 1075 1076
f 1077 1078 1079
f 1080 1081 1082
f 1083 1084 1085
f 1086 1087 1088
f 1086 1088 1089
f 1086 1089 1090
f 1086 1090 1091
f 1092 1093 1094
f 1092 1094 1095
f 1096 1097 1098
f 1096 1098 1099
f 1100 1101 1102
f 1103 1104 1105
f 1106 1107 1108
f 1106 1108 1109
f 1110 1111 1112
f 1113 1114 1115
f 1113 1115 1116
f 1117 1118 1119
f 1120 1121 1122
f 1120 1122 1123
f 1120 1123 1124
f 1125 1126 1127
f 1125 1127 1128
f 1129 1130 1131
f 1129 1131 1132
f 1129 1132 1133
f 1129 1133 1134
f 1135 1136 1137
f 1135 1137 1138
f 1139 1140 1141
f 1139 1141 1142
f 1143 1144 1145
f 1143 1145 1146
f 1147 1148 1149
f 1147 1149 1150
f 1151 1152 1153
f 1151 1153 1154
f 1155 1156 1157
f 1155 1157 1158
f 1159 1160 1161
f 1162 1163 1164
f 1165 1166 1167
f 1165 1167 1168
f 1169 1170 1171
f 1172 1173 1174
f 1175 1176 1177
f 1175 1177 1178
f 1175 1178 1179
f 1175 1179 1180
f 1181 1182 1183
f 1184 1185 1186
f 1187 1188 1189
f 1190 1191 1192
f 1190 1192 1193
f 1194 1195 1196
f 1194 1196 1197
f 1198 1199 1200
f 1201 1202 1203
f 1204 1205 1206
f 1204 1206 1207
f 1208 1209 1210
f 1208 1210 1211
f 1212 1213 1214
f 1215 1216 1217
f 1215 1217 1218
f 1219 1220 1221
f 1222 1223 1224
f 1225 1226 1227
f 1225 1227 1228
f 1229 1230 1231
f 1229 1231 1232
f 1233 1234 1235
f 1236 1237 1238
f 1239 1240 1241
f 1239 1241 1242
f 1239 1242 1243
f 1244 1245 1246
f 1247 1248 1249
f 1247 1249 1250
f 1251 1252 1253
f 1251 1253 1254
f 1255 1256 1257
f 1255 1257 1258
f 1259 1260 1261
f 1259 1261 1262
f 1263 1264 1265
f 1263 1265 1266
f 1267 1268 1269
f 1267 1269 1270
f 1271 1272 1273
f 1271 1273 1274
f 1275 1276 1277
f 1275 1277 1278
f 1279 1280 1281
f 1279 1281 1282
f 1279 1282 1283
f 1284 1285 1286
f 1284 1286 1287
f 1288 1289 1290
f 1288 1290 1291
f 1292 1293 1294
f 1292 1294 1295
f 1296 1297 1298
f 1299 1300 1301
f 1302 1303 1304
f 1302 1304 1305
f 1302 1305 1306
f 1307 1308 1309
f 1310 1311 1312
f 1313 1314 1315
f 1313 1315 1316
f 1317 1318 1319
f 1317 1319 1320
f 1321 1322 1323
f 1321 1323 1324
f 1325 1326 1327
f 1325 1327 1328
f 1329 1330 1331
f 1332 1333 1334
f 1335 1336 1337
f 1338 1339 1340
f 1341 1342 1343
f 1344 1345 1346
f 1344 1346 1347
f 1344 1347 1348
f 1349 1350 1351
f 1352 1353 1354
f 1355 1356 1357
f 1355 1357 1358
f 1359 1360 1361
f 1359 1361 1362
f 1363 1364 1365
f 1366 1367 1368
f 1369 1370 1371
f 1369 1371 1372
f 1373 1374 1375
f 1373 1375 1376
f 1377 1378 1379
f 1377 1379 1380
f 1377 1380 1381
f 1377 1381 1382
f 1383 1384 1385
f 1383 1385 1386
f 1387 1388 1389
f 1387 1389 1390
f 1391 1392 1393
f 1391 1393 1394
f 1395 1396 1397
f 1395 1397 1398
f 1399 1400 1401
f 1399 1401 1402
f 1403 1404 1405
f 1403 1405 1406
f 1407 1408 1409
f 1407 1409 1410
f 1411 1412 1413
f 1411 1413 1414
f 1415 1416 1417
f 1415 1417 1418
f 1419 1420 1421
f 1419 1421 1422
f 1423 1424 1425
f 1423 1425 1426
f 1427 1428 1429
f 1427 1429 1430
f 1431 1432 1433
f 1431 1433 1434
f 1431 1434 1435
f 1431 1435 1436
f 1437 1438 1439
f 1437 1439 1440
f 1441 1442 1443
f 1441 1443 1444
f 1441 1444 1445
f 1441 1445 1446
f 1447 1448 1449
f 1447 1449 1450
f 1447 1450 1451
f 1452 1453 1454
f 1455 1456 1457
f 1458 1459 1460
f 1461 1462 1463
f 1461 1463 1464
f 1461 1464 1465
f 1466 1467 1468
f 1469 1470 1471
f 1472 1473 1474
f 1475 1476 1477
f 1475 1477 1478
f 1475 1478 1479
f 1475 1479 1480
f 1481 1482 1483
f 1481 1483 1484
f 1485 1486 1487
f 1488 1489 1490
f 1491 1492 1493
f 1494 1495 1496
f 1497 1498 1499
f 1500 1501 1502
f 1503 1504 1505
f 1503 1505 1506
f 1507 1508 1509
f 1507 1509 1510
f 1511 1512 1513
f 1511 1513 1514
f 1511 1514 1515
f 1516 1517 1518
f 1516 1518 1519
f 1520 1521 1522
f 1523 1524 1525
f 1523 1525 1526
f 1527 1528 1529
f 1530 1531 1532
f 1533 1534 1535
f 1536 1537 1538
f 1539 1540 1541
f 1539 1541 1542
f 1539 1542 1543
f 1539 1543 1544
f 1545 1546 1547
f 1548 1549 1550
f 1548 1550 1551
f 1552 1553 1554
f 1555 1556 1557
f 1555 1557 1558
f 1559 1560 1561
f 1562 1563 1564
f 1562 1564 1565
f 1562 1565 1566
f 1567 1568 1569
f 1570 1571 1572
f 1573 1574 1575
f 1576 1577 1578
f 1576 1578 1579
f 1576 1579 1580
f 1581 1582 1583
f 1584 1585 1586
f 1584 1586 1587
f 1588 1589 1590
f 1588 1590 1591
f 1592 1593 1594
f 1595 1596 1597
f 1598 1599 1600
f 1601 1602 1603
f 1601 1603 1604
f 1605 1606 1607
f 1608 1609 1610
f 1611 1612 1613
f 1614 1615 1616
f 1614 1616 1617
f 1618 1619 1620
f 1621 1622 1623
f 1624 1625 1626
f 1627 1628 1629
f 1627 1629 1630
f 1631 1632 1633
f 1634 1635 1636
f 1637 1638 1639
f 1640 1641 1642
f 1640 1642 1643
f 1640 1643 1644
f 1645 1646 1647
f 1648 1649 1650
f 1651 1652 1653
f 1654 1655 1656
f 1657 1658 1659
f 1660 1661 1662
f 1663 1664 1665
f 1666 1667 1668
f 1666 1668 1669
f 1670 1671 1672
f 1670 1672 1673
f 1674 1675 1676
f 1677 1678 1679
f 1680 1681 1682
f 1683 1684 1685
f 1686 1687 1688
f 1689 1690 1691
f 1689 1691 1692
f 1693 1694 1695
f 1693 1695 1696
f 1697 1698 1699
f 1700 1701 1702
f 1703 1704 1705
f 1706 1707 1708
f 1706 1708 1709
f 1710 1711 1712
f 1713 1714 1715
f 1713 1715 1716
f 1713 1716 1717
f 1718 1719 1720
f 1718 1720 1721
f 1722 1723 1724
f 1725 1726 1727
f 1725 1727 1728
f 1725 1728 1729
f 1730 1731 1732
f 1730 1732 1733
f 1734 1735 1736
f 1734 1736 1737
f 1738 1739 1740
f 1741 1742 1743
f 1744 1745 1746
f 1744 1746 1747
f 1748 1749 1750
f 1751 1752 1753
f 1754 1755 1756
f 1757 1758 1759
f 1760 1761 1762
f 1763 1764 1765
f 1766 1767 1768
f 1766 1768 1769
f 1770 1771 1772
f 1770 1772 1773
f 1774 1775 1776
f 1777 1778 1779
f 1780 1781 1782
f 1780 1782 1783
f 1784 1785 1786
f 1787 1788 1789
f 1790 1791 1792
f 1793 1794 1795
f 1793 1795 1796
f 1793 1796 1797
f 1798 1799 1800
f 1801 1802 1803
f 1801 1803 1804
f 1801 1804 1805
f 1801 1805 1806
f 1807 1808 1809
f 1810 1811 1812
f 1813 1814 1815
f 1813 1815 1816
f 1817 1818 1819
f 1817 1819 1820
f 1821 1822 1823
f 1821 1823 1824
f 1825 1826 1827
f 1828 1829 1830
f 1831 1832 1833
f 1831 1833 1834
f 1835 1836 1837
f 1835 1837 1838
f 1835 1838 1839
f 1835 1839 1840
f 1841 1842 1843
f 1844 1845 1846
f 1847 1848 1849
f 1847 1849 1850
f 1851 1852 1853
f 1854 1855 1856
f 1857 1858 1859
f 1857 1859 1860
f 1861 1862 1863
f 1861 1863 1864
f 1861 1864 1865
f 1866 1867 1868
f 1869 1870 1871
f 1869 1871 1872
f 1873 1874 1875
f 1873 1875 1876
f 1877 1878 1879
f 1880 1881 1882
f 1883 1884 1885
f 1886 1887 1888
f 1889 1890 1891
f 1892 1893 1894
f 1892 1894 1895
f 1892 1895 1896
f 1897 1898 1899
f 1900 1901 1902
f 1903 1904 1905
f 1906 1907 1908
f 1909 1910 1911
f 1912 1913 1914
f 1915 1916 1917
f 1918 1919 1920
f 1918 1920 1921
f 1922 1923 1924
f 1925 1926 1927
f 1928 1929 1930
f 1931 1932 1933
f 1934 1935 1936
f 1934 1936 1937
f 1938 1939 1940
f 1938 1940 1941
f 1942 1943 1944
f 1945 1946 1947
f 1945 1947 1948
f 1945 1948 1949
f 1950 1951 1952
f 1953 1954 1955
f 1956 1957 1958
f 1959 1960 1961
f 1962 1963 1964
f 1962 1964 1965
f 1962 1965 1966
f 1967 1968 1969
f 1970 1971 1972
f 1970 1972 1973
f 1974 1975 1976
f 1974 1976 1977
f 1978 1979 1980
f 1981 1982 1983
f 1984 1985 1986
f 1984 1986 1987
f 1988 1989 1990
f 1991 1992 1993
f 1991 1993 1994
f 1995 1996 1997
f 1995 1997 1998
f 1999 2000 2001
f 2002 2003 2004
f 2005 2006 2007
f 2005 2007 2008
f 2009 2010 2011
f 2009 2011 2012
f 2013 2014 2015
f 2016 2017 2018
f 2019 2020 2021
f 2022 2023 2024
f 2022 2024 2025
f 2026 2027 2028
f 2026 2028 2029
f 2030 2031 2032
f 2033 2034 2035
f 2036 2037 2038
f 2039 2040 2041
f 2039 2041 2042
f 2043 2044 2045
f 2046 2047 2048
f 2046 2048 2049
f 2050 2051 2052
f 2053 2054 2055
f 2053 2055 2056
f 2057 2058 2059
f 2060 2061 2062
f 2063 2064 2065
f 2066 2067 2068
f 2069 2070 2071
f 2072 2073 2074
f 2072 2074 2075
f 2076 2077 2078
f 2079 2080 2081
f 2082 2083 2084
f 2085 2086 2087
f 2088 2089 2090
f 2088 2090 2091
f 2092 2093 2094
f 2095 2096 2097
f 2095 2097 2098
f 2095 2098 2099
f 2100 2101 2102
f 2103 2104 2105
f 2106 2107 2108
f 2109 2110 2111
f 2109 2111 2112
f 2113 2114 2115
f 2116 2117 2118
f 2116 2118 2119
f 2120 2121 2122
f 2123 2124 2125
f 2123 2125 2126
f 2127 2128 2129
f 2127 2129 2130
f 2131 2132 2133
f 2134 2135 2136
f 2134 2136 2137
f 2138 2139 2140
f 2141 2142 2143
f 2144 2145 2146
f 2147 2148 2149
f 2147 2149 2150
f 2151 2152 2153
f 2151 2153 2154
f 2151 2154 2155
f 2156 2157 2158
f 2159 2160 2161
f 2159 2161 2162
f 2159 2162 2163
f 2159 2163 2164
f 2165 2166 2167
f 2168 2169 2170
f 2171 2172 2173
f 2174 2175 2176
f 2177 2178 2179
f 2180 2181 2182
f 2183 2184 2185
f 2186 2187 2188
f 2186 2188 2189
f 2190 2191 2192
f 2193 2194 2195
f 2196 2197 2198
f 2199 2200 2201
f 2202 2203 2204
f 2205 2206 2207
f 2208 2209 2210
f 2208 2210 2211
f 2212 2213 2214
f 2215 2216 2217
f 2218 2219 2220
f 2221 2222 2223
f 2221 2223 2224
f 2225 2226 2227
f 2228 2229 2230
f 2231 2232 2233
f 2234 2235 2236
f 2237 2238 2239
f 2237 2239 2240
f 2237 2240 2241
f 2242 2243 2244
f 2242 2244 2245
f 2246 2247 2248
f 2249 2250 2251
f 2252 2253 2254
f 2252 2254 2255
f 2256 2257 2258
f 2259 2260 2261
f 2262 2263 2264
f 2262 2264 2265
f 2266 2267 2268
f 2269 2270 2271
f 2272 2273 2274
f 2272 2274 2275
f 2272 2275 2276
f 2277 2278 2279
f 2277 2279 2280
f 2277 2280 2281
f 2282 2283 2284
f 2282 2284 2285
f 2286 2287 2288
f 2286 2288 2289
f 2286 2289 2290
f 2286 2290 2291
f 2292 2293 2294
f 2295 2296 2297
f 2295 2297 2298
f 2299 2300 2301
f 2302 2303 2304
f 2305 2306 2307
f 2308 2309 2310
f 2311 2312 2313
f 2314 2315 2316
f 2317 2318 2319
f 2320 2321 2322
f 2323 2324 2325
f 2326 2327 2328
f 2329 2330 2331
f 2332 2333 2334
f 2335 2336 2337
f 2338 2339 2340
f 2338 2340 2341
f 2342 2343 2344
f 2342 2344 2345
f 2346 2347 2348
f 2349 2350 2351
f 2349 2351 2352
f 2353 2354 2355
f 2356 2357 2358
f 2356 2358 2359
f 2360 2361 2362
f 2363 2364 2365
f 2366 2367 2368
f 2366 2368 2369
f 2370 2371 2372
f 2373 2374 2375
f 2373 2375 2376
f 2377 2378 2379
f 2380 2381 2382
f 2380 2382 2383
f 2380 2383 2384
f 2380 2384 2385
f 2386 2387 2388
f 2389 2390 2391
f 2392 2393 2394
f 2395 2396 2397
f 2398 2399 2400
f 2398 2400 2401
f 2402 2403 2404
f 2402 2404 2405
f 2402 2405 2406
f 2407 2408 2409
f 2410 2411 2412
f 2413 2414 2415
f 2416 2417 2418
f 2416 2418 2419
f 2420 2421 2422
f 2423 2424 2425
f 2423 2425 2426
f 2427 2428 2429
f 2430 2431 2432
f 2430 2432 2433
f 2430 2433 2434
f 2435 2436 2437
f 2438 2439 2440
f 2438 2440 2441
f 2442 2443 2444
f 2445 2446 2447
f 2445 2447 2448
f 2449 2450 2451
f 2449 2451 2452
f 2449 2452 2453
f 2449 2453 2454
f 2455 2456 2457
f 2455 2457 2458
f 2459 2460 2461
f 2459 2461 2462
f 2463 2464 2465
f 2466 2467 2468
f 2469 2470 2471
f 2472 2473 2474
f 2472 2474 2475
f 2476 2477 2478
f 2476 2478 2479
f 2476 2479 2480
f 2481 2482 2483
f 2481 2483 2484
f 2485 2486 2487
f 2485 2487 2488
f 2489 2490 2491
f 2492 2493 2494
f 2492 2494 2495
f 2496 2497 2498
f 2496 2498 2499
f 2496 2499 2500
f 2501 2502 2503
f 2504 2505 2506
f 2507 2508 2509
f 2510 2511 2512
f 2510 2512 2513
f 2514 2515 2516
f 2514 2516 2517
f 2514 2517 2518
f 2514 2518 2519
f 2520 2521 2522
f 2520 2522 2523
f 2524 2525 2526
f 2524 2526 2527
f 2528 2529 2530
f 2531 2532 2533
f 2531 2533 2534
f 2535 2536 2537
f 2538 2539 2540
f 2541 2542 2543
f 2544 2545 2546
f 2544 2546 2547
f 2548 2549 2550
f 2548 2550 2551
f 2552 2553 2554
f 2555 2556 2557
f 2555 2557 2558
f 2559 2560 2561
f 2559 2561 2562
f 2559 2562 2563
f 2564 2565 2566
f 2567 2568 2569
f 2570 2571 2572
f 2573 2574 2575
f 2573 2575 2576
f 2577 2578 2579
f 2577 2579 2580
f 2581 2582 2583
f 2584 2585 2586
f 2584 2586 2587
f 2588 2589 2590
f 2588 2590 2591
f 2592 2593 2594
f 2592 2594 2595
f 2592 2595 2596
f 2597 2598 2599
f 2597 2599 2600
f 2601 2602 2603
f 2601 2603 2604
f 2601 2604 2605
f 2606 2607 2608
f 2606 2608 2609
f 2610 2611 2612
f 2610 2612 2613
f 2610 2613 2614
f 2610 2614 2615
f 2616 2617 2618
f 2616 2618 2619
f 2620 2621 2622
f 2623 2624 2625
f 2626 2627 2628
f 2626 2628 2629
f 2630 2631 2632
f 2633 2634 2635
f 2636 2637 2638
f 2639 2640 2641
f 2642 2643 2644
f 2645 2646 2647
f 2648 2649 2650
f 2651 2652 2653
f 2654 2655 2656
f 2657 2658 2659
f 2660 2661 2662
f 2663 2664 2665
f 2666 2667 2668
f 2669 2670 2671
f 2669 2671 2672
f 2669 2672 2673
f 2674 2675 2676
f 2677 2678 2679
f 2680 2681 2682
f 2680 2682 2683
f 2684 2685 2686
f 2687 2688 2689
f 2687 2689 2690
f 2691 2692 2693
f 2694 2695 2696
f 2697 2698 2699
f 2700 2701 2702
f 2703 2704 2705
f 2706 2707 2708
f 2709 2710 2711
f 2709 2711 2712
f 2713 2714 2715
f 2713 2715 2716
f 2713 2716 2717
f 2718 2719 2720
f 2718 2720 2721
f 2718 2721 2722
f 2723 2724 2725
f 2723 2725 2726
f 2727 2728 2729
f 2730 2731 2732
f 2733 2734 2735
f 2733 2735 2736
f 2733 2736 2737
f 2733 2737 2738
f 2739 2740 2741
f 2739 2741 2742
f 2743 2744 2745
f 2743 2745 2746
f 2743 2746 2747
f 2743 2747 2748
f 2749 2750 2751
f 2752 2753 2754
f 2755 2756 2757
f 2758 2759 2760
f 2761 2762 2763
f 2761 2763 2764
f 2761 2764 2765
f 2761 2765 2766
f 2767 2768 2769
f 2770 2771 2772
f 2773 2774 2775
f 2773 2775 2776
f 2777 2778 2779
f 2780 2781 2782
f 2783 2784 2785
f 2786 2787 2788
f 2786 2788 2789
f 2786 2789 2790
f 2791 2792 2793
f 2794 2795 2796
f 2797 2798 2799
f 2800 2801 2802
f 2803 2804 2805
f 2803 2805 2806
f 2807 2808 2809
f 2810 2811 2812
f 2813 2814 2815
f 2816 2817 2818
f 2819 2820 2821
f 2822 2823 2824
f 2822 2824 2825
f 2826 2827 2828
f 2829 2830 2831
f 2832 2833 2834
f 2832 2834 2835
f 2836 2837 2838
f 2836 2838 2839
f 2840 2841 2842
f 2843 2844 2845
f 2843 2845 2846
f 2847 2848 2849
f 2847 2849 2850
f 2851 2852 2853
f 2854 2855 2856
f 2854 2856 2857
f 2858 2859 2860
f 2858 2860 2861
f 2858 2861 2862
f 2863 2864 2865
f 2863 2865 2866
f 2867 2868 2869
f 2867 2869 2870
f 2867 2870 2871
f 2872 2873 2874
f 2872 2874 2875
f 2872 2875 2876
f 2872 2876 2877
f 2878 2879 2880
f 2881 2882 2883
f 2884 2885 2886
f 2887 2888 2889
f 2887 2889 2890
f 2891 2892 2893
f 2891 2893 2894
f 2895 2896 2897
f 2898 2899 2900
f 2901 2902 2903
f 2904 2905 2906
f 2904 2906 2907
f 2904 2907 2908
f 2909 2910 2911
f 2912 2913 2914
f 2915 2916 2917
f 2918 2919 2920
f 2918 2920 2921
f 2922 2923 2924
f 2925 2926 2927
f 2928 2929 2930
f 2928 2930 2931
f 2928 2931 2932
f 2933 2934 2935
f 2936 2937 2938
f 2936 2938 2939
f 2936 2939 2940
f 2936 2940 2941
f 2942 2943 2944
f 2945 2946 2947
f 2948 2949 2950
f 2951 2952 2953
f 2951 2953 2954
f 2955 2956 2957
f 2958 2959 2960
f 2958 2960 2961
f 2962 2963 2964
f 2962 2964 2965
f 2966 2967 2968
f 2969 2970 2971
f 2972 2973 2974
f 2972 2974 2975
f 2972 2975 2976
f 2972 2976 2977
f 2978 2979 2980
f 2978 2980 2981
f 2982 2983 2984
f 2985 2986 2987
f 2988 2989 2990
f 2991 2992 2993
f 2994 2995 2996
f 2997 2998 2999
f 2997 2999 3000
f 3001 3002 3003
f 3004 3005 3006
f 3007 3008 3009
f 3010 3011 3012
f 3010 3012 3013
f 3014 3015 3016
f 3014 3016 3017
f 3014 3017 3018
f 3019 3020 3021
f 3022 3023 3024
f 3025 3026 3027
f 3028 3029 3030
f 3031 3032 3033
f 3034 3035 3036
f 3037 3038 3039
f 3037 3039 3040
f 3041 3042 3043
f 3044 3045 3046
f 3047 3048 3049
f 3050 3051 3052
f 3053 3054 3055
f 3056 3057 3058
f 3059 3060 3061
f 3062 3063 3064
f 3065 3066 3067
f 3068 3069 3070
f 3071 3072 3073
f 3071 3073 3074
f 3075 3076 3077
f 3078 3079 3080
f 3078 3080 3081
f 3082 3083 3084
f 3082 3084 3085
f 3086 3087 3088
f 3086 3088 3089
f 3090 3091 3092
f 3090 3092 3093
f 3090 3093 3094
f 3095 3096 3097
f 3098 3099 3100
f 3098 3100 3101
f 3098 3101 3102
f 3098 3102 3103
f 3104 3105 3106
f 3107 3108 3109
f 3110 3111 3112
f 3110 3112 3113
f 3114 3115 3116
f 3117 3118 3119
f 3117 3119 3120
f 3121 3122 3123
f 3121 3123 3124
f 3125 3126 3127
f 3125 3127 3128
f 3129 3130 3131
f 3132 3133 3134
f 3132 3134 3135
f 3136 3137 3138
f 3136 3138 3139
f 3136 3139 3140
f 3141 3142 3143
f 3141 3143 3144
f 3145 3146 3147
f 3145 3147 3148
f 3145 3148 3149
f 3150 3151 3152
f 3150 3152 3153
f 3150 3153 3154
f 3150 3154 3155
f 3156 3157 3158
f 3156 3158 3159
f 3160 3161 3162
f 3160 3162 3163
f 3164 3165 3166
f 3164 3166 3167
f 3168 3169 3170
f 3168 3170 3171
f 3172 3173 3174
f 3172 3174 3175
f 3176 3177 3178
f 3176 3178 3179
f 3180 3181 3182
f 3180 3182 3183
f 3184 3185 3186
f 3187 3188 3189
f 3190 3191 3192
f 3190 3192 3193
f 3194 3195 3196
f 3194 3196 3197
f 3194 3197 3198
f 3194 3198 3199
f 3200 3201 3202
f 3203 3204 3205
f 3203 3205 3206
f 3207 3208 3209
f 3210 3211 3212
f 3210 3212 3213
f 3214 3215 3216
f 3217 3218 3219
f 3220 3221 3222
f 3220 3222 3223
f 3224 3225 3226
f 3224 3226 3227
f 3228 3229 3230
f 3231 3232 3233
f 3231 3233 3234
f 3235 3236 3237
f 3235 3237 3238
f 3239 3240 3241
f 3239 3241 3242
f 3243 3244 3245
f 3246 3247 3248
f 3246 3248 3249
f 3250 3251 3252
f 3250 3252 3253
f 3254 3255 3256
f 3257 3258 3259
f 3260 3261 3262
f 3260 3262 3263
f 3264 3265 3266
f 3264 3266 3267
f 3268 3269 3270
f 3268 3270 3271
f 3272 3273 3274
f 3272 3274 3275
f 3276 3277 3278
f 3276 3278 3279
f 3280 3281 3282
f 3280 3282 3283
f 3284 3285 3286
f 3284 3286 3287
f 3288 3289 3290
f 3288 3290 3291
f 3292 3293 3294
f 3295 3296 3297
f 3298 3299 3300
f 3298 3300 3301
f 3302 3303 3304
f 3305 3306 3307
f 3308 3309 3310
f 3311 3312 3313
f 3314 3315 3316
f 3317 3318 3319
f 3317 3319 3320
f 3317 3320 3321
f 3317 3321 3322
f 3323 3324 3325
f 3326 3327 3328
f 3329 3330 3331
f 3329 3331 3332
f 3333 3334 3335
f 3333 3335 3336
f 3333 3336 3337
f 3338 3339 3340
f 3341 3342 3343
f 3344 3345 3346
f 3344 3346 3347
f 3348 3349 3350
f 3351 3352 3353
f 3351 3353 3354
f 3355 3356 3357
f 3358 3359 3360
f 3361 3362 3363
f 3364 3365 3366
f 3367 3368 3369
f 3370 3371 3372
f 3373 3374 3375
f 3376 3377 3378
f 3376 3378 3379
f 3380 3381 3382
f 3380 3382 3383
f 3384 3385 3386
f 3384 3386 3387
f 3388 3389 3390
f 3388 3390 3391
f 3392 3393 3394
f 3395 3396 3397
f 3398 3399 3400
f 3398 3400 3401
f 3402 3403 3404
f 3402 3404 3405
f 3402 3405 3406
f 3402 3406 3407
f 3408 3409 3410
f 3408 3410 3411
f 3408 3411 3412
f 3413 3414 3415
f 3413 3415 3416
f 3413 3416 3417
f 3418 3419 3420
f 3421 3422 3423
f 3424 3425 3426
f 3424 3426 3427
f 3428 3429 3430
f 3431 3432 3433
f 3434 3435 3436
f 3434 3436 3437
f 3438 3439 3440
f 3441 3442 3443
f 3441 3443 3444
f 3445 3446 3447
f 3445 3447 3448
f 3449 3450 3451
f 3452 3453 3454
f 3455 3456 3457
f 3455 3457 3458
f 3459 3460 3461
f 3459 3461 3462
f 3459 3462 3463
f 3459 3463 3464
f 3465 3466 3467
f 3465 3467 3468
f 3469 3470 3471
f 3472 3473 3474
f 3472 3474 3475
f 3476 3477 3478
f 3479 3480 3481
f 3482 3483 3484
f 3482 3484 3485
f 3486 3487 3488
f 3486 3488 3489
f 3490 3491 3492
f 3493 3494 3495
f 3496 3497 3498
f 3496 3498 3499
f 3500 3501 3502
f 3503 3504 3505
f 3503 3505 3506
f 3503 3506 3507
f 3503 3507 3508
f 3509 3510 3511
f 3512 3513 3514
f 3512 3514 3515
f 3516 3517 3518
f 3516 3518 3519
f 3520 3521 3522
f 3523 3524 3525
f 3526 3527 3528
f 3526 3528 3529
f 3526 3529 3530
f 3526 3530 3531
f 3532 3533 3534
f 3532 3534 3535
f 3536 3537 3538
f 3536 3538 3539
f 3536 3539 3540
f 3541 3542 3543
f 3544 3545 3546
f 3544 3546 3547
f 3548 3549 3550
f 3548 3550 3551
f 3552 3553 3554
f 3555 3556 3557
f 3558 3559 3560
f 3561 3562 3563
f 3561 3563 3564
f 3561 3564 3565
f 3566 3567 3568
f 3566 3568 3569
f 3570 3571 3572
f 3570 3572 3573
f 3574 3575 3576
f 3577 3578 3579
f 3577 3579 3580
f 3581 3582 3583
f 3581 3583 3584
f 3585 3586 3587
f 3588 3589 3590
f 3591 3592 3593
f 3594 3595 3596
f 3597 3598 3599
f 3597 3599 3600
f 3597 3600 3601
f 3602 3603 3604
f 3605 3606 3607
f 3608 3609 3610
f 3608 3610 3611
f 3612 3613 3614
f 3615 3616 3617
f 3618 3619 3620
f 3621 3622 3623
f 3624 3625 3626
f 3624 3626 3627
f 3628 3629 3630
f 3631 3632 3633
f 3631 3633 3634
f 3635 3636 3637
f 3638 3639 3640
f 3638 3640 3641
f 3638 3641 3642
f 3638 3642 3643
f 3644 3645 3646
f 3644 3646 3647
f 3648 3649 3650
f 3651 3652 3653
f 3654 3655 3656
f 3657 3658 3659
f 3657 3659 3660
f 3657 3660 3661
f 3662 3663 3664
f 3662 3664 3665
f 3666 3667 3668
f 3666 3668 3669
f 3670 3671 3672
f 3670 3672 3673
f 3674 3675 3676
f 3674 3676 3677
f 3678 3679 3680
f 3678 3680 3681
f 3682 3683 3684
f 3682 3684 3685
f 3686 3687 3688
f 3686 3688 3689
f 3690 3691 3692
f 3690 3692 3693
f 3694 3695 3696
f 3694 3696 3697
f 3698 3699 3700
f 3701 3702 3703
f 3701 3703 3704
f 3705 3706 3707
f 3708 3709 3710
f 3711 3712 3713
f 3711 3713 3714
f 3711 3714 3715
f 3711 3715 3716
f 3717 3718 3719
f 3720 3721 3722
f 3723 3724 3725
f 3726 3727 3728
f 3729 3730 3731
f 3732 3733 3734
f 3732 3734 3735
f 3736 3737 3738
f 3739 3740 3741
f 3739 3741 3742
f 3743 3744 3745
f 3743 3745 3746
f 3747 3748 3749
f 3747 3749 3750
f 3751 3752 3753
f 3751 3753 3754
f 3751 3754 3755
f 3756 3757 3758
f 3759 3760 3761
f 3759 3761 3762
f 3763 3764 3765
f 3763 3765 3766
f 3763 3766 3767
f 3768 3769 3770
f 3768 3770 3771
f 3772 3773 3774
f 3772 3774 3775
f 3776 3777 3778
f 3779 3780 3781
f 3779 3781 3782
f 3783 3784 3785
f 3786 3787 3788
f 3789 3790 3791
f 3789 3791 3792
f 3793 3794 3795
f 3796 3797 3798
f 3799 3800 3801
f 3799 3801 3802
f 3799 3802 3803
f 3799 3803 3804
f 3805 3806 3807
f 3805 3807 3808
f 3809 3810 3811
f 3812 3813 3814
f 3812 3814 3815
f 3812 3815 3816
f 3812 3816 3817
f 3818 3819 3820
f 3818 3820 3821
f 3822 3823 3824
f 3825 3826 3827
f 3828 3829 3830
f 3831 3832 3833
f 3834 3835 3836
f 3837 3838 3839
f 3840 3841 3842
f 3840 3842 3843
f 3844 3845 3846
f 3847 3848 3849
f 3850 3851 3852
f 3850 3852 3853
f 3854 3855 3856
f 3857 3858 3859
f 3860 3861 3862
f 3860 3862 3863
f 3864 3865 3866
f 3867 3868 3869
f 3870 3871 3872
f 3870 3872 3873
f 3874 3875 3876
f 3877 3878 3879
f 3877 3879 3880
f 3877 3880 3881
f 3882 3883 3884
f 3885 3886 3887
f 3888 3889 3890
f 3891 3892 3893
f 3894 3895 3896
f 3897 3898 3899
f 3900 3901 3902
f 3900 3902 3903
f 3900 3903 3904
f 3900 3904 3905
f 3906 3907 3908
f 3906 3908 3909
f 3910 3911 3912
f 3913 3914 3915
f 3913 3915 3916
f 3917 3918 3919
f 3920 3921 3922
f 3923 3924 3925
f 3923 3925 3926
f 3927 3928 3929
f 3927 3929 3930
f 3927 3930 3931
f 3932 3933 3934
f 3935 3936 3937
f 3935 3937 3938
f 3935 3938 3939
f 3940 3941 3942
f 3943 3944 3945
f 3946 3947 3948
f 3949 3950 3951
f 3949 3951 3952
f 3953 3954 3955
f 3953 3955 3956
f 3957 3958 3959
f 3960 3961 3962
f 3963 3964 3965
f 3963 3965 3966
f 3967 3968 3969
f 3970 3971 3972
f 3973 3974 3975
f 3973 3975 3976
f 3977 3978 3979
f 3977 3979 3980
f 3977 3980 3981
f 3977 3981 3982
f 3983 3984 3985
f 3986 3987 3988
f 3989 3990 3991
f 3992 3993 3994
f 3992 3994 3995
f 3996 3997 3998
f 3996 3998 3999
f 4000 4001 4002
f 4003 4004 4005
f 4003 4005 4006
f 4007 4008 4009
f 4007 4009 4010
f 4011 4012 4013
f 4014 4015 4016
f 4017 4018 4019
f 4017 4019 4020
f 4021 4022 4023
f 4021 4023 4024
f 4021 4024 4025
f 4026 4027 4028
f 4026 4028 4029
f 4030 4031 4032
f 4033 4034 4035
f 4036 4037 4038
f 4039 4040 4041
f 4042 4043 4044
f 4042 4044 4045
f 4046 4047 4048
f 4046 4048 4049
f 4050 4051 4052
f 4053 4054 4055
f 4056 4057 4058
f 4056 4058 4059
f 4060 4061 4062
f 4060 4062 4063
f 4064 4065 4066
f 4064 4066 4067
f 4068 4069 4070
f 4068 4070 4071
f 4072 4073 4074
f 4072 4074 4075
f 4072 4075 4076
f 4072 4076 4077
f 4078 4079 4080
f 4081 4082 4083
f 4084 4085 4086
f 4087 4088 4089
f 4087 4089 4090
f 4091 4092 4093
f 4091 4093 4094
f 4091 4094 4095
f 4096 4097 4098
f 4099 4100 4101
f 4102 4103 4104
f 4102 4104 4105
f 4102 4105 4106
f 4107 4108 4109
f 4110 4111 4112
f 4113 4114 4115
f 4116 4117 4118
f 4116 4118 4119
f 4120 4121 4122
f 4120 4122 4123
f 4124 4125 4126
f 4127 4128 4129
f 4127 4129 4130
f 4131 4132 4133
f 4131 4133 4134
f 4135 4136 4137
f 4135 4137 4138
f 4135 4138 4139
f 4140 4141 4142
f 4143 4144 4145
f 4146 4147 4148
f 4146 4148 4149
f 4146 4149 4150
f 4151 4152 4153
f 4154 4155 4156
f 4157 4158 4159
f 4160 4161 4162
f 4160 4162 4163
f 4164 4165 4166
f 4167 4168 4169
f 4170 4171 4172
f 4170 4172 4173
f 4174 4175 4176
f 4177 4178 4179
f 4180 4181 4182
f 4180 4182 4183
f 4180 4183 4184
f 4185 4186 4187
f 4185 4187 4188
f 4189 4190 4191
f 4192 4193 4194
f 4195 4196 4197
f 4195 4197 4198
f 4199 4200 4201
f 4199 4201 4202
f 4203 4204 4205
f 4203 4205 4206
f 4207 4208 4209
f 4210 4211 4212
f 4213 4214 4215
f 4216 4217 4218
f 4219 4220 4221
f 4219 4221 4222
f 4223 4224 4225
f 4223 4225 4226
f 4223 4226 4227
f 4228 4229 4230
f 4231 4232 4233
f 4231 4233 4234
f 4231 4234 4235
f 4231 4235 4236
f 4237 4238 4239
f 4237 4239 4240
f 4241 4242 4243
f 4244 4245 4246
f 4247 4248 4249
f 4250 4251 4252
f 4253 4254 4255
f 4256 4257 4258
f 4256 4258 4259
f 4260 4261 4262
f 4260 4262 4263
f 4264 4265 4266
f 4264 4266 4267
f 4268 4269 4270
f 4268 4270 4271
f 4268 4271 4272
f 4268 4272 4273
f 4274 4275 4276
f 4274 4276 4277
f 4278 4279 4280
f 4278 4280 4281
f 4282 4283 4284
f 4282 4284 4285
f 4282 4285 4286
f 4287 4288 4289
f 4287 4289 4290
f 4291 4292 4293
f 4291 4293 4294
f 4295 4296 4297
f 4298 4299 4300
f 4298 4300 4301
f 4302 4303 4304
f 4305 4306 4307
f 4305 4307 4308
f 4309 4310 4311
f 4312 4313 4314
f 4315 4316 4317
f 4315 4317 4318
f 4315 4318 4319
f 4320 4321 4322
f 4323 4324 4325
f 4326 4327 4328
f 4326 4328 4329
f 4326 4329 4330
f 4331 4332 4333
f 4331 4333 4334
f 4335 4336 4337
f 4338 4339 4340
f 4341 4342 4343
f 4341 4343 4344
f 4345 4346 4347
f 4348 4349 4350
f 4348 4350 4351
f 4352 4353 4354
f 4352 4354 4355
f 4352 4355 4356
f 4352 4356 4357
f 4358 4359 4360
f 4361 4362 4363
f 4361 4363 4364
f 4365 4366 4367
f 4368 4369 4370
f 4371 4372 4373
f 4371 4373 4374
f 4375 4376 4377
f 4375 4377 4378
f 4379 4380 4381
f 4382 4383 4384
f 4385 4386 4387
f 4385 4387 4388
f 4389 4390 4391
f 4392 4393 4394
f 4395 4396 4397
f 4398 4399 4400
f 4401 4402 4403
f 4401 4403 4404
f 4405 4406 4407
f 4408 4409 4410
f 4408 4410 4411
f 4412 4413 4414
f 4412 4414 4415
f 4412 4415 4416
f 4417 4418 4419
f 4420 4421 4422
f 4420 4422 4423
f 4424 4425 4426
f 4424 4426 4427
f 4428 4429 4430
f 4428 4430 4431
f 4432 4433 4434
f 4432 4434 4435
f 4436 4437 4438
f 4439 4440 4441
f 4442 4443 4444
f 4442 4444 4445
f 4446 4447 4448
f 4446 4448 4449
f 4446 4449 4450
f 4451 4452 4453
f 4454 4455 4456
f 4457 4458 4459
f 4460 4461 4462
f 4463 4464 4465
f 4466 4467 4468
f 4466 4468 4469
f 4470 4471 4472
f 4473 4474 4475
f 4473 4475 4476
f 4477 4478 4479
f 4477 4479 4480
f 4481 4482 4483
f 4481 4483 4484
f 4481 4484 4485
f 4481 4485 4486
f 4487 4488 4489
f 4490 4491 4492
f 4493 4494 4495
f 4496 4497 4498
f 4499 4500 4501
f 4499 4501 4502
f 4503 4504 4505
f 4506 4507 4508
f 4509 4510 4511
f 4509 4511 4512
f 4513 4514 4515
f 4516 4517 4518
f 4519 4520 4521
f 4519 4521 4522
f 4523 4524 4525
f 4526 4527 4528
f 4529 4530 4531
f 4529 4531 4532
f 4533 4534 4535
f 4536 4537 4538
f 4536 4538 4539
f 4540 4541 4542
f 4540 4542 4543
f 4544 4545 4546
f 4547 4548 4549
f 4547 4549 4550
f 4551 4552 4553
f 4554 4555 4556
f 4554 4556 4557
f 4558 4559 4560
f 4558 4560 4561
f 4558 4561 4562
f 4558 4562 4563
f 4564 4565 4566
f 4564 4566 4567
f 4568 4569 4570
f 4568 4570 4571
f 4572 4573 4574
f 4575 4576 4577
f 4575 4577 4578
f 4579 4580 4581
f 4582 4583 4584
f 4585 4586 4587
f 4588 4589 4590
f 4588 4590 4591
f 4588 4591 4592
f 4593 4594 4595
f 4596 4597 4598
f 4599 4600 4601
f 4602 4603 4604
f 4605 4606 4607
f 4605 4607 4608
f 4609 4610 4611
f 4609 4611 4612
f 4613 4614 4615
f 4616 4617 4618
f 4619 4620 4621
f 4622 4623 4624
f 4625 4626 4627
f 4625 4627 4628
f 4629 4630 4631
f 4629 4631 4632
f 4629 4632 4633
f 4634 4635 4636
f 4637 4638 4639
f 4640 4641 4642
f 4640 4642 4643
f 4644 4645 4646
f 4647 4648 4649
f 4650 4651 4652
f 4653 4654 4655
f 4653 4655 4656
f 4657 4658 4659
f 4657 4659 4660
f 4661 4662 4663
f 4661 4663 4664
f 4665 4666 4667
f 4668 4669 4670
f 4668 4670 4671
f 4672 4673 4674
f 4672 4674 4675
f 4676 4677 4678
f 4679 4680 4681
f 4682 4683 4684
f 4685 4686 4687
f 4685 4687 4688
f 4689 4690 4691
f 4692 4693 4694
f 4695 4696 4697
f 4695 4697 4698
f 4695 4698 4699
f 4700 4701 4702
f 4700 4702 4703
f 4704 4705 4706
f 4707 4708 4709
f 4710 4711 4712
f 4710 4712 4713
f 4714 4715 4716
f 4717 4718 4719
f 4717 4719 4720
f 4717 4720 4721
f 4722 4723 4724
f 4722 4724 4725
f 4726 4727 4728
f 4729 4730 4731
f 4732 4733 4734
f 4735 4736 4737
f 4738 4739 4740
f 4738 4740 4741
f 4742 4743 4744
f 4745 4746 4747
f 4745 4747 4748
f 4749 4750 4751
f 4752 4753 4754
f 4752 4754 4755
f 4756 4757 4758
f 4759 4760 4761
f 4762 4763 4764
f 4762 4764 4765
f 4762 4765 4766
f 4767 4768 4769
f 4770 4771 4772
f 4773 4774 4775
f 4776 4777 4778
f 4779 4780 4781
f 4782 4783 4784
f 4782 4784 4785
f 4786 4787 4788
f 4789 4790 4791
f 4789 4791 4792
f 4793 4794 4795
f 4796 4797 4798
f 4799 4800 4801
f 4802 4803 4804
f 4802 4804 4805
f 4802 4805 4806
f 4802 4806 4807
f 4808 4809 4810
f 4811 4812 4813
f 4811 4813 4814
f 4815 4816 4817
f 4815 4817 4818
f 4819 4820 4821
f 4822 4823 4824
f 4825 4826 4827
f 4828 4829 4830
f 4828 4830 4831
f 4832 4833 4834
f 4832 4834 4835
f 4836 4837 4838
f 4839 4840 4841
f 4842 4843 4844
f 4842 4844 4845
f 4842 4845 4846
f 4842 4846 4847
f 4848 4849 4850
f 4851 4852 4853
f 4854 4855 4856
f 4857 4858 4859
f 4857 4859 4860
f 4861 4862 4863
f 4861 4863 4864
f 4861 4864 4865
f 4866 4867 4868
f 4866 4868 4869
f 4870 4871 4872
f 4870 4872 4873
f 4874 4875 4876
f 4874 4876 4877
f 4878 4879 4880
f 4878 4880 4881
f 4878 4881 4882
f 4878 4882 4883
f 4884 4885 4886
f 4887 4888 4889
f 4890 4891 4892
f 4893 4894 4895
f 4896 4897 4898
f 4899 4900 4901
f 4902 4903 4904
f 4905 4906 4907
f 4908 4909 4910
f 4908 4910 4911
f 4912 4913 4914
f 4915 4916 4917
f 4915 4917 4918
f 4915 4918 4919
f 4915 4919 4920
f 4921 4922 4923
f 4924 4925 4926
f 4927 4928 4929
f 4930 4931 4932
f 4933 4934 4935
f 4936 4937 4938
f 4936 4938 4939
f 4940 4941 4942
f 4940 4942 4943
f 4944 4945 4946
f 4944 4946 4947
f 4948 4949 4950
f 4951 4952 4953
f 4951 4953 4954
f 4955 4956 4957
f 4955 4957 4958
f 4959 4960 4961
f 4959 4961 4962
f 4963 4964 4965
f 4963 4965 4966
f 4967 4968 4969
f 4967 4969 4970
f 4971 4972 4973
f 4971 4973 4974
f 4975 4976 4977
f 4978 4979 4980
f 4981 4982 4983
f 4981 4983 4984
f 4985 4986 4987
f 4985 4987 4988
f 4985 4988 4989
f 4990 4991 4992
f 4993 4994 4995
f 4996 4997 4998
f 4996 4998 4999
f 5000 5001 5002
f 5000 5002 5003
f 5004 5005 5006
f 5004 5006 5007
f 5004 5007 5008
f 5009 5010 5011
f 5012 5013 5014
f 5012 5014 5015
f 5012 5015 5016
f 5017 5018 5019
f 5020 5021 5022
f 5020 5022 5023
f 5024 5025 5026
f 5027 5028 5029
f 5030 5031 5032
f 5033 5034 5035
f 5036 5037 5038
f 5039 5040 5041
f 5042 5043 5044
f 5042 5044 5045
f 5046 5047 5048
f 5049 5050 5051
f 5052 5053 5054
f 5055 5056 5057
f 5055 5057 5058
f 5059 5060 5061
f 5059 5061 5062
f 5063 5064 5065
f 5063 5065 5066
f 5063 5066 5067
f 5068 5069 5070
f 5068 5070 5071
f 5072 5073 5074
f 5072 5074 5075
f 5072 5075 5076
f 5072 5076 5077
f 5078 5079 5080
f 5078 5080 5081
f 5082 5083 5084
f 5082 5084 5085
f 5082 5085 5086
f 5087 5088 5089
f 5090 5091 5092
f 5090 5092 5093
f 5090 5093 5094
f 5095 5096 5097
f 5095 5097 5098
f 5095 5098 5099
f 5100 5101 5102
f 5100 5102 5103
f 5104 5105 5106
f 5107 5108 5109
f 5107 5109 5110
f 5111 5112 5113
f 5114 5115 5116
f 5114 5116 5117
f 5114 5117 5118
f 5119 5120 5121
f 5119 5121 5122
f 5123 5124 5125
f 5123 5125 5126
f 5123 5126 5127
f 5128 5129 5130
f 5131 5132 5133
f 5131 5133 5134
f 5131 5134 5135
f 5131 5135 5136
f 5137 5138 5139
f 5137 5139 5140
f 5141 5142 5143
f 5144 5145 5146
f 5144 5146 5147
f 5148 5149 5150
f 5148 5150 5151
f 5152 5153 5154
f 5152 5154 5155
f 5156 5157 5158
f 5156 5158 5159
f 5160 5161 5162
f 5160 5162 5163
f 5160 5163 5164
f 5160 5164 5165
f 5166 5167 5168
f 5166 5168 5169
f 5170 5171 5172
f 5170 5172 5173
f 5174 5175 5176
f 5174 5176 5177
f 5178 5179 5180
f 5181 5182 5183
f 5181 5183 5184
f 5185 5186 5187
f 5188 5189 5190
f 5191 5192 5193
f 5194 5195 5196
f 5194 5196 5197
f 5198 5199 5200
f 5198 5200 5201
f 5202 5203 5204
f 5205 5206 5207
f 5205 5207 5208
f 5209 5210 5211
f 5212 5213 5214
f 5212 5214 5215
f 5212 5215 5216
f 5217 5218 5219
f 5217 5219 5220
f 5221 5222 5223
f 5221 5223 5224
f 5221 5224 5225
f 5226 5227 5228
f 5229 5230 5231
f 5229 5231 5232
f 5233 5234 5235
f 5233 5235 5236
f 5233 5236 5237
f 5238 5239 5240
f 5241 5242 5243
f 5244 5245 5246
f 5244 5246 5247
f 5244 5247 5248
f 5249 5250 5251
f 5249 5251 5252
f 5249 5252 5253
f 5254 5255 5256
f 5254 5256 5257
f 5254 5257 5258
f 5259 5260 5261
f 5259 5261 5262
f 5259 5262 5263
f 5264 5265 5266
f 5267 5268 5269
f 5267 5269 5270
f 5271 5272 5273
f 5271 5273 5274
f 5275 5276 5277
f 5275 5277 5278
f 5279 5280 5281
f 5282 5283 5284
f 5282 5284 5285
f 5286 5287 5288
f 5286 5288 5289
f 5290 5291 5292
f 5293 5294 5295
f 5293 5295 5296
f 5297 5298 5299
f 5297 5299 5300
f 5297 5300 5301
f 5302 5303 5304
f 5305 5306 5307
f 5308 5309 5310
f 5308 5310 5311
f 5312 5313 5314
f 5315 5316 5317
f 5315 5317 5318
f 5315 5318 5319
f 5315 5319 5320
f 5321 5322 5323
f 5321 5323 5324
f 5325 5326 5327
f 5328 5329 5330
f 5328 5330 5331
f 5328 5331 5332
f 5333 5334 5335
f 5333 5335 5336
f 5337 5338 5339
f 5337 5339 5340
f 5341 5342 5343
f 5341 5343 5344
f 5345 5346 5347
f 5345 5347 5348
f 5349 5350 5351
f 5352 5353 5354
f 5355 5356 5357
f 5355 5357 5358
f 5359 5360 5361
f 5362 5363 5364
f 5362 5364 5365
f 5366 5367 5368
f 5366 5368 5369
f 5370 5371 5372
f 5373 5374 5375
f 5373 5375 5376
f 5377 5378 5379
f 5380 5381 5382
f 5380 5382 5383
f 5380 5383 5384
f 5380 5384 5385
f 5386 5387 5388
f 5389 5390 5391
f 5389 5391 5392
f 5389 5392 5393
f 5389 5393 5394
f 5395 5396 5397
f 5395 5397 5398
f 5395 5398 5399
f 5395 5399 5400
f 5401 5402 5403
f 5404 5405 5406
f 5407 5408 5409
f 5407 5409 5410
f 5411 5412 5413
f 5411 5413 5414
f 5415 5416 5417
f 5415 5417 5418
f 5415 5418 5419
f 5420 5421 5422
f 5423 5424 5425
f 5423 5425 5426
f 5423 5426 5427
f 5423 5427 5428
f 5429 5430 5431
f 5429 5431 5432
f 5433 5434 5435
f 5433 5435 5436
f 5437 5438 5439
f 5437 5439 5440
f 5441 5442 5443
f 5441 5443 5444
f 5445 5446 5447
f 5445 5447 5448
f 5449 5450 5451
f 5449 5451 5452
f 5453 5454 5455
f 5453 5455 5456
f 5453 5456 5457
f 5458 5459 5460
f 5461 5462 5463
f 5461 5463 5464
f 5461 5464 5465
f 5461 5465 5466
f 5467 5468 5469
f 5467 5469 5470
f 5467 5470 5471
f 5472 5473 5474
f 5472 5474 5475
f 5476 5477 5478
f 5479 5480 5481
f 5482 5483 5484
f 5482 5484 5485
f 5482 5485 5486
f 5482 5486 5487
f 5488 5489 5490
f 5488 5490 5491
f 5492 5493 5494
f 5492 5494 5495
f 5496 5497 5498
f 5496 5498 5499
f 5500 5501 5502
f 5500 5502 5503
f 5504 5505 5506
f 5504 5506 5507
f 5504 5507 5508
f 5509 5510 5511
f 5509 5511 5512
f 5513 5514 5515
f 5516 5517 5518
f 5516 5518 5519
f 5516 5519 5520
f 5521 5522 5523
f 5521 5523 5524
f 5525 5526 5527
f 5525 5527 5528
f 5529 5530 5531
f 5529 5531 5532
f 5533 5534 5535
f 5533 5535 5536
f 5533 5536 5537
f 5538 5539 5540
f 5538 5540 5541
f 5542 5543 5544
f 5545 5546 5547
f 5545 5547 5548
f 5545 5548 5549
f 5550 5551 5552
f 5550 5552 5553
f 5554 5555 5556
f 5557 5558 5559
f 5557 5559 5560
f 5561 5562 5563
f 5561 5563 5564
f 5565 5566 5567
f 5568 5569 5570
f 5568 5570 5571
f 5572 5573 5574
f 5572 5574 5575
f 5572 5575 5576
f 5577 5578 5579
f 5580 5581 5582
f 5583 5584 5585
f 5583 5585 5586
f 5587 5588 5589
f 5587 5589 5590
f 5587 5590 5591
f 5587 5591 5592
f 5593 5594 5595
f 5596 5597 5598
f 5596 5598 5599
f 5600 5601 5602
f 5600 5602 5603
f 5604 5605 5606
f 5607 5608 5609
f 5607 5609 5610
f 5607 5610 5611
f 5612 5613 5614
f 5615 5616 5617
f 5615 5617 5618
f 5619 5620 5621
f 5619 5621 5622
f 5623 5624 5625
f 5623 5625 5626
f 5627 5628 5629
f 5630 5631 5632
f 5633 5634 5635
f 5633 5635 5636
f 5637 5638 5639
f 5640 5641 5642
f 5643 5644 5645
f 5643 5645 5646
f 5647 5648 5649
f 5650 5651 5652
f 5650 5652 5653
f 5654 5655 5656
f 5654 5656 5657
f 5658 5659 5660
f 5658 5660 5661
f 5662 5663 5664
f 5662 5664 5665
f 5666 5667 5668
f 5669 5670 5671
f 5669 5671 5672
f 5673 5674 5675
f 5676 5677 5678
f 5676 5678 5679
f 5680 5681 5682
f 5680 5682 5683
f 5684 5685 5686
f 5684 5686 5687
f 5688 5689 5690
f 5691 5692 5693
f 5694 5695 5696
f 5697 5698 5699
f 5700 5701 5702
f 5703 5704 5705
f 5706 5707 5708
f 5709 5710 5711
f 5712 5713 5714
f 5715 5716 5717
f 5718 5719 5720
f 5718 5720 5721
f 5722 5723 5724
f 5722 5724 5725
f 5726 5727 5728
f 5726 5728 5729
f 5730 5731 5732
f 5733 5734 5735
f 5736 5737 5738
f 5736 5738 5739
f 5740 5741 5742
f 5743 5744 5745
f 5743 5745 5746
f 5747 5748 5749
f 5750 5751 5752
f 5753 5754 5755
f 5756 5757 5758
f 5756 5758 5759
f 5760 5761 5762
f 5760 5762 5763
f 5764 5765 5766
f 5764 5766 5767
f 5768 5769 5770
f 5768 5770 5771
f 5772 5773 5774
f 5772 5774 5775
f 5776 5777 5778
f 5776 5778 5779
f 5780 5781 5782
f 5780 5782 5783
f 5784 5785 5786
f 5784 5786 5787
f 5788 5789 5790
f 5788 5790 5791
f 5792 5793 5794
f 5792 5794 5795
f 5796 5797 5798
f 5796 5798 5799
f 5800 5801 5802
f 5800 5802 5803
f 5804 5805 5806
f 5804 5806 5807
f 5808 5809 5810
f 5808 5810 5811
f 5812 5813 5814
f 5812 5814 5815
f 5816 5817 5818
f 5816 5818 5819
f 5820 5821 5822
f 5820 5822 5823
f 5824 5825 5826
f 5824 5826 5827
f 5828 5829 5830
f 5828 5830 5831
f 5832 5833 5834
f 5832 5834 5835
f 5836 5837 5838
f 5839 5840 5841
f 5842 5843 5844
f 5842 5844 5845
f 5846 5847 5848
f 5849 5850 5851
f 5852 5853 5854
f 5855 5856 5857
f 5855 5857 5858
f 5859 5860 5861
f 5862 5863 5864
f 5862 5864 5865
f 5866 5867 5868
f 5869 5870 5871
f 5869 5871 5872
f 5869 5872 5873
f 5869 5873 5874
f 5875 5876 5877
f 5878 5879 5880
f 5878 5880 5881
f 5882 5883 5884
f 5885 5886 5887
f 5888 5889 5890
f 5888 5890 5891
f 5892 5893 5894
f 5892 5894 5895
f 5892 5895 5896
f 5892 5896 5897
f 5898 5899 5900
f 5901 5902 5903
f 5904 5905 5906
f 5907 5908 5909
f 5910 5911 5912
f 5910 5912 5913
f 5910 5913 5914
f 5915 5916 5917
f 5915 5917 5918
f 5915 5918 5919
f 5920 5921 5922
f 5920 5922 5923
f 5920 5923 5924
f 5920 5924 5925
f 5926 5927 5928
f 5929 5930 5931
f 5932 5933 5934
f 5935 5936 5937
f 5938 5939 5940
f 5941 5942 5943
f 5944 5945 5946
f 5947 5948 5949
f 5950 5951 5952
f 5953 5954 5955
f 5953 5955 5956
f 5957 5958 5959
f 5960 5961 5962
f 5963 5964 5965
f 5966 5967 5968
f 5969 5970 5971
f 5972 5973 5974
f 5975 5976 5977
f 5975 5977 5978
f 5979 5980 5981
f 5979 5981 5982
f 5979 5982 5983
f 5984 5985 5986
f 5987 5988 5989
f 5987 5989 5990
f 5987 5990 5991
f 5992 5993 5994
f 5992 5994 5995
f 5996 5997 5998
f 5996 5998 5999
f 6000 6001 6002
f 6000 6002 6003
f 6004 6005 6006
f 6007 6008 6009
f 6010 6011 6012
f 6010 6012 6013
f 6010 6013 6014
f 6010 6014 6015
f 6016 6017 6018
f 6016 6018 6019
f 6020 6021 6022
f 6023 6024 6025
f 6023 6025 6026
f 6027 6028 6029
f 6030 6031 6032
f 6030 6032 6033
f 6034 6035 6036
f 6037 6038 6039
f 6037 6039 6040
f 6041 6042 6043
f 6041 6043 6044
f 6045 6046 6047
f 6045 6047 6048
f 6049 6050 6051
f 6052 6053 6054
f 6055 6056 6057
f 6055 6057 6058
f 6059 6060 6061
f 6059 6061 6062
f 6063 6064 6065
f 6063 6065 6066
f 6067 6068 6069
f 6067 6069 6070
f 6071 6072 6073
f 6071 6073 6074
f 6075 6076 6077
f 6078 6079 6080
f 6081 6082 6083
f 6081 6083 6084
f 6085 6086 6087
f 6085 6087 6088
f 6089 6090 6091
f 6089 6091 6092
f 6093 6094 6095
f 6093 6095 6096
f 6097 6098 6099
f 6097 6099 6100
f 6101 6102 6103
f 6101 6103 6104
f 6105 6106 6107
f 6105 6107 6108
f 6109 6110 6111
f 6109 6111 6112
f 6113 6114 6115
f 6113 6115 6116
f 6117 6118 6119
f 6117 6119 6120
f 6121 6122 6123
f 6121 6123 6124
f 6125 6126 6127
f 6125 6127 6128
f 6129 6130 6131
f 6129 6131 6132
f 6133 6134 6135
f 6133 6135 6136
f 6137 6138 6139
f 6137 6139 6140
f 6141 6142 6143
f 6141 6143 6144
f 6145 6146 6147
f 6145 6147 6148
f 6149 6150 6151
f 6149 6151 6152
f 6153 6154 6155
f 6153 6155 6156
f 6157 6158 6159
f 6157 6159 6160
f 6161 6162 6163
f 6161 6163 6164
f 6165 6166 6167
f 6165 6167 6168
f 6169 6170 6171
f 6169 6171 6172
f 6173 6174 6175
f 6173 6175 6176
f 6177 6178 6179
f 6177 6179 6180
f 6181 6182 6183
f 6181 6183 6184
f 6185 6186 6187
f 6185 6187 6188
f 6189 6190 6191
f 6189 6191 6192
f 6193 6194 6195
f 6193 6195 6196
f 6197 6198 6199
f 6197 6199 6200
f 6201 6202 6203
f 6201 6203 6204
f 6205 6206 6207
f 6205 6207 6208
f 6209 6210 6211
f 6209 6211 6212
f 6213 6214 6215
f 6213 6215 6216
f 6217 6218 6219
f 6217 6219 6220
f 6221 6222 6223
f 6221 6223 6224
f 6225 6226 6227
f 6225 6227 6228
f 6229 6230 6231
f 6229 6231 6232
f 6233 6234 6235
f 6233 6235 6236
f 6237 6238 6239
f 6237 6239 6240
f 6241 6242 6243
f 6241 6243 6244
f 6245 6246 6247
f 6245 6247 6248
f 6249 6250 6251
f 6249 6251 6252
f 6253 6254 6255
f 6253 6255 6256
f 6257 6258 6259
f 6257 6259 6260
f 6261 6262 6263
f 6261 6263 6264
f 6265 6266 6267
f 6265 6267 6268
f 6269 6270 6271
f 6269 6271 6272
f 6273 6274 6275
f 6273 6275 6276
f 6277 6278 6279
f 6277 6279 6280
f 6281 6282 6283
f 6281 6283 6284
f 6285 6286 6287
f 6285 6287 6288
f 6289 6290 6291
f 6289 6291 6292
f 6293 6294 6295
f 6293 6295 6296
f 6297 6298 6299
f 6297 6299 6300
f 6301 6302 6303
f 6301 6303 6304
f 6305 6306 6307
f 6305 6307 6308
f 6309 6310 6311
f 6309 6311 6312
f 6313 6314 6315
f 6313 6315 6316
f 6317 6318 6319
f 6317 6319 6320
f 6321 6322 6323
f 6321 6323 6324
f 6325 6326 6327
f 6325 6327 6328
f 6329 6330 6331
f 6329 6331 6332
f 6333 6334 6335
f 6333 6335 6336
f 6337 6338 6339
f 6337 6339 6340
f 6341 6342 6343
f 6341 6343 6344
f 6345 6346 6347
f 6345 6347 6348
f 6345 6348 6349
f 6345 6349 6350
f 6351 6352 6353
f 6351 6353 6354
f 6355 6356 6357
f 6355 6357 6358
f 6359 6360 6361
f 6359 6361 6362
f 6363 6364 6365
f 6366 6367 6368
f 6369 6370 6371
f 6369 6371 6372
f 6373 6374 6375
f 6376 6377 6378
f 6376 6378 6379
f 6376 6379 6380
f 6376 6380 6381
f 6382 6383 6384
f 6385 6386 6387
f 6385 6387 6388
f 6385 6388 6389
f 6390 6391 6392
f 6393 6394 6395
f 6396 6397 6398
f 6396 6398 6399
f 6400 6401 6402
f 6403 6404 6405
f 6406 6407 6408
f 6409 6410 6411
f 6409 6411 6412
f 6409 6412 6413
f 6409 6413 6414
f 6415 6416 6417
f 6418 6419 6420
f 6418 6420 6421
f 6422 6423 6424
f 6425 6426 6427
f 6428 6429 6430
f 6428 6430 6431
f 6428 6431 6432
f 6433 6434 6435
f 6436 6437 6438
f 6436 6438 6439
f 6436 6439 6440
f 6441 6442 6443
f 6441 6443 6444
f 6441 6444 6445
f 6446 6447 6448
f 6449 6450 6451
f 6449 6451 6452
f 6449 6452 6453
f 6454 6455 6456
f 6454 6456 6457
f 6454 6457 6458
f 6459 6460 6461
f 6462 6463 6464
f 6462 6464 6465
f 6462 6465 6466
f 6467 6468 6469
f 6467 6469 6470
f 6467 6470 6471
f 6472 6473 6474
f 6475 6476 6477
f 6478 6479 6480
f 6478 6480 6481
f 6478 6481 6482
f 6483 6484 6485
f 6483 6485 6486
f 6483 6486 6487
f 6488 6489 6490
f 6491 6492 6493
f 6491 6493 6494
f 6491 6494 6495
f 6496 6497 6498
f 6496 6498 6499
f 6500 6501 6502
f 6503 6504 6505
f 6506 6507 6508
f 6506 6508 6509
f 6506 6509 6510
f 6511 6512 6513
f 6511 6513 6514
f 6515 6516 6517
f 6515 6517 6518
f 6515 6518 6519
f 6520 6521 6522
f 6520 6522 6523
f 6524 6525 6526
f 6524 6526 6527
f 6528 6529 6530
f 6528 6530 6531
f 6532 6533 6534
f 6532 6534 6535
f 6536 6537 6538
f 6536 6538 6539
f 6540 6541 6542
f 6540 6542 6543
f 6544 6545 6546
f 6544 6546 6547
f 6548 6549 6550
f 6548 6550 6551
f 6552 6553 6554
f 6552 6554 6555
f 6556 6557 6558
f 6556 6558 6559
f 6560 6561 6562
f 6560 6562 6563
f 6564 6565 6566
f 6564 6566 6567
f 6568 6569 6570
f 6568 6570 6571
f 6572 6573 6574
f 6572 6574 6575
f 6576 6577 6578
f 6576 6578 6579
f 6580 6581 6582
f 6580 6582 6583
f 6584 6585 6586
f 6584 6586 6587
f 6588 6589 6590
f 6588 6590 6591
f 6592 6593 6594
f 6592 6594 6595
f 6596 6597 6598
f 6596 6598 6599
f 6600 6601 6602
f 6600 6602 6603
f 6604 6605 6606
f 6604 6606 6607
f 6608 6609 6610
f 6608 6610 6611
f 6612 6613 6614
f 6612 6614 6615
f 6616 6617 6618
f 6616 6618 6619
f 6620 6621 6622
f 6620 6622 6623
f 6624 6625 6626
f 6627 6628 6629
f 6627 6629 6630
f 6627 6630 6631
f 6632 6633 6634
f 6632 6634 6635
f 6636 6637 6638
f 6639 6640 6641
f 6639 6641 6642
f 6643 6644 6645
f 6643 6645 6646
f 6647 6648 6649
f 6647 6649 6650
f 6651 6652 6653
f 6651 6653 6654
f 6655 6656 6657
f 6655 6657 6658
f 6659 6660 6661
f 6659 6661 6662
f 6659 6662 6663
f 6659 6663 6664
f 6665 6666 6667
f 6665 6667 6668
f 6669 6670 6671
f 6672 6673 6674
f 6675 6676 6677
f 6678 6679 6680
f 6678 6680 6681
f 6678 6681 6682
f 6683 6684 6685
f 6683 6685 6686
f 6687 6688 6689
f 6690 6691 6692
f 6690 6692 6693
f 6690 6693 6694
f 6695 6696 6697
f 6698 6699 6700
f 6698 6700 6701
f 6702 6703 6704
f 6702 6704 6705
f 6706 6707 6708
f 6709 6710 6711
f 6709 6711 6712
f 6713 6714 6715
f 6713 6715 6716
f 6717 6718 6719
f 6720 6721 6722
f 6723 6724 6725
f 6726 6727 6728
f 6729 6730 6731
f 6732 6733 6734
f 6732 6734 6735
f 6732 6735 6736
f 6737 6738 6739
f 6740 6741 6742
f 6743 6744 6745
f 6746 6747 6748
f 6749 6750 6751
f 6752 6753 6754
f 6755 6756 6757
f 6758 6759 6760
f 6758 6760 6761
f 6758 6761 6762
f 6758 6762 6763
f 6764 6765 6766
f 6767 6768 6769
f 6770 6771 6772
f 6773 6774 6775
f 6773 6775 6776
f 6777 6778 6779
f 6780 6781 6782
f 6783 6784 6785
f 6786 6787 6788
f 6786 6788 6789
f 6786 6789 6790
f 6786 6790 6791
f 6792 6793 6794
f 6795 6796 6797
f 6798 6799 6800
f 6798 6800 6801
f 6798 6801 6802
f 6803 6804 6805
f 6803 6805 6806
f 6807 6808 6809
f 6807 6809 6810
f 6811 6812 6813
f 6811 6813 6814
f 6815 6816 6817
f 6815 6817 6818
f 6819 6820 6821
f 6822 6823 6824
f 6822 6824 6825
f 6822 6825 6826
f 6822 6826 6827
f 6828 6829 6830
f 6831 6832 6833
f 6834 6835 6836
f 6834 6836 6837
f 6838 6839 6840
f 6841 6842 6843
f 6844 6845 6846
f 6847 6848 6849
f 6850 6851 6852
f 6850 6852 6853
f 6854 6855 6856
f 6857 6858 6859
f 6857 6859 6860
f 6857 6860 6861
f 6857 6861 6862
f 6863 6864 6865
f 6866 6867 6868
f 6869 6870 6871
f 6872 6873 6874
f 6875 6876 6877
f 6878 6879 6880
f 6881 6882 6883
f 6881 6883 6884
f 6881 6884 6885
f 6886 6887 6888
f 6889 6890 6891
f 6889 6891 6892
f 6893 6894 6895
f 6896 6897 6898
f 6896 6898 6899
f 6900 6901 6902
f 6903 6904 6905
f 6906 6907 6908
f 6906 6908 6909
f 6910 6911 6912
f 6910 6912 6913
f 6910 6913 6914
f 6910 6914 6915
f 6916 6917 6918
f 6919 6920 6921
f 6919 6921 6922
f 6923 6924 6925
f 6926 6927 6928
f 6926 6928 6929
f 6930 6931 6932
f 6930 6932 6933
f 6934 6935 6936
f 6937 6938 6939
f 6937 6939 6940
f 6941 6942 6943
f 6941 6943 6944
f 6945 6946 6947
f 6945 6947 6948
f 6945 6948 6949
f 6950 6951 6952
f 6953 6954 6955
f 6956 6957 6958
f 6956 6958 6959
f 6956 6959 6960
f 6961 6962 6963
f 6964 6965 6966
f 6964 6966 6967
f 6968 6969 6970
f 6968 6970 6971
f 6972 6973 6974
f 6972 6974 6975
f 6976 6977 6978
f 6976 6978 6979
f 6980 6981 6982
f 6983 6984 6985
f 6983 6985 6986
f 6987 6988 6989
f 6990 6991 6992
f 6990 6992 6993
f 6994 6995 6996
f 6997 6998 6999
f 7000 7001 7002
f 7000 7002 7003
f 7004 7005 7006
f 7004 7006 7007
f 7004 7007 7008
f 7004 7008 7009
f 7010 7011 7012
f 7010 7012 7013
f 7014 7015 7016
f 7017 7018 7019
f 7017 7019 7020
f 7017 7020 7021
f 7017 7021 7022
f 7023 7024 7025
f 7026 7027 7028
f 7029 7030 7031
f 7032 7033 7034
f 7032 7034 7035
f 7032 7035 7036
f 7032 7036 7037
f 7038 7039 7040
f 7041 7042 7043
f 7044 7045 7046
f 7047 7048 7049
f 7050 7051 7052
f 7053 7054 7055
f 7056 7057 7058
f 7059 7060 7061
f 7062 7063 7064
f 7062 7064 7065
f 7066 7067 7068
f 7069 7070 7071
f 7072 7073 7074
f 7075 7076 7077
f 7078 7079 7080
f 7078 7080 7081
f 7078 7081 7082
f 7083 7084 7085
f 7083 7085 7086
f 7083 7086 7087
f 7088 7089 7090
f 7088 7090 7091
f 7088 7091 7092
f 7088 7092 7093
f 7094 7095 7096
f 7097 7098 7099
f 7100 7101 7102
f 7100 7102 7103
f 7104 7105 7106
f 7104 7106 7107
f 7108 7109 7110
f 7111 7112 7113
f 7114 7115 7116
f 7114 7116 7117
f 7118 7119 7120
f 7121 7122 7123
f 7124 7125 7126
f 7127 7128 7129
f 7127 7129 7130
f 7127 7130 7131
f 7132 7133 7134
f 7132 7134 7135
f 7136 7137 7138
f 7139 7140 7141
f 7142 7143 7144
f 7142 7144 7145
f 7146 7147 7148
f 7149 7150 7151
f 7149 7151 7152
f 7153 7154 7155
f 7153 7155 7156
f 7157 7158 7159
f 7160 7161 7162
f 7160 7162 7163
f 7164 7165 7166
f 7164 7166 7167
f 7168 7169 7170
f 7168 7170 7171
f 7172 7173 7174
f 7172 7174 7175
f 7176 7177 7178
f 7179 7180 7181
f 7179 7181 7182
f 7183 7184 7185
f 7183 7185 7186
f 7187 7188 7189
f 7190 7191 7192
f 7193 7194 7195
f 7193 7195 7196
f 7193 7196 7197
f 7193 7197 7198
f 7199 7200 7201
f 7199 7201 7202
f 7199 7202 7203
f 7204 7205 7206
f 7207 7208 7209
f 7207 7209 7210
f 7207 7210 7211
f 7207 7211 7212
f 7213 7214 7215
f 7213 7215 7216
f 7217 7218 7219
f 7220 7221 7222
f 7223 7224 7225
f 7223 7225 7226
f 7227 7228 7229
f 7230 7231 7232
f 7230 7232 7233
f 7230 7233 7234
f 7235 7236 7237
f 7238 7239 7240
f 7241 7242 7243
f 7244 7245 7246
f 7244 7246 7247
f 7244 7247 7248
f 7249 7250 7251
f 7252 7253 7254
f 7252 7254 7255
f 7256 7257 7258
f 7259 7260 7261
f 7262 7263 7264
f 7265 7266 7267
f 7268 7269 7270
f 7271 7272 7273
f 7274 7275 7276
f 7277 7278 7279
f 7280 7281 7282
f 7280 7282 7283
f 7280 7283 7284
f 7280 7284 7285
f 7286 7287 7288
f 7289 7290 7291
f 7289 7291 7292
f 7293 7294 7295
f 7296 7297 7298
f 7299 7300 7301
f 7299 7301 7302
f 7299 7302 7303
f 7304 7305 7306
f 7307 7308 7309
f 7310 7311 7312
f 7313 7314 7315
f 7313 7315 7316
f 7313 7316 7317
f 7318 7319 7320
f 7318 7320 7321
f 7322 7323 7324
f 7322 7324 7325
f 7326 7327 7328
f 7329 7330 7331
f 7332 7333 7334
f 7335 7336 7337
f 7335 7337 7338
f 7335 7338 7339
f 7335 7339 7340
f 7341 7342 7343
f 7341 7343 7344
f 7345 7346 7347
f 7348 7349 7350
f 7348 7350 7351
f 7352 7353 7354
f 7355 7356 7357
f 7358 7359 7360
f 7361 7362 7363
f 7364 7365 7366
f 7364 7366 7367
f 7364 7367 7368
f 7369 7370 7371
f 7369 7371 7372
f 7373 7374 7375
f 7376 7377 7378
f 7376 7378 7379
f 7380 7381 7382
f 7380 7382 7383
f 7384 7385 7386
f 7387 7388 7389
f 7390 7391 7392
f 7390 7392 7393
f 7390 7393 7394
f 7395 7396 7397
f 7395 7397 7398
f 7395 7398 7399
f 7400 7401 7402
f 7400 7402 7403
f 7400 7403 7404
f 7400 7404 7405
f 7406 7407 7408
f 7409 7410 7411
f 7412 7413 7414
f 7415 7416 7417
f 7418 7419 7420
f 7418 7420 7421
f 7422 7423 7424
f 7422 7424 7425
f 7426 7427 7428
f 7429 7430 7431
f 7432 7433 7434
f 7435 7436 7437
f 7435 7437 7438
f 7435 7438 7439
f 7440 7441 7442
f 7440 7442 7443
f 7444 7445 7446
f 7444 7446 7447
f 7448 7449 7450
f 7451 7452 7453
f 7451 7453 7454
f 7451 7454 7455
f 7456 7457 7458
f 7459 7460 7461
f 7462 7463 7464
f 7465 7466 7467
f 7468 7469 7470
f 7471 7472 7473
f 7474 7475 7476
f 7477 7478 7479
f 7480 7481 7482
f 7480 7482 7483
f 7484 7485 7486
f 7484 7486 7487
f 7484 7487 7488
f 7489 7490 7491
f 7492 7493 7494
f 7492 7494 7495
f 7496 7497 7498
f 7499 7500 7501
f 7499 7501 7502
f 7499 7502 7503
f 7499 7503 7504
f 7505 7506 7507
f 7508 7509 7510
f 7511 7512 7513
f 7514 7515 7516
f 7517 7518 7519
f 7517 7519 7520
f 7517 7520 7521
f 7522 7523 7524
f 7525 7526 7527
f 7528 7529 7530
f 7531 7532 7533
f 7531 7533 7534
f 7535 7536 7537
f 7538 7539 7540
f 7538 7540 7541
f 7542 7543 7544
f 7545 7546 7547
f 7548 7549 7550
f 7551 7552 7553
f 7554 7555 7556
f 7554 7556 7557
f 7554 7557 7558
f 7559 7560 7561
f 7559 7561 7562
f 7563 7564 7565
f 7566 7567 7568
f 7569 7570 7571
f 7572 7573 7574
f 7572 7574 7575
f 7576 7577 7578
f 7579 7580 7581
f 7582 7583 7584
f 7585 7586 7587
f 7585 7587 7588
f 7585 7588 7589
f 7590 7591 7592
f 7593 7594 7595
f 7593 7595 7596
f 7597 7598 7599
f 7597 7599 7600
f 7597 7600 7601
f 7602 7603 7604
f 7602 7604 7605
f 7602 7605 7606
f 7607 7608 7609
f 7610 7611 7612
f 7613 7614 7615
f 7613 7615 7616
f 7613 7616 7617
f 7618 7619 7620
f 7618 7620 7621
f 7622 7623 7624
f 7622 7624 7625
f 7626 7627 7628
f 7626 7628 7629
f 7630 7631 7632
f 7630 7632 7633
f 7630 7633 7634
f 7635 7636 7637
f 7635 7637 7638
f 7635 7638 7639
f 7640 7641 7642
f 7643 7644 7645
f 7643 7645 7646
f 7643 7646 7647
f 7643 7647 7648
f 7649 7650 7651
f 7649 7651 7652
f 7653 7654 7655
f 7653 7655 7656
f 7657 7658 7659
f 7660 7661 7662
f 7663 7664 7665
f 7666 7667 7668
f 7669 7670 7671
f 7672 7673 7674
f 7675 7676 7677
f 7678 7679 7680
f 7678 7680 7681
f 7682 7683 7684
f 7685 7686 7687
f 7688 7689 7690
f 7691 7692 7693
f 7691 7693 7694
f 7695 7696 7697
f 7695 7697 7698
f 7699 7700 7701
f 7702 7703 7704
f 7702 7704 7705
f 7706 7707 7708
f 7709 7710 7711
f 7709 7711 7712
f 7713 7714 7715
f 7713 7715 7716
f 7713 7716 7717
f 7713 7717 7718
f 7719 7720 7721
f 7722 7723 7724
f 7725 7726 7727
f 7725 7727 7728
f 7729 7730 7731
f 7729 7731 7732
f 7733 7734 7735
f 7736 7737 7738
f 7736 7738 7739
f 7740 7741 7742
f 7743 7744 7745
f 7746 7747 7748
f 7749 7750 7751
f 7752 7753 7754
f 7755 7756 7757
f 7755 7757 7758
f 7755 7758 7759
f 7760 7761 7762
f 7760 7762 7763
f 7764 7765 7766
f 7767 7768 7769
f 7767 7769 7770
f 7771 7772 7773
f 7771 7773 7774
f 7775 7776 7777
f 7775 7777 7778
f 7779 7780 7781
f 7779 7781 7782
f 7779 7782 7783
f 7779 7783 7784
f 7785 7786 7787
f 7785 7787 7788
f 7785 7788 7789
f 7790 7791 7792
f 7790 7792 7793
f 7794 7795 7796
f 7794 7796 7797
f 7798 7799 7800
f 7801 7802 7803
f 7804 7805 7806
f 7804 7806 7807
f 7808 7809 7810
f 7808 7810 7811
f 7808 7811 7812
f 7808 7812 7813
f 7814 7815 7816
f 7817 7818 7819
f 7817 7819 7820
f 7821 7822 7823
f 7821 7823 7824
f 7821 7824 7825
f 7826 7827 7828
f 7829 7830 7831
f 7832 7833 7834
f 7835 7836 7837
f 7835 7837 7838
f 7839 7840 7841
f 7842 7843 7844
f 7845 7846 7847
f 7848 7849 7850
f 7848 7850 7851
f 7852 7853 7854
f 7852 7854 7855
f 7852 7855 7856
f 7857 7858 7859
f 7860 7861 7862
f 7860 7862 7863
f 7864 7865 7866
f 7867 7868 7869
f 7870 7871 7872
f 7873 7874 7875
f 7873 7875 7876
f 7877 7878 7879
f 7880 7881 7882
f 7883 7884 7885
f 7883 7885 7886
f 7883 7886 7887
f 7888 7889 7890
f 7891 7892 7893
f 7894 7895 7896
f 7894 7896 7897
f 7898 7899 7900
f 7901 7902 7903
f 7901 7903 7904
f 7901 7904 7905
f 7906 7907 7908
f 7909 7910 7911
f 7912 7913 7914
f 7915 7916 7917
f 7918 7919 7920
f 7918 7920 7921
f 7918 7921 7922
f 7918 7922 7923
f 7924 7925 7926
f 7924 7926 7927
f 7924 7927 7928
f 7929 7930 7931
f 7932 7933 7934
f 7932 7934 7935
f 7932 7935 7936
f 7937 7938 7939
f 7940 7941 7942
f 7943 7944 7945
f 7946 7947 7948
f 7949 7950 7951
f 7949 7951 7952
f 7949 7952 7953
f 7949 7953 7954
f 7955 7956 7957
f 7958 7959 7960
f 7958 7960 7961
f 7958 7961 7962
f 7958 7962 7963
f 7964 7965 7966
f 7964 7966 7967
f 7968 7969 7970
f 7968 7970 7971
f 7972 7973 7974
f 7972 7974 7975
f 7976 7977 7978
f 7979 7980 7981
f 7979 7981 7982
f 7983 7984 7985
f 7983 7985 7986
f 7987 7988 7989
f 7990 7991 7992
f 7993 7994 7995
f 7993 7995 7996
f 7997 7998 7999
f 7997 7999 8000
f 7997 8000 8001
f 8002 8003 8004
f 8005 8006 8007
f 8008 8009 8010
f 8011 8012 8013
f 8014 8015 8016
f 8017 8018 8019
f 8020 8021 8022
f 8023 8024 8025
f 8026 8027 8028
f 8026 8028 8029
f 8026 8029 8030
f 8026 8030 8031
f 8032 8033 8034
f 8035 8036 8037
f 8038 8039 8040
f 8038 8040 8041
f 8038 8041 8042
f 8043 8044 8045
f 8043 8045 8046
f 8047 8048 8049
f 8047 8049 8050
f 8051 8052 8053
f 8051 8053 8054
f 8055 8056 8057
f 8055 8057 8058
f 8055 8058 8059
f 8055 8059 8060
f 8061 8062 8063
f 8064 8065 8066
f 8067 8068 8069
f 8067 8069 8070
f 8071 8072 8073
f 8071 8073 8074
f 8075 8076 8077
f 8075 8077 8078
f 8079 8080 8081
f 8082 8083 8084
f 8085 8086 8087
f 8085 8087 8088
f 8085 8088 8089
f 8090 8091 8092
f 8093 8094 8095
