rid,node,behavior,code,lat_us,reply
3,0,0,0,25815,"rid:3:immediate"
6,0,0,0,25814,"rid:6:immediate"
7,0,0,0,25812,"rid:7:immediate"
8,0,0,0,25809,"rid:8:immediate"
1,0,1,0,25899,"rid:1:delayed"
10,0,0,0,25803,"rid:10:immediate"
16,0,0,0,25771,"rid:16:immediate"
18,0,0,0,25762,"rid:18:immediate"
23,0,0,0,25739,"rid:23:immediate"
26,0,0,0,25726,"rid:26:immediate"
27,0,0,0,25715,"rid:27:immediate"
29,0,0,0,25707,"rid:29:immediate"
30,0,0,0,25703,"rid:30:immediate"
32,0,0,0,25692,"rid:32:immediate"
34,0,0,0,25681,"rid:34:immediate"
35,0,0,0,25674,"rid:35:immediate"
39,0,0,0,25650,"rid:39:immediate"
41,0,0,0,25642,"rid:41:immediate"
42,0,0,0,25638,"rid:42:immediate"
45,0,0,0,25589,"rid:45:immediate"
13,0,1,0,25803,"rid:13:delayed"
49,0,0,0,25533,"rid:49:immediate"
51,0,0,0,25524,"rid:51:immediate"
54,0,0,0,25509,"rid:54:immediate"
59,0,0,0,25486,"rid:59:immediate"
61,0,0,0,25479,"rid:61:immediate"
64,0,0,0,25465,"rid:64:immediate"
68,0,0,0,25441,"rid:68:immediate"
69,0,0,0,25438,"rid:69:immediate"
71,0,0,0,25415,"rid:71:immediate"
77,0,0,0,25358,"rid:77:immediate"
78,0,0,0,25351,"rid:78:immediate"
79,0,0,0,25347,"rid:79:immediate"
81,0,0,0,25318,"rid:81:immediate"
82,0,0,0,25312,"rid:82:immediate"
83,0,0,0,25308,"rid:83:immediate"
84,0,0,0,25304,"rid:84:immediate"
86,0,0,0,25295,"rid:86:immediate"
87,0,0,0,25291,"rid:87:immediate"
89,0,0,0,25282,"rid:89:immediate"
91,0,0,0,25273,"rid:91:immediate"
93,0,0,0,25265,"rid:93:immediate"
97,0,0,0,25248,"rid:97:immediate"
98,0,0,0,25241,"rid:98:immediate"
100,0,0,0,25232,"rid:100:immediate"
102,0,0,0,25220,"rid:102:immediate"
104,0,0,0,25207,"rid:104:immediate"
106,0,0,0,25194,"rid:106:immediate"
107,0,0,0,25191,"rid:107:immediate"
108,0,0,0,25187,"rid:108:immediate"
112,0,0,0,25158,"rid:112:immediate"
113,0,0,0,25116,"rid:113:immediate"
9,0,1,0,25844,"rid:9:delayed"
115,0,0,0,25107,"rid:115:immediate"
118,0,0,0,25093,"rid:118:immediate"
122,0,0,0,25076,"rid:122:immediate"
123,0,0,0,25071,"rid:123:immediate"
125,0,0,0,25064,"rid:125:immediate"
131,0,0,0,25039,"rid:131:immediate"
132,0,0,0,25034,"rid:132:immediate"
138,0,0,0,25010,"rid:138:immediate"
139,0,0,0,25006,"rid:139:immediate"
140,0,0,0,25002,"rid:140:immediate"
141,0,0,0,24999,"rid:141:immediate"
143,0,0,0,24983,"rid:143:immediate"
146,0,0,0,24976,"rid:146:immediate"
149,0,0,0,24959,"rid:149:immediate"
153,0,0,0,24942,"rid:153:immediate"
157,0,0,0,24924,"rid:157:immediate"
158,0,0,0,24921,"rid:158:immediate"
159,0,0,0,24916,"rid:159:immediate"
161,0,0,0,24895,"rid:161:immediate"
162,0,0,0,24875,"rid:162:immediate"
164,0,0,0,24859,"rid:164:immediate"
165,0,0,0,24855,"rid:165:immediate"
168,0,0,0,24843,"rid:168:immediate"
169,0,0,0,24839,"rid:169:immediate"
180,0,0,0,24781,"rid:180:immediate"
182,0,0,0,24773,"rid:182:immediate"
184,0,0,0,24762,"rid:184:immediate"
185,0,0,0,24759,"rid:185:immediate"
187,0,0,0,24751,"rid:187:immediate"
188,0,0,0,24747,"rid:188:immediate"
191,0,0,0,24720,"rid:191:immediate"
192,0,0,0,24716,"rid:192:immediate"
193,0,0,0,24709,"rid:193:immediate"
194,0,0,0,24706,"rid:194:immediate"
195,0,0,0,24702,"rid:195:immediate"
197,0,0,0,24696,"rid:197:immediate"
199,0,0,0,24690,"rid:199:immediate"
200,0,0,0,24686,"rid:200:immediate"
201,0,0,0,24682,"rid:201:immediate"
202,0,0,0,24678,"rid:202:immediate"
204,0,0,0,24668,"rid:204:immediate"
206,0,0,0,24660,"rid:206:immediate"
210,0,0,0,24643,"rid:210:immediate"
216,0,0,0,24617,"rid:216:immediate"
217,0,0,0,24615,"rid:217:immediate"
218,0,0,0,24611,"rid:218:immediate"
220,0,0,0,24604,"rid:220:immediate"
223,0,0,0,24585,"rid:223:immediate"
224,0,0,0,24582,"rid:224:immediate"
226,0,0,0,24573,"rid:226:immediate"
227,0,0,0,24570,"rid:227:immediate"
228,0,0,0,24566,"rid:228:immediate"
230,0,0,0,24555,"rid:230:immediate"
231,0,0,0,24551,"rid:231:immediate"
233,0,0,0,24540,"rid:233:immediate"
117,0,1,0,25142,"rid:117:delayed"
43,0,1,0,25670,"rid:43:delayed"
46,0,1,0,25655,"rid:46:delayed"
50,0,1,0,25598,"rid:50:delayed"
58,0,1,0,25559,"rid:58:delayed"
171,0,1,0,24858,"rid:171:delayed"
60,0,1,0,25552,"rid:60:delayed"
101,0,1,0,25284,"rid:101:delayed"
133,0,1,0,25077,"rid:133:delayed"
142,0,1,0,25038,"rid:142:delayed"
148,0,1,0,25003,"rid:148:delayed"
234,0,0,0,24544,"rid:234:immediate"
235,0,0,0,24540,"rid:235:immediate"
237,0,0,0,24533,"rid:237:immediate"
239,0,0,0,24525,"rid:239:immediate"
241,0,0,0,24516,"rid:241:immediate"
242,0,0,0,24513,"rid:242:immediate"
244,0,0,0,24505,"rid:244:immediate"
247,0,0,0,24495,"rid:247:immediate"
248,0,0,0,24491,"rid:248:immediate"
250,0,0,0,24483,"rid:250:immediate"
251,0,0,0,24479,"rid:251:immediate"
253,0,0,0,24472,"rid:253:immediate"
254,0,0,0,24470,"rid:254:immediate"
255,0,0,0,24466,"rid:255:immediate"
256,0,0,0,24460,"rid:256:immediate"
258,0,0,0,24425,"rid:258:immediate"
260,0,0,0,24416,"rid:260:immediate"
265,0,0,0,24398,"rid:265:immediate"
267,0,0,0,24392,"rid:267:immediate"
275,0,0,0,24345,"rid:275:immediate"
279,0,0,0,24330,"rid:279:immediate"
280,0,0,0,24327,"rid:280:immediate"
281,0,0,0,24323,"rid:281:immediate"
283,0,0,0,24318,"rid:283:immediate"
285,0,0,0,24311,"rid:285:immediate"
286,0,0,0,24308,"rid:286:immediate"
287,0,0,0,24306,"rid:287:immediate"
290,0,0,0,24289,"rid:290:immediate"
294,0,0,0,24273,"rid:294:immediate"
295,0,0,0,24270,"rid:295:immediate"
296,0,0,0,24267,"rid:296:immediate"
297,0,0,0,24264,"rid:297:immediate"
298,0,0,0,24261,"rid:298:immediate"
299,0,0,0,24257,"rid:299:immediate"
300,0,0,0,24230,"rid:300:immediate"
301,0,0,0,24226,"rid:301:immediate"
303,0,0,0,24215,"rid:303:immediate"
304,0,0,0,24212,"rid:304:immediate"
305,0,0,0,24208,"rid:305:immediate"
307,0,0,0,24200,"rid:307:immediate"
308,0,0,0,24195,"rid:308:immediate"
311,0,0,0,24165,"rid:311:immediate"
313,0,0,0,24153,"rid:313:immediate"
315,0,0,0,24139,"rid:315:immediate"
320,0,0,0,24118,"rid:320:immediate"
321,0,0,0,24115,"rid:321:immediate"
323,0,0,0,24107,"rid:323:immediate"
324,0,0,0,24102,"rid:324:immediate"
325,0,0,0,24099,"rid:325:immediate"
326,0,0,0,24095,"rid:326:immediate"
327,0,0,0,24092,"rid:327:immediate"
329,0,0,0,24083,"rid:329:immediate"
331,0,0,0,24076,"rid:331:immediate"
334,0,0,0,24062,"rid:334:immediate"
338,0,0,0,24045,"rid:338:immediate"
339,0,0,0,24041,"rid:339:immediate"
340,0,0,0,24038,"rid:340:immediate"
347,0,0,0,24008,"rid:347:immediate"
349,0,0,0,24000,"rid:349:immediate"
350,0,0,0,23997,"rid:350:immediate"
352,0,0,0,23987,"rid:352:immediate"
354,0,0,0,23954,"rid:354:immediate"
355,0,0,0,23949,"rid:355:immediate"
357,0,0,0,23938,"rid:357:immediate"
360,0,0,0,23925,"rid:360:immediate"
362,0,0,0,23919,"rid:362:immediate"
366,0,0,0,23856,"rid:366:immediate"
367,0,0,0,23850,"rid:367:immediate"
368,0,0,0,23846,"rid:368:immediate"
369,0,0,0,23842,"rid:369:immediate"
372,0,0,0,23831,"rid:372:immediate"
373,0,0,0,23827,"rid:373:immediate"
374,0,0,0,23823,"rid:374:immediate"
378,0,0,0,23790,"rid:378:immediate"
379,0,0,0,23784,"rid:379:immediate"
381,0,0,0,23777,"rid:381:immediate"
382,0,0,0,23773,"rid:382:immediate"
383,0,0,0,23769,"rid:383:immediate"
385,0,0,0,23761,"rid:385:immediate"
386,0,0,0,23758,"rid:386:immediate"
387,0,0,0,23755,"rid:387:immediate"
388,0,0,0,23749,"rid:388:immediate"
389,0,0,0,23746,"rid:389:immediate"
390,0,0,0,23742,"rid:390:immediate"
391,0,0,0,23739,"rid:391:immediate"
392,0,0,0,23734,"rid:392:immediate"
393,0,0,0,23731,"rid:393:immediate"
394,0,0,0,23727,"rid:394:immediate"
395,0,0,0,23724,"rid:395:immediate"
396,0,0,0,23720,"rid:396:immediate"
402,0,0,0,23667,"rid:402:immediate"
403,0,0,0,23660,"rid:403:immediate"
406,0,0,0,23647,"rid:406:immediate"
413,0,0,0,23593,"rid:413:immediate"
422,0,0,0,23552,"rid:422:immediate"
423,0,0,0,23549,"rid:423:immediate"
426,0,0,0,23504,"rid:426:immediate"
427,0,0,0,23497,"rid:427:immediate"
428,0,0,0,23494,"rid:428:immediate"
430,0,0,0,23485,"rid:430:immediate"
431,0,0,0,23478,"rid:431:immediate"
433,0,0,0,23471,"rid:433:immediate"
438,0,0,0,23438,"rid:438:immediate"
439,0,0,0,23433,"rid:439:immediate"
442,0,0,0,23414,"rid:442:immediate"
443,0,0,0,23401,"rid:443:immediate"
447,0,0,0,23383,"rid:447:immediate"
448,0,0,0,23380,"rid:448:immediate"
449,0,0,0,23364,"rid:449:immediate"
451,0,0,0,23336,"rid:451:immediate"
452,0,0,0,23328,"rid:452:immediate"
1001,1,0,0,19907,"rid:1001:immediate"
453,0,0,0,24258,"rid:453:immediate"
454,0,0,0,24238,"rid:454:immediate"
1002,1,0,0,20842,"rid:1002:immediate"
455,0,0,0,24236,"rid:455:immediate"
456,0,0,0,24230,"rid:456:immediate"
1004,1,0,0,20830,"rid:1004:immediate"
458,0,0,0,24225,"rid:458:immediate"
459,0,0,0,24223,"rid:459:immediate"
464,0,0,0,24195,"rid:464:immediate"
465,0,0,0,24191,"rid:465:immediate"
467,0,0,0,24183,"rid:467:immediate"
468,0,0,0,24177,"rid:468:immediate"
471,0,0,0,24168,"rid:471:immediate"
473,0,0,0,24147,"rid:473:immediate"
478,0,0,0,24093,"rid:478:immediate"
479,0,0,0,24090,"rid:479:immediate"
1005,1,0,0,20834,"rid:1005:immediate"
480,0,0,0,24088,"rid:480:immediate"
481,0,0,0,24086,"rid:481:immediate"
482,0,0,0,24082,"rid:482:immediate"
483,0,0,0,24080,"rid:483:immediate"
489,0,0,0,24026,"rid:489:immediate"
1008,1,0,0,20825,"rid:1008:immediate"
1010,1,0,0,20815,"rid:1010:immediate"
1012,1,0,0,20779,"rid:1012:immediate"
1015,1,0,0,20748,"rid:1015:immediate"
1029,1,0,0,20673,"rid:1029:immediate"
1030,1,0,0,20670,"rid:1030:immediate"
1031,1,0,0,20666,"rid:1031:immediate"
1032,1,0,0,20659,"rid:1032:immediate"
1033,1,0,0,20656,"rid:1033:immediate"
1035,1,0,0,20645,"rid:1035:immediate"
1036,1,0,0,20642,"rid:1036:immediate"
1042,1,0,0,20599,"rid:1042:immediate"
1045,1,0,0,20583,"rid:1045:immediate"
1037,1,1,0,20638,"rid:1037:delayed"
1049,1,0,0,20557,"rid:1049:immediate"
1051,1,0,0,20546,"rid:1051:immediate"
1052,1,0,0,20538,"rid:1052:immediate"
1058,1,0,0,20501,"rid:1058:immediate"
1061,1,0,0,20486,"rid:1061:immediate"
1064,1,0,0,20473,"rid:1064:immediate"
1065,1,0,0,20470,"rid:1065:immediate"
1066,1,0,0,20410,"rid:1066:immediate"
1067,1,0,0,20392,"rid:1067:immediate"
1068,1,0,0,20381,"rid:1068:immediate"
1073,1,0,0,20332,"rid:1073:immediate"
1075,1,0,0,20321,"rid:1075:immediate"
1078,1,0,0,20307,"rid:1078:immediate"
1079,1,0,0,20302,"rid:1079:immediate"
1080,1,0,0,20287,"rid:1080:immediate"
1047,1,1,0,20578,"rid:1047:delayed"
1082,1,0,0,20279,"rid:1082:immediate"
1084,1,0,0,20269,"rid:1084:immediate"
1086,1,0,0,20261,"rid:1086:immediate"
1090,1,0,0,20243,"rid:1090:immediate"
1095,1,0,0,20217,"rid:1095:immediate"
1098,1,0,0,20191,"rid:1098:immediate"
1099,1,0,0,20184,"rid:1099:immediate"
1100,1,0,0,20180,"rid:1100:immediate"
1103,1,0,0,20162,"rid:1103:immediate"
1106,1,0,0,20150,"rid:1106:immediate"
1108,1,0,0,20141,"rid:1108:immediate"
1110,1,0,0,20131,"rid:1110:immediate"
1112,1,0,0,20123,"rid:1112:immediate"
1113,1,0,0,20066,"rid:1113:immediate"
1114,1,0,0,20009,"rid:1114:immediate"
1119,1,0,0,19979,"rid:1119:immediate"
1122,1,0,0,19965,"rid:1122:immediate"
1125,1,0,0,19950,"rid:1125:immediate"
1126,1,0,0,19946,"rid:1126:immediate"
1128,1,0,0,19934,"rid:1128:immediate"
1132,1,0,0,19894,"rid:1132:immediate"
1133,1,0,0,19890,"rid:1133:immediate"
1135,1,0,0,19875,"rid:1135:immediate"
1136,1,0,0,19870,"rid:1136:immediate"
1140,1,0,0,19837,"rid:1140:immediate"
1141,1,0,0,19833,"rid:1141:immediate"
1097,1,1,0,20224,"rid:1097:delayed"
1011,1,1,0,20823,"rid:1011:delayed"
1117,1,1,0,20001,"rid:1117:delayed"
1121,1,1,0,19979,"rid:1121:delayed"
1056,1,1,0,20543,"rid:1056:delayed"
1142,1,0,0,19831,"rid:1142:immediate"
1143,1,0,0,19827,"rid:1143:immediate"
1144,1,0,0,19821,"rid:1144:immediate"
1150,1,0,0,19793,"rid:1150:immediate"
1151,1,0,0,19788,"rid:1151:immediate"
1152,1,0,0,19784,"rid:1152:immediate"
1153,1,0,0,19781,"rid:1153:immediate"
1156,1,0,0,19767,"rid:1156:immediate"
1162,1,0,0,19733,"rid:1162:immediate"
1163,1,0,0,19728,"rid:1163:immediate"
1166,1,0,0,19713,"rid:1166:immediate"
1168,1,0,0,19690,"rid:1168:immediate"
1169,1,0,0,19671,"rid:1169:immediate"
1170,1,0,0,19664,"rid:1170:immediate"
1171,1,0,0,19659,"rid:1171:immediate"
1172,1,0,0,19656,"rid:1172:immediate"
1174,1,0,0,19648,"rid:1174:immediate"
1180,1,0,0,19622,"rid:1180:immediate"
1183,1,0,0,19610,"rid:1183:immediate"
1185,1,0,0,19602,"rid:1185:immediate"
1186,1,0,0,19598,"rid:1186:immediate"
1187,1,0,0,19595,"rid:1187:immediate"
1188,1,0,0,19591,"rid:1188:immediate"
1191,1,0,0,19579,"rid:1191:immediate"
1195,1,0,0,19562,"rid:1195:immediate"
1197,1,0,0,19554,"rid:1197:immediate"
1200,1,0,0,19512,"rid:1200:immediate"
1201,1,0,0,19506,"rid:1201:immediate"
1202,1,0,0,19502,"rid:1202:immediate"
1203,1,0,0,19498,"rid:1203:immediate"
1205,1,0,0,19489,"rid:1205:immediate"
1210,1,0,0,19432,"rid:1210:immediate"
1212,1,0,0,19423,"rid:1212:immediate"
1213,1,0,0,19419,"rid:1213:immediate"
1214,1,0,0,19415,"rid:1214:immediate"
1215,1,0,0,19411,"rid:1215:immediate"
1216,1,0,0,19407,"rid:1216:immediate"
1220,1,0,0,19391,"rid:1220:immediate"
1221,1,0,0,19388,"rid:1221:immediate"
1222,1,0,0,19381,"rid:1222:immediate"
1223,1,0,0,19378,"rid:1223:immediate"
1225,1,0,0,19370,"rid:1225:immediate"
1231,1,0,0,19345,"rid:1231:immediate"
1233,1,0,0,19337,"rid:1233:immediate"
1234,1,0,0,19330,"rid:1234:immediate"
1236,1,0,0,19314,"rid:1236:immediate"
1237,1,0,0,19310,"rid:1237:immediate"
1241,1,0,0,19293,"rid:1241:immediate"
1243,1,0,0,19285,"rid:1243:immediate"
1244,1,0,0,19279,"rid:1244:immediate"
1245,1,0,0,19274,"rid:1245:immediate"
1246,1,0,0,19270,"rid:1246:immediate"
1247,1,0,0,19267,"rid:1247:immediate"
1252,1,0,0,19235,"rid:1252:immediate"
1253,1,0,0,19232,"rid:1253:immediate"
1254,1,0,0,19228,"rid:1254:immediate"
1258,1,0,0,19185,"rid:1258:immediate"
1259,1,0,0,19180,"rid:1259:immediate"
1265,1,0,0,19152,"rid:1265:immediate"
1266,1,0,0,19149,"rid:1266:immediate"
1268,1,0,0,19142,"rid:1268:immediate"
1269,1,0,0,19138,"rid:1269:immediate"
1270,1,0,0,19135,"rid:1270:immediate"
1272,1,0,0,19110,"rid:1272:immediate"
1273,1,0,0,19113,"rid:1273:immediate"
1274,1,0,0,19110,"rid:1274:immediate"
1276,1,0,0,19102,"rid:1276:immediate"
1277,1,0,0,19100,"rid:1277:immediate"
1286,1,0,0,19064,"rid:1286:immediate"
1289,1,0,0,19051,"rid:1289:immediate"
1292,1,0,0,19036,"rid:1292:immediate"
1294,1,0,0,19028,"rid:1294:immediate"
1295,1,0,0,19024,"rid:1295:immediate"
1297,1,0,0,19017,"rid:1297:immediate"
1298,1,0,0,19012,"rid:1298:immediate"
173,0,1,0,25988,"rid:173:delayed"
5,0,1,0,27050,"rid:5:delayed"
120,0,1,0,26272,"rid:120:delayed"
145,0,1,0,26156,"rid:145:delayed"
150,0,1,0,26129,"rid:150:delayed"
152,0,1,0,26122,"rid:152:delayed"
176,0,1,0,25981,"rid:176:delayed"
65,0,1,0,26667,"rid:65:delayed"
196,0,1,0,25895,"rid:196:delayed"
92,0,1,0,26504,"rid:92:delayed"
215,0,1,0,25812,"rid:215:delayed"
278,0,1,0,25497,"rid:278:delayed"
359,0,1,0,25068,"rid:359:delayed"
144,0,1,0,26201,"rid:144:delayed"
167,0,1,0,26056,"rid:167:delayed"
76,0,1,0,26632,"rid:76:delayed"
110,0,1,0,26406,"rid:110:delayed"
261,0,1,0,25581,"rid:261:delayed"
269,0,1,0,25554,"rid:269:delayed"
346,0,1,0,25159,"rid:346:delayed"
348,0,1,0,25151,"rid:348:delayed"
22,0,1,0,27014,"rid:22:delayed"
119,0,1,0,26322,"rid:119:delayed"
353,0,1,0,25106,"rid:353:delayed"
170,0,1,0,26049,"rid:170:delayed"
72,0,1,0,26659,"rid:72:delayed"
491,0,1,0,24092,"rid:491:delayed"
88,0,1,0,26533,"rid:88:delayed"
238,0,1,0,25713,"rid:238:delayed"
94,0,1,0,26508,"rid:94:delayed"
4,0,1,0,27104,"rid:4:delayed"
243,0,1,0,25693,"rid:243:delayed"
252,0,1,0,25657,"rid:252:delayed"
259,0,1,0,25598,"rid:259:delayed"
407,0,1,0,24776,"rid:407:delayed"
410,0,1,0,24741,"rid:410:delayed"
268,0,1,0,25567,"rid:268:delayed"
356,0,1,0,25096,"rid:356:delayed"
130,0,1,0,26283,"rid:130:delayed"
497,0,0,0,24070,"rid:497:immediate"
500,0,0,0,24057,"rid:500:immediate"
501,0,0,0,24053,"rid:501:immediate"
503,0,0,0,24045,"rid:503:immediate"
504,0,0,0,24041,"rid:504:immediate"
505,0,0,0,24038,"rid:505:immediate"
509,0,0,0,24019,"rid:509:immediate"
514,0,0,0,23995,"rid:514:immediate"
518,0,0,0,23961,"rid:518:immediate"
519,0,0,0,23957,"rid:519:immediate"
520,0,0,0,23954,"rid:520:immediate"
521,0,0,0,23949,"rid:521:immediate"
522,0,0,0,23943,"rid:522:immediate"
523,0,0,0,23940,"rid:523:immediate"
526,0,0,0,23927,"rid:526:immediate"
527,0,0,0,23923,"rid:527:immediate"
528,0,0,0,23919,"rid:528:immediate"
529,0,0,0,23916,"rid:529:immediate"
531,0,0,0,23907,"rid:531:immediate"
533,0,0,0,23899,"rid:533:immediate"
534,0,0,0,23895,"rid:534:immediate"
537,0,0,0,23881,"rid:537:immediate"
538,0,0,0,23878,"rid:538:immediate"
545,0,0,0,23848,"rid:545:immediate"
546,0,0,0,23844,"rid:546:immediate"
547,0,0,0,23840,"rid:547:immediate"
549,0,0,0,24473,"rid:549:immediate"
550,0,0,0,24471,"rid:550:immediate"
553,0,0,0,24460,"rid:553:immediate"
557,0,0,0,24445,"rid:557:immediate"
558,0,0,0,24442,"rid:558:immediate"
559,0,0,0,24438,"rid:559:immediate"
562,0,0,0,24425,"rid:562:immediate"
564,0,0,0,24404,"rid:564:immediate"
566,0,0,0,24352,"rid:566:immediate"
567,0,0,0,24346,"rid:567:immediate"
571,0,0,0,24329,"rid:571:immediate"
572,0,0,0,24325,"rid:572:immediate"
573,0,0,0,24322,"rid:573:immediate"
574,0,0,0,24319,"rid:574:immediate"
575,0,0,0,24313,"rid:575:immediate"
578,0,0,0,24302,"rid:578:immediate"
579,0,0,0,24299,"rid:579:immediate"
580,0,0,0,24291,"rid:580:immediate"
581,0,0,0,24289,"rid:581:immediate"
582,0,0,0,24286,"rid:582:immediate"
585,0,0,0,24274,"rid:585:immediate"
586,0,0,0,24272,"rid:586:immediate"
594,0,0,0,24215,"rid:594:immediate"
599,0,0,0,24184,"rid:599:immediate"
602,0,0,0,24175,"rid:602:immediate"
607,0,0,0,24145,"rid:607:immediate"
610,0,0,0,24136,"rid:610:immediate"
612,0,0,0,24130,"rid:612:immediate"
614,0,0,0,24123,"rid:614:immediate"
617,0,0,0,24109,"rid:617:immediate"
619,0,0,0,24102,"rid:619:immediate"
620,0,0,0,24100,"rid:620:immediate"
621,0,0,0,24070,"rid:621:immediate"
623,0,0,0,24060,"rid:623:immediate"
624,0,0,0,24057,"rid:624:immediate"
625,0,0,0,24053,"rid:625:immediate"
626,0,0,0,24049,"rid:626:immediate"
628,0,0,0,24043,"rid:628:immediate"
638,0,0,0,24008,"rid:638:immediate"
639,0,0,0,24002,"rid:639:immediate"
640,0,0,0,23999,"rid:640:immediate"
642,0,0,0,23991,"rid:642:immediate"
645,0,0,0,23979,"rid:645:immediate"
647,0,0,0,23971,"rid:647:immediate"
649,0,0,0,23960,"rid:649:immediate"
650,0,0,0,23957,"rid:650:immediate"
652,0,0,0,23935,"rid:652:immediate"
653,0,0,0,23931,"rid:653:immediate"
654,0,0,0,23928,"rid:654:immediate"
655,0,0,0,23924,"rid:655:immediate"
660,0,0,0,23901,"rid:660:immediate"
665,0,0,0,23810,"rid:665:immediate"
666,0,0,0,23797,"rid:666:immediate"
667,0,0,0,23791,"rid:667:immediate"
668,0,0,0,23786,"rid:668:immediate"
669,0,0,0,23783,"rid:669:immediate"
671,0,0,0,23773,"rid:671:immediate"
673,0,0,0,23765,"rid:673:immediate"
674,0,0,0,23762,"rid:674:immediate"
675,0,0,0,23766,"rid:675:immediate"
677,0,0,0,23758,"rid:677:immediate"
678,0,0,0,23755,"rid:678:immediate"
681,0,0,0,23742,"rid:681:immediate"
682,0,0,0,23737,"rid:682:immediate"
684,0,0,0,23725,"rid:684:immediate"
685,0,0,0,23722,"rid:685:immediate"
686,0,0,0,23718,"rid:686:immediate"
687,0,0,0,23717,"rid:687:immediate"
688,0,0,0,23714,"rid:688:immediate"
689,0,0,0,23708,"rid:689:immediate"
690,0,0,0,23704,"rid:690:immediate"
691,0,0,0,23701,"rid:691:immediate"
692,0,0,0,23697,"rid:692:immediate"
693,0,0,0,23692,"rid:693:immediate"
700,0,0,0,23661,"rid:700:immediate"
705,0,0,0,23638,"rid:705:immediate"
706,0,0,0,23635,"rid:706:immediate"
707,0,0,0,23549,"rid:707:immediate"
708,0,0,0,23542,"rid:708:immediate"
710,0,0,0,23531,"rid:710:immediate"
711,0,0,0,23526,"rid:711:immediate"
713,0,0,0,23514,"rid:713:immediate"
715,0,0,0,23507,"rid:715:immediate"
716,0,0,0,23502,"rid:716:immediate"
718,0,0,0,23494,"rid:718:immediate"
719,0,0,0,23491,"rid:719:immediate"
721,0,0,0,23481,"rid:721:immediate"
722,0,0,0,23478,"rid:722:immediate"
724,0,0,0,23471,"rid:724:immediate"
726,0,0,0,23459,"rid:726:immediate"
728,0,0,0,23452,"rid:728:immediate"
730,0,0,0,23437,"rid:730:immediate"
732,0,0,0,23429,"rid:732:immediate"
733,0,0,0,23426,"rid:733:immediate"
735,0,0,0,23416,"rid:735:immediate"
736,0,0,0,23413,"rid:736:immediate"
737,0,0,0,23409,"rid:737:immediate"
739,0,0,0,23399,"rid:739:immediate"
740,0,0,0,23396,"rid:740:immediate"
742,0,0,0,23387,"rid:742:immediate"
743,0,0,0,23384,"rid:743:immediate"
746,0,0,0,23370,"rid:746:immediate"
748,0,0,0,23337,"rid:748:immediate"
751,0,0,0,23204,"rid:751:immediate"
752,0,0,0,23200,"rid:752:immediate"
754,0,0,0,23192,"rid:754:immediate"
755,0,0,0,23187,"rid:755:immediate"
757,0,0,0,23179,"rid:757:immediate"
760,0,0,0,23167,"rid:760:immediate"
769,0,0,0,23127,"rid:769:immediate"
770,0,0,0,23123,"rid:770:immediate"
771,0,0,0,23120,"rid:771:immediate"
772,0,0,0,23115,"rid:772:immediate"
773,0,0,0,23112,"rid:773:immediate"
775,0,0,0,23101,"rid:775:immediate"
777,0,0,0,23092,"rid:777:immediate"
778,0,0,0,23088,"rid:778:immediate"
782,0,0,0,23068,"rid:782:immediate"
786,0,0,0,23047,"rid:786:immediate"
787,0,0,0,23044,"rid:787:immediate"
789,0,0,0,23034,"rid:789:immediate"
790,0,0,0,23031,"rid:790:immediate"
793,0,0,0,23019,"rid:793:immediate"
794,0,0,0,23014,"rid:794:immediate"
799,0,0,0,22992,"rid:799:immediate"
801,0,0,0,22985,"rid:801:immediate"
802,0,0,0,22981,"rid:802:immediate"
809,0,0,0,22950,"rid:809:immediate"
810,0,0,0,22947,"rid:810:immediate"
812,0,0,0,22935,"rid:812:immediate"
814,0,0,0,22912,"rid:814:immediate"
817,0,0,0,22898,"rid:817:immediate"
818,0,0,0,22894,"rid:818:immediate"
819,0,0,0,22894,"rid:819:immediate"
823,0,0,0,22806,"rid:823:immediate"
825,0,0,0,22793,"rid:825:immediate"
826,0,0,0,22788,"rid:826:immediate"
827,0,0,0,22783,"rid:827:immediate"
829,0,0,0,22772,"rid:829:immediate"
832,0,0,0,22758,"rid:832:immediate"
833,0,0,0,22754,"rid:833:immediate"
835,0,0,0,22745,"rid:835:immediate"
836,0,0,0,22741,"rid:836:immediate"
837,0,0,0,22738,"rid:837:immediate"
838,0,0,0,22733,"rid:838:immediate"
839,0,0,0,22730,"rid:839:immediate"
841,0,0,0,22721,"rid:841:immediate"
843,0,0,0,22713,"rid:843:immediate"
847,0,0,0,22693,"rid:847:immediate"
848,0,0,0,22690,"rid:848:immediate"
852,0,0,0,22670,"rid:852:immediate"
853,0,0,0,22666,"rid:853:immediate"
855,0,0,0,22659,"rid:855:immediate"
857,0,0,0,22651,"rid:857:immediate"
859,0,0,0,22634,"rid:859:immediate"
861,0,0,0,22626,"rid:861:immediate"
866,0,0,0,22605,"rid:866:immediate"
867,0,0,0,22600,"rid:867:immediate"
868,0,0,0,22596,"rid:868:immediate"
869,0,0,0,22593,"rid:869:immediate"
874,0,0,0,22572,"rid:874:immediate"
875,0,0,0,22546,"rid:875:immediate"
876,0,0,0,22540,"rid:876:immediate"
877,0,0,0,22533,"rid:877:immediate"
879,0,0,0,22525,"rid:879:immediate"
884,0,0,0,22504,"rid:884:immediate"
887,0,0,0,22491,"rid:887:immediate"
889,0,0,0,22485,"rid:889:immediate"
893,0,0,0,22470,"rid:893:immediate"
895,0,0,0,22463,"rid:895:immediate"
897,0,0,0,22456,"rid:897:immediate"
898,0,0,0,22453,"rid:898:immediate"
900,0,0,0,22446,"rid:900:immediate"
902,0,0,0,22439,"rid:902:immediate"
903,0,0,0,22437,"rid:903:immediate"
904,0,0,0,22433,"rid:904:immediate"
905,0,0,0,22430,"rid:905:immediate"
907,0,0,0,22424,"rid:907:immediate"
913,0,0,0,22385,"rid:913:immediate"
915,0,0,0,22356,"rid:915:immediate"
916,0,0,0,22342,"rid:916:immediate"
917,0,0,0,22326,"rid:917:immediate"
918,0,0,0,22312,"rid:918:immediate"
919,0,0,0,22307,"rid:919:immediate"
923,0,0,0,22293,"rid:923:immediate"
926,0,0,0,22283,"rid:926:immediate"
927,0,0,0,22276,"rid:927:immediate"
929,0,0,0,22270,"rid:929:immediate"
930,0,0,0,22250,"rid:930:immediate"
933,0,0,0,22237,"rid:933:immediate"
939,0,0,0,22212,"rid:939:immediate"
942,0,0,0,22199,"rid:942:immediate"
947,0,0,0,22181,"rid:947:immediate"
950,0,0,0,22123,"rid:950:immediate"
951,0,0,0,22118,"rid:951:immediate"
952,0,0,0,22113,"rid:952:immediate"
954,0,0,0,22102,"rid:954:immediate"
956,0,0,0,22095,"rid:956:immediate"
957,0,0,0,22092,"rid:957:immediate"
958,0,0,0,22095,"rid:958:immediate"
960,0,0,0,22087,"rid:960:immediate"
964,0,0,0,22073,"rid:964:immediate"
966,0,0,0,22065,"rid:966:immediate"
967,0,0,0,22063,"rid:967:immediate"
969,0,0,0,22055,"rid:969:immediate"
970,0,0,0,22051,"rid:970:immediate"
971,0,0,0,22046,"rid:971:immediate"
973,0,0,0,22012,"rid:973:immediate"
979,0,0,0,21986,"rid:979:immediate"
980,0,0,0,21982,"rid:980:immediate"
981,0,0,0,21978,"rid:981:immediate"
983,0,0,0,21971,"rid:983:immediate"
985,0,0,0,21964,"rid:985:immediate"
987,0,0,0,21956,"rid:987:immediate"
988,0,0,0,21953,"rid:988:immediate"
989,0,0,0,21950,"rid:989:immediate"
993,0,0,0,21932,"rid:993:immediate"
995,0,0,0,21921,"rid:995:immediate"
997,0,0,0,21913,"rid:997:immediate"
999,0,0,0,21907,"rid:999:immediate"
135,0,1,0,27092,"rid:135:delayed"
147,0,1,0,27034,"rid:147:delayed"
493,0,1,0,24922,"rid:493:delayed"
312,0,1,0,26161,"rid:312:delayed"
496,0,1,0,24909,"rid:496:delayed"
499,0,1,0,24895,"rid:499:delayed"
365,0,1,0,25847,"rid:365:delayed"
52,0,1,0,27622,"rid:52:delayed"
555,0,1,0,24941,"rid:555:delayed"
569,0,1,0,24824,"rid:569:delayed"
397,0,1,0,26006,"rid:397:delayed"
399,0,1,0,25999,"rid:399:delayed"
589,0,1,0,24741,"rid:589:delayed"
595,0,1,0,24684,"rid:595:delayed"
11,0,1,0,28241,"rid:11:delayed"
17,0,1,0,28210,"rid:17:delayed"
20,0,1,0,28195,"rid:20:delayed"
429,0,1,0,25784,"rid:429:delayed"
121,0,1,0,27487,"rid:121:delayed"
289,0,1,0,26637,"rid:289:delayed"
310,0,1,0,26522,"rid:310:delayed"
658,0,1,0,24382,"rid:658:delayed"
457,0,1,0,25557,"rid:457:delayed"
507,0,1,0,25192,"rid:507:delayed"
516,0,1,0,25135,"rid:516:delayed"
53,0,1,0,27950,"rid:53:delayed"
377,0,1,0,26111,"rid:377:delayed"
380,0,1,0,26097,"rid:380:delayed"
203,0,1,0,27054,"rid:203:delayed"
745,0,1,0,23808,"rid:745:delayed"
434,0,1,0,25770,"rid:434:delayed"
358,0,1,0,26263,"rid:358:delayed"
627,0,1,0,24536,"rid:627:delayed"
780,0,1,0,23504,"rid:780:delayed"
783,0,1,0,23492,"rid:783:delayed"
136,0,1,0,27436,"rid:136:delayed"
641,0,1,0,24486,"rid:641:delayed"
643,0,1,0,24478,"rid:643:delayed"
450,0,1,0,25656,"rid:450:delayed"
797,0,1,0,23429,"rid:797:delayed"
160,0,1,0,27320,"rid:160:delayed"
805,0,1,0,23396,"rid:805:delayed"
48,0,1,0,27989,"rid:48:delayed"
466,0,1,0,25529,"rid:466:delayed"
370,0,1,0,26172,"rid:370:delayed"
474,0,1,0,25484,"rid:474:delayed"
525,0,1,0,25108,"rid:525:delayed"
554,0,1,0,24980,"rid:554:delayed"
556,0,1,0,24982,"rid:556:delayed"
712,0,1,0,23991,"rid:712:delayed"
2,0,1,0,28322,"rid:2:delayed"
95,0,1,0,27709,"rid:95:delayed"
865,0,1,0,23033,"rid:865:delayed"
249,0,1,0,26875,"rid:249:delayed"
401,0,1,0,26023,"rid:401:delayed"
257,0,1,0,26841,"rid:257:delayed"
212,0,1,0,27044,"rid:212:delayed"
111,0,1,0,27617,"rid:111:delayed"
266,0,1,0,26781,"rid:266:delayed"
888,0,1,0,22911,"rid:888:delayed"
270,0,1,0,26769,"rid:270:delayed"
271,0,1,0,26766,"rid:271:delayed"
593,0,1,0,24764,"rid:593:delayed"
343,0,1,0,26393,"rid:343:delayed"
603,0,1,0,24694,"rid:603:delayed"
229,0,1,0,26971,"rid:229:delayed"
232,0,1,0,26957,"rid:232:delayed"
616,0,1,0,24644,"rid:616:delayed"
284,0,1,0,26705,"rid:284:delayed"
127,0,1,0,27511,"rid:127:delayed"
437,0,1,0,25787,"rid:437:delayed"
502,0,1,0,25262,"rid:502:delayed"
163,0,1,0,27310,"rid:163:delayed"
811,0,1,0,23404,"rid:811:delayed"
959,0,1,0,22499,"rid:959:delayed"
470,0,1,0,25546,"rid:470:delayed"
961,0,1,0,22493,"rid:961:delayed"
822,0,1,0,23321,"rid:822:delayed"
189,0,1,0,27181,"rid:189:delayed"
486,0,1,0,25410,"rid:486:delayed"
854,0,1,0,23110,"rid:854:delayed"
1000,0,1,0,22274,"rid:1000:delayed"
871,0,1,0,23030,"rid:871:delayed"
114,0,1,0,27582,"rid:114:delayed"
587,0,1,0,24818,"rid:587:delayed"
418,0,1,0,25931,"rid:418:delayed"
277,0,1,0,26746,"rid:277:delayed"
753,0,1,0,23684,"rid:753:delayed"
345,0,1,0,26405,"rid:345:delayed"
116,0,1,0,27576,"rid:116:delayed"
21,0,1,0,28259,"rid:21:delayed"
909,0,1,0,22855,"rid:909:delayed"
351,0,1,0,26379,"rid:351:delayed"
124,0,1,0,27543,"rid:124:delayed"
774,0,1,0,23592,"rid:774:delayed"
361,0,1,0,26309,"rid:361:delayed"
134,0,1,0,27502,"rid:134:delayed"
637,0,1,0,24561,"rid:637:delayed"
785,0,1,0,23541,"rid:785:delayed"
40,0,1,0,28155,"rid:40:delayed"
934,0,1,0,22675,"rid:934:delayed"
788,0,1,0,23536,"rid:788:delayed"
154,0,1,0,27411,"rid:154:delayed"
166,0,1,0,27323,"rid:166:delayed"
56,0,1,0,28012,"rid:56:delayed"
172,0,1,0,27299,"rid:172:delayed"
475,0,1,0,25532,"rid:475:delayed"
177,0,1,0,27278,"rid:177:delayed"
181,0,1,0,27250,"rid:181:delayed"
536,0,1,0,25124,"rid:536:delayed"
74,0,1,0,27908,"rid:74:delayed"
186,0,1,0,27229,"rid:186:delayed"
484,0,1,0,25455,"rid:484:delayed"
488,0,1,0,25437,"rid:488:delayed"
845,0,1,0,23184,"rid:845:delayed"
548,0,1,0,25078,"rid:548:delayed"
551,0,1,0,25062,"rid:551:delayed"
85,0,1,0,27813,"rid:85:delayed"
709,0,1,0,24073,"rid:709:delayed"
96,0,1,0,27766,"rid:96:delayed"
720,0,1,0,24019,"rid:720:delayed"
332,0,1,0,26494,"rid:332:delayed"
873,0,1,0,23059,"rid:873:delayed"
408,0,1,0,26038,"rid:408:delayed"
416,0,1,0,25976,"rid:416:delayed"
272,0,1,0,26819,"rid:272:delayed"
342,0,1,0,26453,"rid:342:delayed"
605,0,1,0,24742,"rid:605:delayed"
609,0,1,0,24728,"rid:609:delayed"
767,0,1,0,23660,"rid:767:delayed"
128,0,1,0,27562,"rid:128:delayed"
129,0,1,0,27559,"rid:129:delayed"
155,0,1,0,27430,"rid:155:delayed"
316,0,1,0,26573,"rid:316:delayed"
679,0,1,0,24313,"rid:679:delayed"
962,0,1,0,22543,"rid:962:delayed"
472,0,1,0,25595,"rid:472:delayed"
175,0,1,0,27310,"rid:175:delayed"
830,0,1,0,23277,"rid:830:delayed"
540,0,1,0,25131,"rid:540:delayed"
977,0,1,0,22455,"rid:977:delayed"
697,0,1,0,24233,"rid:697:delayed"
991,0,1,0,22399,"rid:991:delayed"
322,0,1,0,26555,"rid:322:delayed"
552,0,1,0,25081,"rid:552:delayed"
994,0,1,0,22389,"rid:994:delayed"
872,0,1,0,23082,"rid:872:delayed"
727,0,1,0,24007,"rid:727:delayed"
213,0,1,0,27120,"rid:213:delayed"
262,0,1,0,26875,"rid:262:delayed"
738,0,1,0,23956,"rid:738:delayed"
891,0,1,0,22979,"rid:891:delayed"
892,0,1,0,22975,"rid:892:delayed"
592,0,1,0,24859,"rid:592:delayed"
749,0,1,0,23766,"rid:749:delayed"
912,0,1,0,22900,"rid:912:delayed"
436,0,1,0,25869,"rid:436:delayed"
776,0,1,0,23640,"rid:776:delayed"
631,0,1,0,24638,"rid:631:delayed"
792,0,1,0,23563,"rid:792:delayed"
492,0,1,0,25387,"rid:492:delayed"
495,0,1,0,25374,"rid:495:delayed"
317,0,1,0,26591,"rid:317:delayed"
2002,2,0,0,16070,"rid:2002:immediate"
2007,2,0,0,16036,"rid:2007:immediate"
2009,2,0,0,16030,"rid:2009:immediate"
318,0,1,0,26593,"rid:318:delayed"
319,0,1,0,26589,"rid:319:delayed"
659,0,1,0,24513,"rid:659:delayed"
461,0,1,0,25673,"rid:461:delayed"
813,0,1,0,23464,"rid:813:delayed"
680,0,1,0,24343,"rid:680:delayed"
821,0,1,0,23415,"rid:821:delayed"
2012,2,0,0,16028,"rid:2012:immediate"
2013,2,0,0,16025,"rid:2013:immediate"
2014,2,0,0,16023,"rid:2014:immediate"
2015,2,0,0,16018,"rid:2015:immediate"
2016,2,0,0,16015,"rid:2016:immediate"
2017,2,0,0,16013,"rid:2017:immediate"
2018,2,0,0,16007,"rid:2018:immediate"
2019,2,0,0,16004,"rid:2019:immediate"
2020,2,0,0,16001,"rid:2020:immediate"
1074,1,1,0,21777,"rid:1074:delayed"
1023,1,1,0,22167,"rid:1023:delayed"
1024,1,1,0,22161,"rid:1024:delayed"
1118,1,1,0,21422,"rid:1118:delayed"
1127,1,1,0,21378,"rid:1127:delayed"
1137,1,1,0,21300,"rid:1137:delayed"
1054,1,1,0,21987,"rid:1054:delayed"
1158,1,1,0,21184,"rid:1158:delayed"
1164,1,1,0,21150,"rid:1164:delayed"
1009,1,1,0,22294,"rid:1009:delayed"
1021,1,1,0,22187,"rid:1021:delayed"
1204,1,1,0,20910,"rid:1204:delayed"
1299,1,0,0,20391,"rid:1299:immediate"
2021,2,0,0,16008,"rid:2021:immediate"
1301,1,0,0,20384,"rid:1301:immediate"
2022,2,0,0,16005,"rid:2022:immediate"
1302,1,0,0,20381,"rid:1302:immediate"
2023,2,0,0,16004,"rid:2023:immediate"
1312,1,0,0,20338,"rid:1312:immediate"
2026,2,0,0,15994,"rid:2026:immediate"
1314,1,0,0,20331,"rid:1314:immediate"
2030,2,0,0,15981,"rid:2030:immediate"
1315,1,0,0,20328,"rid:1315:immediate"
2031,2,0,0,15978,"rid:2031:immediate"
1316,1,0,0,20324,"rid:1316:immediate"
1317,1,0,0,20320,"rid:1317:immediate"
1318,1,0,0,20316,"rid:1318:immediate"
1319,1,0,0,20286,"rid:1319:immediate"
1321,1,0,0,20274,"rid:1321:immediate"
1324,1,0,0,20256,"rid:1324:immediate"
1326,1,0,0,20247,"rid:1326:immediate"
1328,1,0,0,20237,"rid:1328:immediate"
1330,1,0,0,20228,"rid:1330:immediate"
1333,1,0,0,20213,"rid:1333:immediate"
1335,1,0,0,20203,"rid:1335:immediate"
1336,1,0,0,20199,"rid:1336:immediate"
1339,1,0,0,20186,"rid:1339:immediate"
1340,1,0,0,20183,"rid:1340:immediate"
1342,1,0,0,20126,"rid:1342:immediate"
1345,1,0,0,20111,"rid:1345:immediate"
1346,1,0,0,20108,"rid:1346:immediate"
1348,1,0,0,20097,"rid:1348:immediate"
1353,1,0,0,20076,"rid:1353:immediate"
1354,1,0,0,20072,"rid:1354:immediate"
1356,1,0,0,20062,"rid:1356:immediate"
1360,1,0,0,20046,"rid:1360:immediate"
1365,1,0,0,19992,"rid:1365:immediate"
1367,1,0,0,19984,"rid:1367:immediate"
1372,1,0,0,19962,"rid:1372:immediate"
1373,1,0,0,19958,"rid:1373:immediate"
1375,1,0,0,19950,"rid:1375:immediate"
1376,1,0,0,19947,"rid:1376:immediate"
1380,1,0,0,19929,"rid:1380:immediate"
1382,1,0,0,19919,"rid:1382:immediate"
1384,1,0,0,19911,"rid:1384:immediate"
1385,1,0,0,19907,"rid:1385:immediate"
1387,1,0,0,19899,"rid:1387:immediate"
1388,1,0,0,19896,"rid:1388:immediate"
1398,1,0,0,19850,"rid:1398:immediate"
1399,1,0,0,19845,"rid:1399:immediate"
1401,1,0,0,20334,"rid:1401:immediate"
1402,1,0,0,20338,"rid:1402:immediate"
1403,1,0,0,20339,"rid:1403:immediate"
1407,1,0,0,20324,"rid:1407:immediate"
1408,1,0,0,20323,"rid:1408:immediate"
1410,1,0,0,20316,"rid:1410:immediate"
1412,1,0,0,20310,"rid:1412:immediate"
1416,1,0,0,20294,"rid:1416:immediate"
1419,1,0,0,20281,"rid:1419:immediate"
1422,1,0,0,20265,"rid:1422:immediate"
1424,1,0,0,20258,"rid:1424:immediate"
1426,1,0,0,20252,"rid:1426:immediate"
1427,1,0,0,20248,"rid:1427:immediate"
1428,1,0,0,20225,"rid:1428:immediate"
1429,1,0,0,20223,"rid:1429:immediate"
1430,1,0,0,20221,"rid:1430:immediate"
1433,1,0,0,20170,"rid:1433:immediate"
1434,1,0,0,20168,"rid:1434:immediate"
1436,1,0,0,20161,"rid:1436:immediate"
1438,1,0,0,20154,"rid:1438:immediate"
1439,1,0,0,20152,"rid:1439:immediate"
2032,2,0,0,16566,"rid:2032:immediate"
1441,1,0,0,20148,"rid:1441:immediate"
1445,1,0,0,20129,"rid:1445:immediate"
1446,1,0,0,20125,"rid:1446:immediate"
1450,1,0,0,20108,"rid:1450:immediate"
1455,1,0,0,20087,"rid:1455:immediate"
1456,1,0,0,20084,"rid:1456:immediate"
1457,1,0,0,20083,"rid:1457:immediate"
1458,1,0,0,20077,"rid:1458:immediate"
1461,1,0,0,20063,"rid:1461:immediate"
1462,1,0,0,20059,"rid:1462:immediate"
1463,1,0,0,20055,"rid:1463:immediate"
1467,1,0,0,20039,"rid:1467:immediate"
1471,1,0,0,20020,"rid:1471:immediate"
1473,1,0,0,20011,"rid:1473:immediate"
1474,1,0,0,20006,"rid:1474:immediate"
1475,1,0,0,20003,"rid:1475:immediate"
1476,1,0,0,20000,"rid:1476:immediate"
1478,1,0,0,19989,"rid:1478:immediate"
1479,1,0,0,19986,"rid:1479:immediate"
1480,1,0,0,19981,"rid:1480:immediate"
1483,1,0,0,19963,"rid:1483:immediate"
1485,1,0,0,19955,"rid:1485:immediate"
1487,1,0,0,19944,"rid:1487:immediate"
1490,1,0,0,19932,"rid:1490:immediate"
1492,1,0,0,19921,"rid:1492:immediate"
1494,1,0,0,19910,"rid:1494:immediate"
1496,1,0,0,19901,"rid:1496:immediate"
1498,1,0,0,19892,"rid:1498:immediate"
1499,1,0,0,19888,"rid:1499:immediate"
1500,1,0,0,19883,"rid:1500:immediate"
1502,1,0,0,19874,"rid:1502:immediate"
1503,1,0,0,19871,"rid:1503:immediate"
1504,1,0,0,19866,"rid:1504:immediate"
1508,1,0,0,19848,"rid:1508:immediate"
1510,1,0,0,19839,"rid:1510:immediate"
1514,1,0,0,19808,"rid:1514:immediate"
1515,1,0,0,19805,"rid:1515:immediate"
1517,1,0,0,19794,"rid:1517:immediate"
1518,1,0,0,19790,"rid:1518:immediate"
1521,1,0,0,19743,"rid:1521:immediate"
1522,1,0,0,19739,"rid:1522:immediate"
1523,1,0,0,19736,"rid:1523:immediate"
1526,1,0,0,19728,"rid:1526:immediate"
1527,1,0,0,19723,"rid:1527:immediate"
1528,1,0,0,19720,"rid:1528:immediate"
1530,1,0,0,19709,"rid:1530:immediate"
1533,1,0,0,19695,"rid:1533:immediate"
1534,1,0,0,19691,"rid:1534:immediate"
1535,1,0,0,19687,"rid:1535:immediate"
1537,1,0,0,19678,"rid:1537:immediate"
1539,1,0,0,19670,"rid:1539:immediate"
1541,1,0,0,19661,"rid:1541:immediate"
1545,1,0,0,19641,"rid:1545:immediate"
1551,1,0,0,19608,"rid:1551:immediate"
1556,1,0,0,19526,"rid:1556:immediate"
1559,1,0,0,19512,"rid:1559:immediate"
1561,1,0,0,19501,"rid:1561:immediate"
1563,1,0,0,19492,"rid:1563:immediate"
1564,1,0,0,19489,"rid:1564:immediate"
1565,1,0,0,19482,"rid:1565:immediate"
1566,1,0,0,19479,"rid:1566:immediate"
1567,1,0,0,19472,"rid:1567:immediate"
1574,1,0,0,19443,"rid:1574:immediate"
1576,1,0,0,19433,"rid:1576:immediate"
1577,1,0,0,19429,"rid:1577:immediate"
1579,1,0,0,19421,"rid:1579:immediate"
1580,1,0,0,19417,"rid:1580:immediate"
1583,1,0,0,19400,"rid:1583:immediate"
1584,1,0,0,19396,"rid:1584:immediate"
1586,1,0,0,19386,"rid:1586:immediate"
1591,1,0,0,19362,"rid:1591:immediate"
1596,1,0,0,19296,"rid:1596:immediate"
1597,1,0,0,19291,"rid:1597:immediate"
1599,1,0,0,19281,"rid:1599:immediate"
1602,1,0,0,19266,"rid:1602:immediate"
1603,1,0,0,19263,"rid:1603:immediate"
1604,1,0,0,19259,"rid:1604:immediate"
1605,1,0,0,19250,"rid:1605:immediate"
1609,1,0,0,19230,"rid:1609:immediate"
1610,1,0,0,19212,"rid:1610:immediate"
1611,1,0,0,19209,"rid:1611:immediate"
1613,1,0,0,19201,"rid:1613:immediate"
1614,1,0,0,19198,"rid:1614:immediate"
1615,1,0,0,19194,"rid:1615:immediate"
1616,1,0,0,19190,"rid:1616:immediate"
1617,1,0,0,19187,"rid:1617:immediate"
1622,1,0,0,19154,"rid:1622:immediate"
1623,1,0,0,19148,"rid:1623:immediate"
982,0,1,0,23162,"rid:982:delayed"
1625,1,0,0,19136,"rid:1625:immediate"
725,0,1,0,24740,"rid:725:delayed"
882,0,1,0,23737,"rid:882:delayed"
1626,1,0,0,19133,"rid:1626:immediate"
409,0,1,0,26768,"rid:409:delayed"
1629,1,0,0,19118,"rid:1629:immediate"
590,0,1,0,25592,"rid:590:delayed"
1630,1,0,0,19118,"rid:1630:immediate"
419,0,1,0,26714,"rid:419:delayed"
1631,1,0,0,19115,"rid:1631:immediate"
747,0,1,0,24642,"rid:747:delayed"
1635,1,0,0,19102,"rid:1635:immediate"
274,0,1,0,27547,"rid:274:delayed"
1636,1,0,0,19099,"rid:1636:immediate"
750,0,1,0,24488,"rid:750:delayed"
1641,1,0,0,19061,"rid:1641:immediate"
596,0,1,0,25538,"rid:596:delayed"
288,0,1,0,27498,"rid:288:delayed"
291,0,1,0,27482,"rid:291:delayed"
924,0,1,0,23517,"rid:924:delayed"
928,0,1,0,23499,"rid:928:delayed"
938,0,1,0,23442,"rid:938:delayed"
798,0,1,0,24268,"rid:798:delayed"
656,0,1,0,25251,"rid:656:delayed"
508,0,1,0,26045,"rid:508:delayed"
363,0,1,0,27060,"rid:363:delayed"
512,0,1,0,26027,"rid:512:delayed"
676,0,1,0,25080,"rid:676:delayed"
2004,2,1,0,16781,"rid:2004:delayed"
2033,2,0,0,16659,"rid:2033:immediate"
2036,2,0,0,16646,"rid:2036:immediate"
2037,2,0,0,16642,"rid:2037:immediate"
2040,2,0,0,16581,"rid:2040:immediate"
2041,2,0,0,16575,"rid:2041:immediate"
2042,2,0,0,16569,"rid:2042:immediate"
2043,2,0,0,16565,"rid:2043:immediate"
2046,2,0,0,16550,"rid:2046:immediate"
2048,2,0,0,16542,"rid:2048:immediate"
2049,2,0,0,16537,"rid:2049:immediate"
2050,2,0,0,16531,"rid:2050:immediate"
2051,2,0,0,16527,"rid:2051:immediate"
2052,2,0,0,16523,"rid:2052:immediate"
2056,2,0,0,16505,"rid:2056:immediate"
2057,2,0,0,16502,"rid:2057:immediate"
2059,2,0,0,16492,"rid:2059:immediate"
2060,2,0,0,16452,"rid:2060:immediate"
2062,2,0,0,16439,"rid:2062:immediate"
2063,2,0,0,16434,"rid:2063:immediate"
2066,2,0,0,16415,"rid:2066:immediate"
2068,2,0,0,16406,"rid:2068:immediate"
2070,2,0,0,16398,"rid:2070:immediate"
2071,2,0,0,16394,"rid:2071:immediate"
2073,2,0,0,16385,"rid:2073:immediate"
2075,2,0,0,16377,"rid:2075:immediate"
2077,2,0,0,16298,"rid:2077:immediate"
2080,2,0,0,16272,"rid:2080:immediate"
2081,2,0,0,16264,"rid:2081:immediate"
577,0,1,0,25686,"rid:577:delayed"
2082,2,0,0,16258,"rid:2082:immediate"
883,0,1,0,23780,"rid:883:delayed"
2084,2,0,0,16244,"rid:2084:immediate"
2087,2,0,0,16222,"rid:2087:immediate"
2088,2,0,0,16215,"rid:2088:immediate"
2089,2,0,0,16208,"rid:2089:immediate"
2091,2,0,0,16194,"rid:2091:immediate"
2092,2,0,0,16188,"rid:2092:immediate"
2094,2,0,0,16174,"rid:2094:immediate"
2097,2,0,0,16145,"rid:2097:immediate"
2099,2,0,0,15994,"rid:2099:immediate"
2100,2,0,0,15944,"rid:2100:immediate"
2106,2,0,0,15847,"rid:2106:immediate"
417,0,1,0,26770,"rid:417:delayed"
761,0,1,0,24481,"rid:761:delayed"
615,0,1,0,25502,"rid:615:delayed"
435,0,1,0,26656,"rid:435:delayed"
634,0,1,0,25401,"rid:634:delayed"
635,0,1,0,25398,"rid:635:delayed"
795,0,1,0,24322,"rid:795:delayed"
657,0,1,0,25286,"rid:657:delayed"
807,0,1,0,24272,"rid:807:delayed"
530,0,1,0,25967,"rid:530:delayed"
976,0,1,0,23251,"rid:976:delayed"
542,0,1,0,25915,"rid:542:delayed"
694,0,1,0,25038,"rid:694:delayed"
729,0,1,0,24782,"rid:729:delayed"
890,0,1,0,23767,"rid:890:delayed"
421,0,1,0,26763,"rid:421:delayed"
901,0,1,0,23728,"rid:901:delayed"
759,0,1,0,24501,"rid:759:delayed"
629,0,1,0,25428,"rid:629:delayed"
925,0,1,0,23567,"rid:925:delayed"
646,0,1,0,25361,"rid:646:delayed"
651,0,1,0,25324,"rid:651:delayed"
494,0,1,0,26160,"rid:494:delayed"
944,0,1,0,23471,"rid:944:delayed"
815,0,1,0,24228,"rid:815:delayed"
965,0,1,0,23337,"rid:965:delayed"
968,0,1,0,23326,"rid:968:delayed"
978,0,1,0,23254,"rid:978:delayed"
702,0,1,0,25012,"rid:702:delayed"
714,0,1,0,24866,"rid:714:delayed"
864,0,1,0,23919,"rid:864:delayed"
1308,1,1,0,21109,"rid:1308:delayed"
1257,1,1,0,21375,"rid:1257:delayed"
1091,1,1,0,22449,"rid:1091:delayed"
1279,1,1,0,21238,"rid:1279:delayed"
1341,1,1,0,20920,"rid:1341:delayed"
1046,1,1,0,22804,"rid:1046:delayed"
1343,1,1,0,20862,"rid:1343:delayed"
1347,1,1,0,20843,"rid:1347:delayed"
1349,1,1,0,20835,"rid:1349:delayed"
1227,1,1,0,21921,"rid:1227:delayed"
1230,1,1,0,21910,"rid:1230:delayed"
1003,1,1,0,23476,"rid:1003:delayed"
1161,1,1,0,22328,"rid:1161:delayed"
1262,1,1,0,21721,"rid:1262:delayed"
1007,1,1,0,23462,"rid:1007:delayed"
1414,1,1,0,20896,"rid:1414:delayed"
1013,1,1,0,23406,"rid:1013:delayed"
1179,1,1,0,22208,"rid:1179:delayed"
1282,1,1,0,21626,"rid:1282:delayed"
1028,1,1,0,23311,"rid:1028:delayed"
1039,1,1,0,23258,"rid:1039:delayed"
1442,1,1,0,20704,"rid:1442:delayed"
1449,1,1,0,20669,"rid:1449:delayed"
2045,2,1,0,17013,"rid:2045:delayed"
1139,1,1,0,22461,"rid:1139:delayed"
1192,1,1,0,22159,"rid:1192:delayed"
2006,2,1,0,17235,"rid:2006:delayed"
1050,1,1,0,23185,"rid:1050:delayed"
2008,2,1,0,17229,"rid:2008:delayed"
1209,1,1,0,22021,"rid:1209:delayed"
2103,2,1,0,16299,"rid:2103:delayed"
1076,1,1,0,22945,"rid:1076:delayed"
2110,2,0,0,16263,"rid:2110:immediate"
1383,1,1,0,21058,"rid:1383:delayed"
1242,1,1,0,21869,"rid:1242:delayed"
1391,1,1,0,21025,"rid:1391:delayed"
1532,1,1,0,20230,"rid:1532:delayed"
1178,1,1,0,22232,"rid:1178:delayed"
1109,1,1,0,22762,"rid:1109:delayed"
1536,1,1,0,20215,"rid:1536:delayed"
1280,1,1,0,21654,"rid:1280:delayed"
1038,1,1,0,23281,"rid:1038:delayed"
1040,1,1,0,23259,"rid:1040:delayed"
1123,1,1,0,22585,"rid:1123:delayed"
1131,1,1,0,22522,"rid:1131:delayed"
1134,1,1,0,22506,"rid:1134:delayed"
1452,1,1,0,20676,"rid:1452:delayed"
2112,2,0,0,16265,"rid:2112:immediate"
1196,1,1,0,22162,"rid:1196:delayed"
1592,1,1,0,19884,"rid:1592:delayed"
2113,2,0,0,16263,"rid:2113:immediate"
1060,1,1,0,23142,"rid:1060:delayed"
2115,2,0,0,16254,"rid:2115:immediate"
1618,1,1,0,19692,"rid:1618:delayed"
2117,2,0,0,16247,"rid:2117:immediate"
1374,1,1,0,21119,"rid:1374:delayed"
2118,2,0,0,16243,"rid:2118:immediate"
1149,1,1,0,22423,"rid:1149:delayed"
1392,1,1,0,21039,"rid:1392:delayed"
1393,1,1,0,21036,"rid:1393:delayed"
1251,1,1,0,21840,"rid:1251:delayed"
1313,1,1,0,21525,"rid:1313:delayed"
1083,1,1,0,22924,"rid:1083:delayed"
1255,1,1,0,21823,"rid:1255:delayed"
1260,1,1,0,21773,"rid:1260:delayed"
1322,1,1,0,21454,"rid:1322:delayed"
1267,1,1,0,21743,"rid:1267:delayed"
1102,1,1,0,22821,"rid:1102:delayed"
1025,1,1,0,23364,"rid:1025:delayed"
1327,1,1,0,21430,"rid:1327:delayed"
1557,1,1,0,20073,"rid:1557:delayed"
1448,1,1,0,20714,"rid:1448:delayed"
1644,1,0,0,19560,"rid:1644:immediate"
1646,1,0,0,19548,"rid:1646:immediate"
1647,1,0,0,19544,"rid:1647:immediate"
1649,1,0,0,19536,"rid:1649:immediate"
1651,1,0,0,19527,"rid:1651:immediate"
1652,1,0,0,19522,"rid:1652:immediate"
1654,1,0,0,19511,"rid:1654:immediate"
1655,1,0,0,19508,"rid:1655:immediate"
1657,1,0,0,19499,"rid:1657:immediate"
1659,1,0,0,19489,"rid:1659:immediate"
1660,1,0,0,19485,"rid:1660:immediate"
1662,1,0,0,19476,"rid:1662:immediate"
1664,1,0,0,19469,"rid:1664:immediate"
1668,1,0,0,19453,"rid:1668:immediate"
1670,1,0,0,19442,"rid:1670:immediate"
1671,1,0,0,19437,"rid:1671:immediate"
1676,1,0,0,19416,"rid:1676:immediate"
1678,1,0,0,19408,"rid:1678:immediate"
1679,1,0,0,19404,"rid:1679:immediate"
1682,1,0,0,19389,"rid:1682:immediate"
1683,1,0,0,19338,"rid:1683:immediate"
1687,1,0,0,19318,"rid:1687:immediate"
561,0,1,0,26308,"rid:561:delayed"
1689,1,0,0,19313,"rid:1689:immediate"
1691,1,0,0,19304,"rid:1691:immediate"
878,0,1,0,24295,"rid:878:delayed"
1693,1,0,0,19298,"rid:1693:immediate"
1694,1,0,0,19294,"rid:1694:immediate"
1695,1,0,0,19290,"rid:1695:immediate"
1699,1,0,0,19302,"rid:1699:immediate"
1702,1,0,0,19292,"rid:1702:immediate"
1703,1,0,0,19289,"rid:1703:immediate"
2120,2,0,0,16299,"rid:2120:immediate"
1704,1,0,0,19287,"rid:1704:immediate"
1707,1,0,0,19276,"rid:1707:immediate"
1708,1,0,0,19273,"rid:1708:immediate"
2124,2,0,0,16264,"rid:2124:immediate"
1713,1,0,0,19253,"rid:1713:immediate"
2128,2,0,0,16241,"rid:2128:immediate"
1714,1,0,0,19250,"rid:1714:immediate"
1717,1,0,0,19238,"rid:1717:immediate"
2130,2,0,0,16232,"rid:2130:immediate"
1718,1,0,0,19235,"rid:1718:immediate"
2131,2,0,0,16083,"rid:2131:immediate"
1720,1,0,0,19228,"rid:1720:immediate"
2133,2,0,0,16066,"rid:2133:immediate"
1725,1,0,0,19208,"rid:1725:immediate"
2134,2,0,0,16062,"rid:2134:immediate"
1728,1,0,0,19197,"rid:1728:immediate"
2136,2,0,0,16052,"rid:2136:immediate"
1729,1,0,0,19193,"rid:1729:immediate"
1732,1,0,0,19180,"rid:1732:immediate"
1733,1,0,0,19177,"rid:1733:immediate"
1734,1,0,0,19174,"rid:1734:immediate"
1735,1,0,0,19170,"rid:1735:immediate"
1736,1,0,0,19168,"rid:1736:immediate"
1737,1,0,0,19165,"rid:1737:immediate"
1740,1,0,0,19154,"rid:1740:immediate"
1742,1,0,0,19143,"rid:1742:immediate"
1744,1,0,0,19133,"rid:1744:immediate"
1746,1,0,0,19125,"rid:1746:immediate"
1747,1,0,0,19121,"rid:1747:immediate"
1751,1,0,0,19104,"rid:1751:immediate"
1756,1,0,0,19078,"rid:1756:immediate"
1758,1,0,0,19014,"rid:1758:immediate"
1759,1,0,0,19009,"rid:1759:immediate"
1760,1,0,0,19002,"rid:1760:immediate"
1761,1,0,0,18995,"rid:1761:immediate"
1762,1,0,0,18990,"rid:1762:immediate"
1764,1,0,0,18977,"rid:1764:immediate"
1767,1,0,0,18916,"rid:1767:immediate"
1768,1,0,0,18904,"rid:1768:immediate"
1771,1,0,0,18854,"rid:1771:immediate"
1776,1,0,0,18814,"rid:1776:immediate"
1777,1,0,0,18810,"rid:1777:immediate"
1781,1,0,0,18788,"rid:1781:immediate"
1783,1,0,0,18778,"rid:1783:immediate"
1786,1,0,0,18762,"rid:1786:immediate"
1789,1,0,0,18748,"rid:1789:immediate"
1792,1,0,0,18734,"rid:1792:immediate"
1794,1,0,0,18725,"rid:1794:immediate"
1796,1,0,0,18714,"rid:1796:immediate"
1797,1,0,0,18711,"rid:1797:immediate"
1798,1,0,0,18707,"rid:1798:immediate"
1799,1,0,0,18701,"rid:1799:immediate"
1800,1,0,0,18696,"rid:1800:immediate"
1801,1,0,0,18692,"rid:1801:immediate"
1802,1,0,0,18687,"rid:1802:immediate"
1804,1,0,0,18678,"rid:1804:immediate"
1806,1,0,0,18670,"rid:1806:immediate"
1808,1,0,0,18656,"rid:1808:immediate"
1810,1,0,0,18648,"rid:1810:immediate"
1811,1,0,0,18644,"rid:1811:immediate"
1812,1,0,0,18639,"rid:1812:immediate"
1813,1,0,0,18635,"rid:1813:immediate"
1814,1,0,0,18631,"rid:1814:immediate"
1815,1,0,0,18625,"rid:1815:immediate"
1818,1,0,0,18612,"rid:1818:immediate"
1822,1,0,0,18581,"rid:1822:immediate"
1824,1,0,0,18554,"rid:1824:immediate"
1825,1,0,0,18549,"rid:1825:immediate"
1826,1,0,0,18544,"rid:1826:immediate"
1827,1,0,0,18538,"rid:1827:immediate"
1829,1,0,0,18526,"rid:1829:immediate"
1832,1,0,0,18510,"rid:1832:immediate"
1835,1,0,0,18494,"rid:1835:immediate"
1837,1,0,0,18485,"rid:1837:immediate"
1838,1,0,0,18481,"rid:1838:immediate"
1839,1,0,0,18478,"rid:1839:immediate"
1843,1,0,0,18457,"rid:1843:immediate"
1844,1,0,0,18452,"rid:1844:immediate"
1845,1,0,0,18446,"rid:1845:immediate"
1847,1,0,0,18437,"rid:1847:immediate"
1852,1,0,0,18412,"rid:1852:immediate"
1854,1,0,0,18400,"rid:1854:immediate"
1861,1,0,0,18348,"rid:1861:immediate"
1862,1,0,0,18285,"rid:1862:immediate"
1864,1,0,0,18270,"rid:1864:immediate"
1869,1,0,0,18250,"rid:1869:immediate"
1870,1,0,0,18246,"rid:1870:immediate"
1871,1,0,0,18242,"rid:1871:immediate"
1872,1,0,0,18239,"rid:1872:immediate"
1875,1,0,0,18224,"rid:1875:immediate"
1877,1,0,0,18208,"rid:1877:immediate"
1878,1,0,0,18205,"rid:1878:immediate"
1879,1,0,0,18200,"rid:1879:immediate"
1880,1,0,0,18197,"rid:1880:immediate"
1886,1,0,0,18174,"rid:1886:immediate"
1889,1,0,0,18161,"rid:1889:immediate"
1891,1,0,0,18152,"rid:1891:immediate"
1893,1,0,0,18145,"rid:1893:immediate"
1895,1,0,0,18136,"rid:1895:immediate"
1896,1,0,0,18133,"rid:1896:immediate"
1898,1,0,0,18127,"rid:1898:immediate"
1899,1,0,0,18123,"rid:1899:immediate"
1900,1,0,0,18119,"rid:1900:immediate"
1901,1,0,0,17999,"rid:1901:immediate"
1902,1,0,0,17993,"rid:1902:immediate"
1903,1,0,0,17988,"rid:1903:immediate"
2139,2,0,0,16089,"rid:2139:immediate"
1910,1,0,0,17874,"rid:1910:immediate"
1911,1,0,0,17869,"rid:1911:immediate"
2140,2,0,0,16016,"rid:2140:immediate"
1912,1,0,0,17865,"rid:1912:immediate"
1920,1,0,0,17828,"rid:1920:immediate"
2144,2,0,0,15992,"rid:2144:immediate"
1921,1,0,0,17826,"rid:1921:immediate"
1922,1,0,0,17821,"rid:1922:immediate"
1923,1,0,0,17818,"rid:1923:immediate"
1925,1,0,0,17810,"rid:1925:immediate"
1926,1,0,0,17806,"rid:1926:immediate"
1927,1,0,0,17802,"rid:1927:immediate"
1928,1,0,0,17798,"rid:1928:immediate"
1932,1,0,0,17915,"rid:1932:immediate"
1936,1,0,0,17898,"rid:1936:immediate"
1937,1,0,0,18308,"rid:1937:immediate"
1938,1,0,0,18308,"rid:1938:immediate"
1944,1,0,0,18283,"rid:1944:immediate"
1945,1,0,0,18277,"rid:1945:immediate"
1946,1,0,0,18274,"rid:1946:immediate"
1947,1,0,0,18271,"rid:1947:immediate"
1948,1,0,0,18268,"rid:1948:immediate"
1951,1,0,0,18256,"rid:1951:immediate"
1957,1,0,0,18230,"rid:1957:immediate"
1959,1,0,0,18223,"rid:1959:immediate"
1960,1,0,0,18220,"rid:1960:immediate"
1962,1,0,0,18212,"rid:1962:immediate"
1967,1,0,0,18193,"rid:1967:immediate"
1970,1,0,0,18180,"rid:1970:immediate"
1974,1,0,0,18161,"rid:1974:immediate"
1978,1,0,0,18145,"rid:1978:immediate"
1980,1,0,0,18138,"rid:1980:immediate"
1982,1,0,0,18130,"rid:1982:immediate"
1986,1,0,0,18114,"rid:1986:immediate"
1988,1,0,0,18107,"rid:1988:immediate"
1990,1,0,0,18100,"rid:1990:immediate"
1991,1,0,0,18096,"rid:1991:immediate"
1992,1,0,0,18093,"rid:1992:immediate"
1994,1,0,0,18086,"rid:1994:immediate"
1996,1,0,0,18078,"rid:1996:immediate"
1997,1,0,0,18072,"rid:1997:immediate"
1998,1,0,0,18067,"rid:1998:immediate"
1999,1,0,0,18063,"rid:1999:immediate"
908,0,1,0,24878,"rid:908:delayed"
922,0,1,0,24754,"rid:922:delayed"
632,0,1,0,26597,"rid:632:delayed"
784,0,1,0,25592,"rid:784:delayed"
931,0,1,0,24730,"rid:931:delayed"
936,0,1,0,24711,"rid:936:delayed"
2145,2,0,0,16602,"rid:2145:immediate"
2146,2,0,0,16599,"rid:2146:immediate"
2153,2,0,0,16556,"rid:2153:immediate"
2155,2,0,0,16545,"rid:2155:immediate"
2157,2,0,0,16537,"rid:2157:immediate"
2160,2,0,0,16523,"rid:2160:immediate"
2163,2,0,0,16510,"rid:2163:immediate"
2164,2,0,0,16507,"rid:2164:immediate"
2168,2,0,0,16432,"rid:2168:immediate"
2169,2,0,0,16428,"rid:2169:immediate"
2171,2,0,0,16418,"rid:2171:immediate"
2172,2,0,0,16382,"rid:2172:immediate"
2173,2,0,0,16378,"rid:2173:immediate"
2175,2,0,0,16369,"rid:2175:immediate"
498,0,1,0,27362,"rid:498:delayed"
800,0,1,0,25533,"rid:800:delayed"
661,0,1,0,26499,"rid:661:delayed"
506,0,1,0,27329,"rid:506:delayed"
953,0,1,0,24610,"rid:953:delayed"
672,0,1,0,26374,"rid:672:delayed"
2177,2,0,0,16364,"rid:2177:immediate"
515,0,1,0,27289,"rid:515:delayed"
2178,2,0,0,16362,"rid:2178:immediate"
2179,2,0,0,16358,"rid:2179:immediate"
2181,2,0,0,16349,"rid:2181:immediate"
2182,2,0,0,16345,"rid:2182:immediate"
2184,2,0,0,16337,"rid:2184:immediate"
2185,2,0,0,16330,"rid:2185:immediate"
2188,2,0,0,16317,"rid:2188:immediate"
2190,2,0,0,16309,"rid:2190:immediate"
2191,2,0,0,16306,"rid:2191:immediate"
2192,2,0,0,16302,"rid:2192:immediate"
2193,2,0,0,16299,"rid:2193:immediate"
2196,2,0,0,16287,"rid:2196:immediate"
2198,2,0,0,16277,"rid:2198:immediate"
2200,2,0,0,16267,"rid:2200:immediate"
2202,2,0,0,16255,"rid:2202:immediate"
2203,2,0,0,16251,"rid:2203:immediate"
2207,2,0,0,16230,"rid:2207:immediate"
2208,2,0,0,16222,"rid:2208:immediate"
2210,2,0,0,16214,"rid:2210:immediate"
2212,2,0,0,16205,"rid:2212:immediate"
2213,2,0,0,16202,"rid:2213:immediate"
2214,2,0,0,16175,"rid:2214:immediate"
2215,2,0,0,16169,"rid:2215:immediate"
2216,2,0,0,16165,"rid:2216:immediate"
2220,2,0,0,16148,"rid:2220:immediate"
2223,2,0,0,16135,"rid:2223:immediate"
2224,2,0,0,16130,"rid:2224:immediate"
2227,2,0,0,16048,"rid:2227:immediate"
2228,2,0,0,16043,"rid:2228:immediate"
2229,2,0,0,16037,"rid:2229:immediate"
2232,2,0,0,16021,"rid:2232:immediate"
1351,1,1,0,22065,"rid:1351:delayed"
1466,1,1,0,21426,"rid:1466:delayed"
2235,2,0,0,16012,"rid:2235:immediate"
1368,1,1,0,21960,"rid:1368:delayed"
846,0,1,0,25256,"rid:846:delayed"
2237,2,0,0,15924,"rid:2237:immediate"
2240,2,0,0,15916,"rid:2240:immediate"
849,0,1,0,25247,"rid:849:delayed"
1620,1,1,0,20501,"rid:1620:delayed"
1226,1,1,0,22788,"rid:1226:delayed"
1381,1,1,0,21908,"rid:1381:delayed"
1632,1,1,0,20438,"rid:1632:delayed"
1147,1,1,0,23256,"rid:1147:delayed"
1640,1,1,0,20390,"rid:1640:delayed"
1305,1,1,0,22384,"rid:1305:delayed"
1680,1,1,0,20203,"rid:1680:delayed"
1511,1,1,0,21220,"rid:1511:delayed"
1325,1,1,0,22261,"rid:1325:delayed"
1405,1,1,0,21807,"rid:1405:delayed"
2241,2,0,0,15922,"rid:2241:immediate"
1264,1,1,0,22581,"rid:1264:delayed"
1700,1,1,0,20068,"rid:1700:delayed"
1706,1,1,0,20044,"rid:1706:delayed"
2243,2,0,0,15913,"rid:2243:immediate"
1020,1,1,0,24224,"rid:1020:delayed"
1538,1,1,0,21056,"rid:1538:delayed"
1284,1,1,0,22494,"rid:1284:delayed"
2244,2,0,0,15918,"rid:2244:immediate"
1288,1,1,0,22477,"rid:1288:delayed"
1549,1,1,0,21008,"rid:1549:delayed"
2246,2,0,0,15905,"rid:2246:immediate"
1757,1,1,0,19773,"rid:1757:delayed"
2247,2,0,0,15899,"rid:2247:immediate"
1572,1,1,0,20838,"rid:1572:delayed"
2248,2,0,0,15896,"rid:2248:immediate"
1588,1,1,0,20759,"rid:1588:delayed"
2250,2,0,0,15891,"rid:2250:immediate"
1459,1,1,0,21497,"rid:1459:delayed"
1070,1,1,0,23874,"rid:1070:delayed"
2252,2,0,0,15886,"rid:2252:immediate"
1363,1,1,0,22052,"rid:1363:delayed"
2255,2,0,0,15877,"rid:2255:immediate"
1470,1,1,0,21451,"rid:1470:delayed"
2258,2,0,0,15865,"rid:2258:immediate"
1619,1,1,0,20545,"rid:1619:delayed"
2259,2,0,0,15862,"rid:2259:immediate"
1472,1,1,0,21446,"rid:1472:delayed"
1077,1,1,0,23821,"rid:1077:delayed"
1665,1,1,0,20305,"rid:1665:delayed"
1674,1,1,0,20263,"rid:1674:delayed"
1681,1,1,0,20234,"rid:1681:delayed"
1085,1,1,0,23775,"rid:1085:delayed"
1505,1,1,0,21284,"rid:1505:delayed"
1507,1,1,0,21276,"rid:1507:delayed"
1320,1,1,0,22328,"rid:1320:delayed"
1261,1,1,0,22629,"rid:1261:delayed"
1092,1,1,0,23747,"rid:1092:delayed"
1519,1,1,0,21178,"rid:1519:delayed"
1874,1,1,0,18964,"rid:1874:delayed"
1175,1,1,0,23131,"rid:1175:delayed"
1719,1,1,0,20026,"rid:1719:delayed"
1894,1,1,0,18874,"rid:1894:delayed"
1435,1,1,0,21640,"rid:1435:delayed"
1440,1,1,0,21618,"rid:1440:delayed"
1908,1,1,0,18614,"rid:1908:delayed"
1338,1,1,0,22241,"rid:1338:delayed"
1773,1,1,0,19619,"rid:1773:delayed"
1929,1,1,0,18516,"rid:1929:delayed"
1581,1,1,0,20825,"rid:1581:delayed"
1053,1,1,0,24069,"rid:1053:delayed"
1585,1,1,0,20806,"rid:1585:delayed"
1358,1,1,0,22106,"rid:1358:delayed"
1950,1,1,0,18426,"rid:1950:delayed"
1956,1,1,0,18400,"rid:1956:delayed"
1366,1,1,0,22040,"rid:1366:delayed"
1468,1,1,0,21489,"rid:1468:delayed"
1378,1,1,0,21987,"rid:1378:delayed"
1229,1,1,0,22842,"rid:1229:delayed"
856,0,1,0,25285,"rid:856:delayed"
1484,1,1,0,21414,"rid:1484:delayed"
1833,1,1,0,19273,"rid:1833:delayed"
862,0,1,0,25254,"rid:862:delayed"
1145,1,1,0,23333,"rid:1145:delayed"
570,0,1,0,27076,"rid:570:delayed"
1240,1,1,0,22788,"rid:1240:delayed"
1495,1,1,0,21361,"rid:1495:delayed"
1307,1,1,0,22443,"rid:1307:delayed"
1853,1,1,0,19172,"rid:1853:delayed"
1323,1,1,0,22339,"rid:1323:delayed"
1855,1,1,0,19163,"rid:1855:delayed"
1705,1,1,0,20112,"rid:1705:delayed"
1868,1,1,0,19025,"rid:1868:delayed"
1275,1,1,0,22592,"rid:1275:delayed"
1182,1,1,0,23135,"rid:1182:delayed"
1291,1,1,0,22526,"rid:1291:delayed"
1431,1,1,0,21731,"rid:1431:delayed"
1432,1,1,0,21691,"rid:1432:delayed"
1555,1,1,0,21036,"rid:1555:delayed"
1905,1,1,0,18745,"rid:1905:delayed"
1573,1,1,0,20896,"rid:1573:delayed"
1190,1,1,0,23107,"rid:1190:delayed"
1775,1,1,0,19631,"rid:1775:delayed"
1062,1,1,0,24057,"rid:1062:delayed"
1063,1,1,0,24055,"rid:1063:delayed"
1953,1,1,0,18453,"rid:1953:delayed"
1206,1,1,0,23017,"rid:1206:delayed"
1608,1,1,0,20679,"rid:1608:delayed"
1958,1,1,0,18435,"rid:1958:delayed"
1232,1,1,0,22868,"rid:1232:delayed"
1637,1,1,0,20523,"rid:1637:delayed"
1300,1,1,0,22507,"rid:1300:delayed"
1390,1,1,0,21975,"rid:1390:delayed"
1995,1,1,0,18282,"rid:1995:delayed"
576,0,1,0,27087,"rid:576:delayed"
734,0,1,0,26139,"rid:734:delayed"
886,0,1,0,25164,"rid:886:delayed"
584,0,1,0,27055,"rid:584:delayed"
744,0,1,0,26093,"rid:744:delayed"
598,0,1,0,26964,"rid:598:delayed"
606,0,1,0,26926,"rid:606:delayed"
758,0,1,0,25888,"rid:758:delayed"
618,0,1,0,26881,"rid:618:delayed"
1867,1,1,0,19065,"rid:1867:delayed"
1421,1,1,0,21839,"rid:1421:delayed"
1278,1,1,0,22616,"rid:1278:delayed"
1553,1,1,0,21084,"rid:1553:delayed"
1334,1,1,0,22327,"rid:1334:delayed"
1909,1,1,0,18676,"rid:1909:delayed"
1130,1,1,0,23485,"rid:1130:delayed"
1571,1,1,0,20938,"rid:1571:delayed"
1766,1,1,0,19774,"rid:1766:delayed"
1769,1,1,0,19713,"rid:1769:delayed"
1582,1,1,0,20889,"rid:1582:delayed"
1198,1,1,0,23110,"rid:1198:delayed"
1352,1,1,0,22201,"rid:1352:delayed"
1357,1,1,0,22178,"rid:1357:delayed"
1787,1,1,0,19605,"rid:1787:delayed"
781,0,1,0,25794,"rid:781:delayed"
1788,1,1,0,20060,"rid:1788:delayed"
1607,1,1,0,21173,"rid:1607:delayed"
1211,1,1,0,23448,"rid:1211:delayed"
1465,1,1,0,22033,"rid:1465:delayed"
975,0,1,0,25121,"rid:975:delayed"
844,0,1,0,25868,"rid:844:delayed"
863,0,1,0,25778,"rid:863:delayed"
1224,1,1,0,23396,"rid:1224:delayed"
1820,1,1,0,19906,"rid:1820:delayed"
1628,1,1,0,21054,"rid:1628:delayed"
1985,1,1,0,18815,"rid:1985:delayed"
1634,1,1,0,21031,"rid:1634:delayed"
1989,1,1,0,18801,"rid:1989:delayed"
1389,1,1,0,22477,"rid:1389:delayed"
1303,1,1,0,22992,"rid:1303:delayed"
1842,1,1,0,19762,"rid:1842:delayed"
1685,1,1,0,20729,"rid:1685:delayed"
1686,1,1,0,20725,"rid:1686:delayed"
1506,1,1,0,21843,"rid:1506:delayed"
1404,1,1,0,22410,"rid:1404:delayed"
756,0,1,0,26408,"rid:756:delayed"
1711,1,1,0,20638,"rid:1711:delayed"
1176,1,1,0,23706,"rid:1176:delayed"
1425,1,1,0,22326,"rid:1425:delayed"
763,0,1,0,26380,"rid:763:delayed"
920,0,1,0,25483,"rid:920:delayed"
1738,1,1,0,20528,"rid:1738:delayed"
1904,1,1,0,19295,"rid:1904:delayed"
1558,1,1,0,21516,"rid:1558:delayed"
941,0,1,0,25381,"rid:941:delayed"
1752,1,1,0,20467,"rid:1752:delayed"
1570,1,1,0,21459,"rid:1570:delayed"
1918,1,1,0,19149,"rid:1918:delayed"
1575,1,1,0,21440,"rid:1575:delayed"
1931,1,1,0,19092,"rid:1931:delayed"
820,0,1,0,26095,"rid:820:delayed"
1199,1,1,0,23593,"rid:1199:delayed"
1793,1,1,0,20090,"rid:1793:delayed"
1955,1,1,0,18990,"rid:1955:delayed"
1208,1,1,0,23518,"rid:1208:delayed"
831,0,1,0,25983,"rid:831:delayed"
840,0,1,0,25942,"rid:840:delayed"
1803,1,1,0,20043,"rid:1803:delayed"
1362,1,1,0,22674,"rid:1362:delayed"
1464,1,1,0,22096,"rid:1464:delayed"
1830,1,1,0,19871,"rid:1830:delayed"
1493,1,1,0,21952,"rid:1493:delayed"
1394,1,1,0,22505,"rid:1394:delayed"
1309,1,1,0,23016,"rid:1309:delayed"
1509,1,1,0,21877,"rid:1509:delayed"
1415,1,1,0,22405,"rid:1415:delayed"
1529,1,1,0,21743,"rid:1529:delayed"
1890,1,1,0,19499,"rid:1890:delayed"
1329,1,1,0,22891,"rid:1329:delayed"
3001,3,0,0,11625,"rid:3001:immediate"
3002,3,0,0,11603,"rid:3002:immediate"
3003,3,0,0,11597,"rid:3003:immediate"
3004,3,0,0,11593,"rid:3004:immediate"
3005,3,0,0,11588,"rid:3005:immediate"
940,0,1,0,25416,"rid:940:delayed"
1770,1,1,0,20249,"rid:1770:delayed"
955,0,1,0,25305,"rid:955:delayed"
3007,3,0,0,11582,"rid:3007:immediate"
3009,3,0,0,11573,"rid:3009:immediate"
3010,3,0,0,11568,"rid:3010:immediate"
3011,3,0,0,11532,"rid:3011:immediate"
3014,3,0,0,11510,"rid:3014:immediate"
3016,3,0,0,11498,"rid:3016:immediate"
3017,3,0,0,11495,"rid:3017:immediate"
1350,1,1,0,22758,"rid:1350:delayed"
1355,1,1,0,22736,"rid:1355:delayed"
963,0,1,0,25282,"rid:963:delayed"
1364,1,1,0,22666,"rid:1364:delayed"
1648,1,1,0,21028,"rid:1648:delayed"
984,0,1,0,25170,"rid:984:delayed"
992,0,1,0,25138,"rid:992:delayed"
1975,1,1,0,18938,"rid:1975:delayed"
1486,1,1,0,22019,"rid:1486:delayed"
1639,1,1,0,21075,"rid:1639:delayed"
1993,1,1,0,18867,"rid:1993:delayed"
3023,3,0,0,11474,"rid:3023:immediate"
3026,3,0,0,11461,"rid:3026:immediate"
3027,3,0,0,11442,"rid:3027:immediate"
3028,3,0,0,11423,"rid:3028:immediate"
3029,3,0,0,11418,"rid:3029:immediate"
3030,3,0,0,11414,"rid:3030:immediate"
3031,3,0,0,11411,"rid:3031:immediate"
3032,3,0,0,11407,"rid:3032:immediate"
3033,3,0,0,11402,"rid:3033:immediate"
3034,3,0,0,11399,"rid:3034:immediate"
3036,3,0,0,11382,"rid:3036:immediate"
3037,3,0,0,11378,"rid:3037:immediate"
3038,3,0,0,11400,"rid:3038:immediate"
3041,3,0,0,11360,"rid:3041:immediate"
3044,3,0,0,11330,"rid:3044:immediate"
3046,3,0,0,11322,"rid:3046:immediate"
3047,3,0,0,11318,"rid:3047:immediate"
1836,1,1,0,19916,"rid:1836:delayed"
1675,1,1,0,20947,"rid:1675:delayed"
1304,1,1,0,23112,"rid:1304:delayed"
1696,1,1,0,20807,"rid:1696:delayed"
1749,1,1,0,20574,"rid:1749:delayed"
1453,1,1,0,22234,"rid:1453:delayed"
1454,1,1,0,22230,"rid:1454:delayed"
1344,1,1,0,22844,"rid:1344:delayed"
1935,1,1,0,19168,"rid:1935:delayed"
1590,1,1,0,21457,"rid:1590:delayed"
1784,1,1,0,20230,"rid:1784:delayed"
1949,1,1,0,19108,"rid:1949:delayed"
2121,2,1,0,17787,"rid:2121:delayed"
2101,2,1,0,17945,"rid:2101:delayed"
2201,2,1,0,17025,"rid:2201:delayed"
2055,2,1,0,18555,"rid:2055:delayed"
2111,2,1,0,17842,"rid:2111:delayed"
2122,2,1,0,17785,"rid:2122:delayed"
2095,2,1,0,18192,"rid:2095:delayed"
2165,2,1,0,17298,"rid:2165:delayed"
2176,2,1,0,17152,"rid:2176:delayed"
2038,2,1,0,18694,"rid:2038:delayed"
2003,2,1,0,18854,"rid:2003:delayed"
2116,2,1,0,17823,"rid:2116:delayed"
2127,2,1,0,17743,"rid:2127:delayed"
2135,2,1,0,17546,"rid:2135:delayed"
2148,2,1,0,17386,"rid:2148:delayed"
2260,2,0,0,16572,"rid:2260:immediate"
2263,2,0,0,16559,"rid:2263:immediate"
2264,2,0,0,16556,"rid:2264:immediate"
2265,2,0,0,16551,"rid:2265:immediate"
2266,2,0,0,16548,"rid:2266:immediate"
2267,2,0,0,16544,"rid:2267:immediate"
2269,2,0,0,16536,"rid:2269:immediate"
2271,2,0,0,16528,"rid:2271:immediate"
2272,2,0,0,16524,"rid:2272:immediate"
2273,2,0,0,16520,"rid:2273:immediate"
2275,2,0,0,16511,"rid:2275:immediate"
2276,2,0,0,16508,"rid:2276:immediate"
2278,2,0,0,16497,"rid:2278:immediate"
2279,2,0,0,16493,"rid:2279:immediate"
2283,2,0,0,16475,"rid:2283:immediate"
2286,2,0,0,16463,"rid:2286:immediate"
2290,2,0,0,16446,"rid:2290:immediate"
2291,2,0,0,16442,"rid:2291:immediate"
2292,2,0,0,16438,"rid:2292:immediate"
2295,2,0,0,16426,"rid:2295:immediate"
2297,2,0,0,16418,"rid:2297:immediate"
2298,2,0,0,16413,"rid:2298:immediate"
2299,2,0,0,16410,"rid:2299:immediate"
2300,2,0,0,16406,"rid:2300:immediate"
2302,2,0,0,16396,"rid:2302:immediate"
2303,2,0,0,16393,"rid:2303:immediate"
2305,2,0,0,16385,"rid:2305:immediate"
2306,2,0,0,16381,"rid:2306:immediate"
2308,2,0,0,16372,"rid:2308:immediate"
2313,2,0,0,16349,"rid:2313:immediate"
2316,2,0,0,16333,"rid:2316:immediate"
2318,2,0,0,16325,"rid:2318:immediate"
2323,2,0,0,16294,"rid:2323:immediate"
2324,2,0,0,16291,"rid:2324:immediate"
2325,2,0,0,16286,"rid:2325:immediate"
2326,2,0,0,16283,"rid:2326:immediate"
2327,2,0,0,16279,"rid:2327:immediate"
2328,2,0,0,16275,"rid:2328:immediate"
2329,2,0,0,16272,"rid:2329:immediate"
2331,2,0,0,16264,"rid:2331:immediate"
2335,2,0,0,16246,"rid:2335:immediate"
2338,2,0,0,16233,"rid:2338:immediate"
2339,2,0,0,16230,"rid:2339:immediate"
2340,2,0,0,16226,"rid:2340:immediate"
2341,2,0,0,16222,"rid:2341:immediate"
2342,2,0,0,16218,"rid:2342:immediate"
2343,2,0,0,16212,"rid:2343:immediate"
2345,2,0,0,16198,"rid:2345:immediate"
2346,2,0,0,16194,"rid:2346:immediate"
2348,2,0,0,16186,"rid:2348:immediate"
2351,2,0,0,16174,"rid:2351:immediate"
2352,2,0,0,16169,"rid:2352:immediate"
2353,2,0,0,16166,"rid:2353:immediate"
2354,2,0,0,16163,"rid:2354:immediate"
2355,2,0,0,16159,"rid:2355:immediate"
2356,2,0,0,16152,"rid:2356:immediate"
2359,2,0,0,16140,"rid:2359:immediate"
2361,2,0,0,16131,"rid:2361:immediate"
2362,2,0,0,16127,"rid:2362:immediate"
2370,2,0,0,16036,"rid:2370:immediate"
2371,2,0,0,16032,"rid:2371:immediate"
2374,2,0,0,16017,"rid:2374:immediate"
2377,2,0,0,16004,"rid:2377:immediate"
2378,2,0,0,15999,"rid:2378:immediate"
2379,2,0,0,15995,"rid:2379:immediate"
2381,2,0,0,15984,"rid:2381:immediate"
2384,2,0,0,15973,"rid:2384:immediate"
3048,3,0,0,11385,"rid:3048:immediate"
2385,2,0,0,15971,"rid:2385:immediate"
3049,3,0,0,11382,"rid:3049:immediate"
2388,2,0,0,15959,"rid:2388:immediate"
3050,3,0,0,11379,"rid:3050:immediate"
1954,1,1,0,19153,"rid:1954:delayed"
2389,2,0,0,15917,"rid:2389:immediate"
3053,3,0,0,11368,"rid:3053:immediate"
3055,3,0,0,11361,"rid:3055:immediate"
2392,2,0,0,15903,"rid:2392:immediate"
1809,1,1,0,20171,"rid:1809:delayed"
3056,3,0,0,11359,"rid:3056:immediate"
2393,2,0,0,15900,"rid:2393:immediate"
1816,1,1,0,20138,"rid:1816:delayed"
3058,3,0,0,11352,"rid:3058:immediate"
2395,2,0,0,15893,"rid:2395:immediate"
3060,3,0,0,11346,"rid:3060:immediate"
1621,1,1,0,21311,"rid:1621:delayed"
2398,2,0,0,15882,"rid:2398:immediate"
2400,2,0,0,15856,"rid:2400:immediate"
2401,2,0,0,15851,"rid:2401:immediate"
3061,3,0,0,11344,"rid:3061:immediate"
2404,2,0,0,15803,"rid:2404:immediate"
3062,3,0,0,11341,"rid:3062:immediate"
2406,2,0,0,15795,"rid:2406:immediate"
3063,3,0,0,11339,"rid:3063:immediate"
2409,2,0,0,15782,"rid:2409:immediate"
2412,2,0,0,15770,"rid:2412:immediate"
2414,2,0,0,15761,"rid:2414:immediate"
2416,2,0,0,15753,"rid:2416:immediate"
2421,2,0,0,15992,"rid:2421:immediate"
2422,2,0,0,15990,"rid:2422:immediate"
2423,2,0,0,15986,"rid:2423:immediate"
2424,2,0,0,15983,"rid:2424:immediate"
3066,3,0,0,11610,"rid:3066:immediate"
2425,2,0,0,15981,"rid:2425:immediate"
3068,3,0,0,11603,"rid:3068:immediate"
2426,2,0,0,15978,"rid:2426:immediate"
2429,2,0,0,15961,"rid:2429:immediate"
3069,3,0,0,11601,"rid:3069:immediate"
2430,2,0,0,15958,"rid:2430:immediate"
2431,2,0,0,15942,"rid:2431:immediate"
3071,3,0,0,11594,"rid:3071:immediate"
2434,2,0,0,15926,"rid:2434:immediate"
3074,3,0,0,11580,"rid:3074:immediate"
2435,2,0,0,15923,"rid:2435:immediate"
3075,3,0,0,11578,"rid:3075:immediate"
2438,2,0,0,15913,"rid:2438:immediate"
2439,2,0,0,15910,"rid:2439:immediate"
3076,3,0,0,11574,"rid:3076:immediate"
2441,2,0,0,15903,"rid:2441:immediate"
2445,2,0,0,15862,"rid:2445:immediate"
2446,2,0,0,15857,"rid:2446:immediate"
2450,2,0,0,15842,"rid:2450:immediate"
2454,2,0,0,15828,"rid:2454:immediate"
2457,2,0,0,15815,"rid:2457:immediate"
2459,2,0,0,15820,"rid:2459:immediate"
2460,2,0,0,15816,"rid:2460:immediate"
2462,2,0,0,15809,"rid:2462:immediate"
2463,2,0,0,15806,"rid:2463:immediate"
2466,2,0,0,15791,"rid:2466:immediate"
2467,2,0,0,15788,"rid:2467:immediate"
2468,2,0,0,15754,"rid:2468:immediate"
2471,2,0,0,15737,"rid:2471:immediate"
2473,2,0,0,15727,"rid:2473:immediate"
3077,3,0,0,11594,"rid:3077:immediate"
2477,2,0,0,15710,"rid:2477:immediate"
3078,3,0,0,11591,"rid:3078:immediate"
2480,2,0,0,15696,"rid:2480:immediate"
3079,3,0,0,11589,"rid:3079:immediate"
2481,2,0,0,15693,"rid:2481:immediate"
2484,2,0,0,15660,"rid:2484:immediate"
3081,3,0,0,11553,"rid:3081:immediate"
2487,2,0,0,15648,"rid:2487:immediate"
3083,3,0,0,11543,"rid:3083:immediate"
2488,2,0,0,15644,"rid:2488:immediate"
3086,3,0,0,11528,"rid:3086:immediate"
2490,2,0,0,15636,"rid:2490:immediate"
3087,3,0,0,11526,"rid:3087:immediate"
2492,2,0,0,15629,"rid:2492:immediate"
3088,3,0,0,11523,"rid:3088:immediate"
2494,2,0,0,15621,"rid:2494:immediate"
3089,3,0,0,11521,"rid:3089:immediate"
2498,2,0,0,15600,"rid:2498:immediate"
3090,3,0,0,11518,"rid:3090:immediate"
2503,2,0,0,15580,"rid:2503:immediate"
3091,3,0,0,11513,"rid:3091:immediate"
2504,2,0,0,15577,"rid:2504:immediate"
3092,3,0,0,11511,"rid:3092:immediate"
2505,2,0,0,15573,"rid:2505:immediate"
3093,3,0,0,11509,"rid:3093:immediate"
2507,2,0,0,15565,"rid:2507:immediate"
2508,2,0,0,15562,"rid:2508:immediate"
3094,3,0,0,11507,"rid:3094:immediate"
2511,2,0,0,15549,"rid:2511:immediate"
3100,3,0,0,11423,"rid:3100:immediate"
2512,2,0,0,15547,"rid:2512:immediate"
2513,2,0,0,15543,"rid:2513:immediate"
2514,2,0,0,15506,"rid:2514:immediate"
3101,3,0,0,11420,"rid:3101:immediate"
2515,2,0,0,15501,"rid:2515:immediate"
2517,2,0,0,15442,"rid:2517:immediate"
3109,3,0,0,11325,"rid:3109:immediate"
2518,2,0,0,15436,"rid:2518:immediate"
3110,3,0,0,11314,"rid:3110:immediate"
2519,2,0,0,15433,"rid:2519:immediate"
2520,2,0,0,15429,"rid:2520:immediate"
2522,2,0,0,15406,"rid:2522:immediate"
2523,2,0,0,15395,"rid:2523:immediate"
2524,2,0,0,15377,"rid:2524:immediate"
2526,2,0,0,15339,"rid:2526:immediate"
3111,3,0,0,11314,"rid:3111:immediate"
2527,2,0,0,15333,"rid:2527:immediate"
2528,2,0,0,15330,"rid:2528:immediate"
3112,3,0,0,11311,"rid:3112:immediate"
2531,2,0,0,15304,"rid:2531:immediate"
3113,3,0,0,11269,"rid:3113:immediate"
2532,2,0,0,15287,"rid:2532:immediate"
2534,2,0,0,15249,"rid:2534:immediate"
3114,3,0,0,11252,"rid:3114:immediate"
2539,2,0,0,15168,"rid:2539:immediate"
2540,2,0,0,15164,"rid:2540:immediate"
2541,2,0,0,15161,"rid:2541:immediate"
2542,2,0,0,15158,"rid:2542:immediate"
2545,2,0,0,15146,"rid:2545:immediate"
2547,2,0,0,15140,"rid:2547:immediate"
2550,2,0,0,15128,"rid:2550:immediate"
2553,2,0,0,15113,"rid:2553:immediate"
2555,2,0,0,15106,"rid:2555:immediate"
2556,2,0,0,15103,"rid:2556:immediate"
2557,2,0,0,15099,"rid:2557:immediate"
2560,2,0,0,15087,"rid:2560:immediate"
1386,1,1,0,23078,"rid:1386:delayed"
2563,2,0,0,15071,"rid:2563:immediate"
2565,2,0,0,15063,"rid:2565:immediate"
2566,2,0,0,15060,"rid:2566:immediate"
2567,2,0,0,15057,"rid:2567:immediate"
2571,2,0,0,15026,"rid:2571:immediate"
2573,2,0,0,15016,"rid:2573:immediate"
2574,2,0,0,15014,"rid:2574:immediate"
2576,2,0,0,15001,"rid:2576:immediate"
2578,2,0,0,14989,"rid:2578:immediate"
2580,2,0,0,14977,"rid:2580:immediate"
2582,2,0,0,14959,"rid:2582:immediate"
2585,2,0,0,14846,"rid:2585:immediate"
2586,2,0,0,14841,"rid:2586:immediate"
2588,2,0,0,14831,"rid:2588:immediate"
2590,2,0,0,14780,"rid:2590:immediate"
2594,2,0,0,14758,"rid:2594:immediate"
2595,2,0,0,14753,"rid:2595:immediate"
2597,2,0,0,14721,"rid:2597:immediate"
2601,2,0,0,14680,"rid:2601:immediate"
2603,2,0,0,14667,"rid:2603:immediate"
2606,2,0,0,14631,"rid:2606:immediate"
2610,2,0,0,14585,"rid:2610:immediate"
2614,2,0,0,14541,"rid:2614:immediate"
2616,2,0,0,14533,"rid:2616:immediate"
2617,2,0,0,14526,"rid:2617:immediate"
2619,2,0,0,14515,"rid:2619:immediate"
2620,2,0,0,14512,"rid:2620:immediate"
2626,2,0,0,14480,"rid:2626:immediate"
2630,2,0,0,14460,"rid:2630:immediate"
2634,2,0,0,14439,"rid:2634:immediate"
2636,2,0,0,14417,"rid:2636:immediate"
2638,2,0,0,14403,"rid:2638:immediate"
2639,2,0,0,14394,"rid:2639:immediate"
2641,2,0,0,14383,"rid:2641:immediate"
2642,2,0,0,14377,"rid:2642:immediate"
2645,2,0,0,14354,"rid:2645:immediate"
2651,2,0,0,14324,"rid:2651:immediate"
2653,2,0,0,14314,"rid:2653:immediate"
2656,2,0,0,14294,"rid:2656:immediate"
2658,2,0,0,14286,"rid:2658:immediate"
2659,2,0,0,14269,"rid:2659:immediate"
2661,2,0,0,14256,"rid:2661:immediate"
2663,2,0,0,14249,"rid:2663:immediate"
2665,2,0,0,14242,"rid:2665:immediate"
2666,2,0,0,14237,"rid:2666:immediate"
2669,2,0,0,14227,"rid:2669:immediate"
2671,2,0,0,14219,"rid:2671:immediate"
2672,2,0,0,14217,"rid:2672:immediate"
2673,2,0,0,14213,"rid:2673:immediate"
1849,1,1,0,20349,"rid:1849:delayed"
1856,1,1,0,20313,"rid:1856:delayed"
1513,1,1,0,22435,"rid:1513:delayed"
1418,1,1,0,22965,"rid:1418:delayed"
1723,1,1,0,21191,"rid:1723:delayed"
1888,1,1,0,20082,"rid:1888:delayed"
1542,1,1,0,22254,"rid:1542:delayed"
1550,1,1,0,22214,"rid:1550:delayed"
1745,1,1,0,21096,"rid:1745:delayed"
1748,1,1,0,21083,"rid:1748:delayed"
1443,1,1,0,22788,"rid:1443:delayed"
1578,1,1,0,22022,"rid:1578:delayed"
1780,1,1,0,20750,"rid:1780:delayed"
1943,1,1,0,19637,"rid:1943:delayed"
1968,1,1,0,19529,"rid:1968:delayed"
1969,1,1,0,19526,"rid:1969:delayed"
1971,1,1,0,19519,"rid:1971:delayed"
1477,1,1,0,22627,"rid:1477:delayed"
1979,1,1,0,19484,"rid:1979:delayed"
1482,1,1,0,22601,"rid:1482:delayed"
1831,1,1,0,20461,"rid:1831:delayed"
1669,1,1,0,21493,"rid:1669:delayed"
1684,1,1,0,21381,"rid:1684:delayed"
1850,1,1,0,20370,"rid:1850:delayed"
1701,1,1,0,21308,"rid:1701:delayed"
1863,1,1,0,20221,"rid:1863:delayed"
1709,1,1,0,21277,"rid:1709:delayed"
1881,1,1,0,20136,"rid:1881:delayed"
1730,1,1,0,21187,"rid:1730:delayed"
1544,1,1,0,22269,"rid:1544:delayed"
1554,1,1,0,22216,"rid:1554:delayed"
1917,1,1,0,19774,"rid:1917:delayed"
1774,1,1,0,20821,"rid:1774:delayed"
1817,1,1,0,20585,"rid:1817:delayed"
1976,1,1,0,19516,"rid:1976:delayed"
1624,1,1,0,21744,"rid:1624:delayed"
1977,1,1,0,19513,"rid:1977:delayed"
1661,1,1,0,21550,"rid:1661:delayed"
1663,1,1,0,21543,"rid:1663:delayed"
1642,1,1,0,21646,"rid:1642:delayed"
1688,1,1,0,21379,"rid:1688:delayed"
1690,1,1,0,21371,"rid:1690:delayed"
1692,1,1,0,21364,"rid:1692:delayed"
1697,1,1,0,21343,"rid:1697:delayed"
3012,3,1,0,12128,"rid:3012:delayed"
3039,3,1,0,11937,"rid:3039:delayed"
3116,3,0,0,11320,"rid:3116:immediate"
3117,3,0,0,11315,"rid:3117:immediate"
3118,3,0,0,11312,"rid:3118:immediate"
3119,3,0,0,11307,"rid:3119:immediate"
3122,3,0,0,11291,"rid:3122:immediate"
3123,3,0,0,11287,"rid:3123:immediate"
1763,1,1,0,20986,"rid:1763:delayed"
3124,3,0,0,11283,"rid:3124:immediate"
3125,3,0,0,11280,"rid:3125:immediate"
3126,3,0,0,11275,"rid:3126:immediate"
3129,3,0,0,11261,"rid:3129:immediate"
3130,3,0,0,11255,"rid:3130:immediate"
3133,3,0,0,11243,"rid:3133:immediate"
3136,3,0,0,11205,"rid:3136:immediate"
3137,3,0,0,11196,"rid:3137:immediate"
3140,3,0,0,11184,"rid:3140:immediate"
3141,3,0,0,11179,"rid:3141:immediate"
3142,3,0,0,11175,"rid:3142:immediate"
3143,3,0,0,11172,"rid:3143:immediate"
3144,3,0,0,11168,"rid:3144:immediate"
3148,3,0,0,11149,"rid:3148:immediate"
3151,3,0,0,11513,"rid:3151:immediate"
3154,3,0,0,11502,"rid:3154:immediate"
3156,3,0,0,11479,"rid:3156:immediate"
3161,3,0,0,11451,"rid:3161:immediate"
3162,3,0,0,11448,"rid:3162:immediate"
3164,3,0,0,11440,"rid:3164:immediate"
3166,3,0,0,11433,"rid:3166:immediate"
3167,3,0,0,11429,"rid:3167:immediate"
3168,3,0,0,11425,"rid:3168:immediate"
3169,3,0,0,11422,"rid:3169:immediate"
3172,3,0,0,11410,"rid:3172:immediate"
3175,3,0,0,11397,"rid:3175:immediate"
3176,3,0,0,11394,"rid:3176:immediate"
3178,3,0,0,11369,"rid:3178:immediate"
3179,3,0,0,11365,"rid:3179:immediate"
3180,3,0,0,11362,"rid:3180:immediate"
3181,3,0,0,11335,"rid:3181:immediate"
3185,3,0,0,11314,"rid:3185:immediate"
3198,3,0,0,11217,"rid:3198:immediate"
3199,3,0,0,11213,"rid:3199:immediate"
3200,3,0,0,11210,"rid:3200:immediate"
3205,3,0,0,11188,"rid:3205:immediate"
3206,3,0,0,11184,"rid:3206:immediate"
3211,3,0,0,11158,"rid:3211:immediate"
2035,2,1,0,19651,"rid:2035:delayed"
3212,3,0,0,11154,"rid:3212:immediate"
2199,2,1,0,17990,"rid:2199:delayed"
3214,3,0,0,11148,"rid:3214:immediate"
3215,3,0,0,11169,"rid:3215:immediate"
3216,3,0,0,11165,"rid:3216:immediate"
3220,3,0,0,11148,"rid:3220:immediate"
3221,3,0,0,11134,"rid:3221:immediate"
3222,3,0,0,11129,"rid:3222:immediate"
3223,3,0,0,11125,"rid:3223:immediate"
3226,3,0,0,11088,"rid:3226:immediate"
3227,3,0,0,11083,"rid:3227:immediate"
3229,3,0,0,11079,"rid:3229:immediate"
3233,3,0,0,11044,"rid:3233:immediate"
3234,3,0,0,11040,"rid:3234:immediate"
2005,2,1,0,19823,"rid:2005:delayed"
1791,1,1,0,21191,"rid:1791:delayed"
2067,2,1,0,19446,"rid:2067:delayed"
2257,2,1,0,17572,"rid:2257:delayed"
2098,2,1,0,19071,"rid:2098:delayed"
2311,2,1,0,17328,"rid:2311:delayed"
2315,2,1,0,17306,"rid:2315:delayed"
2034,2,1,0,19707,"rid:2034:delayed"
1823,1,1,0,21022,"rid:1823:delayed"
2061,2,1,0,19488,"rid:2061:delayed"
2218,2,1,0,17918,"rid:2218:delayed"
2126,2,1,0,18745,"rid:2126:delayed"
2074,2,1,0,19423,"rid:2074:delayed"
2287,2,1,0,17443,"rid:2287:delayed"
2158,2,1,0,18331,"rid:2158:delayed"
2249,2,1,0,17613,"rid:2249:delayed"
2093,2,1,0,19212,"rid:2093:delayed"
2253,2,1,0,17600,"rid:2253:delayed"
2309,2,1,0,17348,"rid:2309:delayed"
2417,2,1,0,16677,"rid:2417:delayed"
2350,2,1,0,17145,"rid:2350:delayed"
2047,2,1,0,19606,"rid:2047:delayed"
2357,2,1,0,17113,"rid:2357:delayed"
2364,2,1,0,17083,"rid:2364:delayed"
2058,2,1,0,19555,"rid:2058:delayed"
2372,2,1,0,16990,"rid:2372:delayed"
2119,2,1,0,18813,"rid:2119:delayed"
2376,2,1,0,16972,"rid:2376:delayed"
2485,2,1,0,16262,"rid:2485:delayed"
2138,2,1,0,18531,"rid:2138:delayed"
2289,2,1,0,17447,"rid:2289:delayed"
2245,2,1,0,17645,"rid:2245:delayed"
2156,2,1,0,18354,"rid:2156:delayed"
2408,2,1,0,16728,"rid:2408:delayed"
2104,2,1,0,18898,"rid:2104:delayed"
2589,2,1,0,15368,"rid:2589:delayed"
3236,3,0,0,11066,"rid:3236:immediate"
2039,2,1,0,19739,"rid:2039:delayed"
2593,2,1,0,15398,"rid:2593:delayed"
2596,2,1,0,15375,"rid:2596:delayed"
2599,2,1,0,15325,"rid:2599:delayed"
2448,2,1,0,16569,"rid:2448:delayed"
2262,2,1,0,17657,"rid:2262:delayed"
2612,2,1,0,15188,"rid:2612:delayed"
2458,2,1,0,16529,"rid:2458:delayed"
2640,2,1,0,15017,"rid:2640:delayed"
2479,2,1,0,16398,"rid:2479:delayed"
2375,2,1,0,17068,"rid:2375:delayed"
2123,2,1,0,18885,"rid:2123:delayed"
2493,2,1,0,16316,"rid:2493:delayed"
2382,2,1,0,17034,"rid:2382:delayed"
2281,2,1,0,17575,"rid:2281:delayed"
2083,2,1,0,19389,"rid:2083:delayed"
2027,2,1,0,19851,"rid:2027:delayed"
2403,2,1,0,16843,"rid:2403:delayed"
2296,2,1,0,17511,"rid:2296:delayed"
2301,2,1,0,17488,"rid:2301:delayed"
2544,2,1,0,15819,"rid:2544:delayed"
2436,2,1,0,16654,"rid:2436:delayed"
2437,2,1,0,16651,"rid:2437:delayed"
2591,2,1,0,15422,"rid:2591:delayed"
2607,2,1,0,15248,"rid:2607:delayed"
2609,2,1,0,15238,"rid:2609:delayed"
2676,2,0,0,14830,"rid:2676:immediate"
2680,2,0,0,14811,"rid:2680:immediate"
2681,2,0,0,14805,"rid:2681:immediate"
2685,2,0,0,14656,"rid:2685:immediate"
2687,2,0,0,14646,"rid:2687:immediate"
2689,2,0,0,14637,"rid:2689:immediate"
2696,2,0,0,14605,"rid:2696:immediate"
2697,2,0,0,14600,"rid:2697:immediate"
2698,2,0,0,14594,"rid:2698:immediate"
2702,2,0,0,14573,"rid:2702:immediate"
2703,2,0,0,14567,"rid:2703:immediate"
2704,2,0,0,14563,"rid:2704:immediate"
2705,2,0,0,14559,"rid:2705:immediate"
2706,2,0,0,14556,"rid:2706:immediate"
2710,2,0,0,14524,"rid:2710:immediate"
3237,3,0,0,11162,"rid:3237:immediate"
2711,2,0,0,14518,"rid:2711:immediate"
3239,3,0,0,11148,"rid:3239:immediate"
2712,2,0,0,14513,"rid:2712:immediate"
3240,3,0,0,11142,"rid:3240:immediate"
2714,2,0,0,14461,"rid:2714:immediate"
3242,3,0,0,11132,"rid:3242:immediate"
2715,2,0,0,14457,"rid:2715:immediate"
2716,2,0,0,14453,"rid:2716:immediate"
2720,2,0,0,14431,"rid:2720:immediate"
2721,2,0,0,14426,"rid:2721:immediate"
2724,2,0,0,14412,"rid:2724:immediate"
2726,2,0,0,14399,"rid:2726:immediate"
2731,2,0,0,14353,"rid:2731:immediate"
2732,2,0,0,14335,"rid:2732:immediate"
2734,2,0,0,14323,"rid:2734:immediate"
2735,2,0,0,14319,"rid:2735:immediate"
2736,2,0,0,14315,"rid:2736:immediate"
2739,2,0,0,14302,"rid:2739:immediate"
2741,2,0,0,14292,"rid:2741:immediate"
2742,2,0,0,14287,"rid:2742:immediate"
2743,2,0,0,14282,"rid:2743:immediate"
2744,2,0,0,14278,"rid:2744:immediate"
1859,1,1,0,20956,"rid:1859:delayed"
2747,2,0,0,14263,"rid:2747:immediate"
1860,1,1,0,20938,"rid:1860:delayed"
2748,2,0,0,14259,"rid:2748:immediate"
2751,2,0,0,14246,"rid:2751:immediate"
2752,2,0,0,14242,"rid:2752:immediate"
2753,2,0,0,14238,"rid:2753:immediate"
2754,2,0,0,14231,"rid:2754:immediate"
2755,2,0,0,14226,"rid:2755:immediate"
2758,2,0,0,14214,"rid:2758:immediate"
3245,3,0,0,11097,"rid:3245:immediate"
3246,3,0,0,11091,"rid:3246:immediate"
2759,2,0,0,14212,"rid:2759:immediate"
3247,3,0,0,11087,"rid:3247:immediate"
3248,3,0,0,11084,"rid:3248:immediate"
3253,3,0,0,11066,"rid:3253:immediate"
2763,2,0,0,14197,"rid:2763:immediate"
3254,3,0,0,11064,"rid:3254:immediate"
2765,2,0,0,14188,"rid:2765:immediate"
3257,3,0,0,11054,"rid:3257:immediate"
2769,2,0,0,14172,"rid:2769:immediate"
3259,3,0,0,11049,"rid:3259:immediate"
2770,2,0,0,14153,"rid:2770:immediate"
3263,3,0,0,11036,"rid:3263:immediate"
2771,2,0,0,14148,"rid:2771:immediate"
3264,3,0,0,11033,"rid:3264:immediate"
2772,2,0,0,14145,"rid:2772:immediate"
3265,3,0,0,11031,"rid:3265:immediate"
2774,2,0,0,14136,"rid:2774:immediate"
2775,2,0,0,14133,"rid:2775:immediate"
3269,3,0,0,11018,"rid:3269:immediate"
2778,2,0,0,14120,"rid:2778:immediate"
2780,2,0,0,14112,"rid:2780:immediate"
3278,3,0,0,10979,"rid:3278:immediate"
2782,2,0,0,14105,"rid:2782:immediate"
2783,2,0,0,14101,"rid:2783:immediate"
2784,2,0,0,14098,"rid:2784:immediate"
2785,2,0,0,14093,"rid:2785:immediate"
2790,2,0,0,14071,"rid:2790:immediate"
3281,3,0,0,10969,"rid:3281:immediate"
2791,2,0,0,14068,"rid:2791:immediate"
2792,2,0,0,14065,"rid:2792:immediate"
2793,2,0,0,14060,"rid:2793:immediate"
2797,2,0,0,14040,"rid:2797:immediate"
2798,2,0,0,14037,"rid:2798:immediate"
2799,2,0,0,14032,"rid:2799:immediate"
3292,3,0,0,10915,"rid:3292:immediate"
2802,2,0,0,14020,"rid:2802:immediate"
3293,3,0,0,10912,"rid:3293:immediate"
2809,2,0,0,13987,"rid:2809:immediate"
2810,2,0,0,13982,"rid:2810:immediate"
3295,3,0,0,10902,"rid:3295:immediate"
2811,2,0,0,13976,"rid:2811:immediate"
3296,3,0,0,10898,"rid:3296:immediate"
2814,2,0,0,13965,"rid:2814:immediate"
3300,3,0,0,10880,"rid:3300:immediate"
2815,2,0,0,13960,"rid:2815:immediate"
3304,3,0,0,10802,"rid:3304:immediate"
2816,2,0,0,13958,"rid:2816:immediate"
2818,2,0,0,13933,"rid:2818:immediate"
2819,2,0,0,13928,"rid:2819:immediate"
2823,2,0,0,13910,"rid:2823:immediate"
2824,2,0,0,13906,"rid:2824:immediate"
2825,2,0,0,13860,"rid:2825:immediate"
2826,2,0,0,13854,"rid:2826:immediate"
2827,2,0,0,13849,"rid:2827:immediate"
2830,2,0,0,13834,"rid:2830:immediate"
2831,2,0,0,13830,"rid:2831:immediate"
2833,2,0,0,13821,"rid:2833:immediate"
2835,2,0,0,13810,"rid:2835:immediate"
2836,2,0,0,13806,"rid:2836:immediate"
2838,2,0,0,13796,"rid:2838:immediate"
2839,2,0,0,13792,"rid:2839:immediate"
2840,2,0,0,13789,"rid:2840:immediate"
2841,2,0,0,13785,"rid:2841:immediate"
2844,2,0,0,13773,"rid:2844:immediate"
2845,2,0,0,13769,"rid:2845:immediate"
2847,2,0,0,13762,"rid:2847:immediate"
2848,2,0,0,13759,"rid:2848:immediate"
2850,2,0,0,14319,"rid:2850:immediate"
2852,2,0,0,14312,"rid:2852:immediate"
2854,2,0,0,14305,"rid:2854:immediate"
2855,2,0,0,14302,"rid:2855:immediate"
2857,2,0,0,14294,"rid:2857:immediate"
2859,2,0,0,14270,"rid:2859:immediate"
2860,2,0,0,14266,"rid:2860:immediate"
2861,2,0,0,14261,"rid:2861:immediate"
2862,2,0,0,14257,"rid:2862:immediate"
2863,2,0,0,14254,"rid:2863:immediate"
2865,2,0,0,14243,"rid:2865:immediate"
2866,2,0,0,14240,"rid:2866:immediate"
2867,2,0,0,14237,"rid:2867:immediate"
2868,2,0,0,14234,"rid:2868:immediate"
2870,2,0,0,14227,"rid:2870:immediate"
2871,2,0,0,14223,"rid:2871:immediate"
2876,2,0,0,14165,"rid:2876:immediate"
2877,2,0,0,14150,"rid:2877:immediate"
2879,2,0,0,14143,"rid:2879:immediate"
2880,2,0,0,14140,"rid:2880:immediate"
2884,2,0,0,14113,"rid:2884:immediate"
2889,2,0,0,14091,"rid:2889:immediate"
2894,2,0,0,14073,"rid:2894:immediate"
2896,2,0,0,14066,"rid:2896:immediate"
2898,2,0,0,14058,"rid:2898:immediate"
2901,2,0,0,14046,"rid:2901:immediate"
2903,2,0,0,14040,"rid:2903:immediate"
2905,2,0,0,14033,"rid:2905:immediate"
2907,2,0,0,14027,"rid:2907:immediate"
2909,2,0,0,14020,"rid:2909:immediate"
2911,2,0,0,14014,"rid:2911:immediate"
2914,2,0,0,14008,"rid:2914:immediate"
2916,2,0,0,14001,"rid:2916:immediate"
2920,2,0,0,13988,"rid:2920:immediate"
2921,2,0,0,13984,"rid:2921:immediate"
2922,2,0,0,13971,"rid:2922:immediate"
2923,2,0,0,13963,"rid:2923:immediate"
2926,2,0,0,13950,"rid:2926:immediate"
2927,2,0,0,13947,"rid:2927:immediate"
2928,2,0,0,13944,"rid:2928:immediate"
2929,2,0,0,13940,"rid:2929:immediate"
2930,2,0,0,13904,"rid:2930:immediate"
2932,2,0,0,13841,"rid:2932:immediate"
2934,2,0,0,13831,"rid:2934:immediate"
2939,2,0,0,13810,"rid:2939:immediate"
2940,2,0,0,13807,"rid:2940:immediate"
2942,2,0,0,13799,"rid:2942:immediate"
2944,2,0,0,13792,"rid:2944:immediate"
2945,2,0,0,13789,"rid:2945:immediate"
2946,2,0,0,13785,"rid:2946:immediate"
2949,2,0,0,13775,"rid:2949:immediate"
2950,2,0,0,13772,"rid:2950:immediate"
2955,2,0,0,13750,"rid:2955:immediate"
2957,2,0,0,13743,"rid:2957:immediate"
2959,2,0,0,13735,"rid:2959:immediate"
2960,2,0,0,13731,"rid:2960:immediate"
2961,2,0,0,13728,"rid:2961:immediate"
2962,2,0,0,13724,"rid:2962:immediate"
2964,2,0,0,13716,"rid:2964:immediate"
2965,2,0,0,13712,"rid:2965:immediate"
2966,2,0,0,13706,"rid:2966:immediate"
2967,2,0,0,13703,"rid:2967:immediate"
2968,2,0,0,13699,"rid:2968:immediate"
2969,2,0,0,13693,"rid:2969:immediate"
2973,2,0,0,13675,"rid:2973:immediate"
2974,2,0,0,13668,"rid:2974:immediate"
2975,2,0,0,13665,"rid:2975:immediate"
2978,2,0,0,13651,"rid:2978:immediate"
2981,2,0,0,13640,"rid:2981:immediate"
2983,2,0,0,13618,"rid:2983:immediate"
2984,2,0,0,13612,"rid:2984:immediate"
2986,2,0,0,13604,"rid:2986:immediate"
2989,2,0,0,13591,"rid:2989:immediate"
2991,2,0,0,13581,"rid:2991:immediate"
2992,2,0,0,13576,"rid:2992:immediate"
2996,2,0,0,13558,"rid:2996:immediate"
2997,2,0,0,13555,"rid:2997:immediate"
3000,2,0,0,13543,"rid:3000:immediate"
1772,1,1,0,22145,"rid:1772:delayed"
1933,1,1,0,21017,"rid:1933:delayed"
1939,1,1,0,20991,"rid:1939:delayed"
1963,1,1,0,20887,"rid:1963:delayed"
1981,1,1,0,20810,"rid:1981:delayed"
1983,1,1,0,20803,"rid:1983:delayed"
2615,2,1,0,15905,"rid:2615:delayed"
2465,2,1,0,17233,"rid:2465:delayed"
2469,2,1,0,17185,"rid:2469:delayed"
2109,2,1,0,19694,"rid:2109:delayed"
2368,2,1,0,17844,"rid:2368:delayed"
2472,2,1,0,17172,"rid:2472:delayed"
2476,2,1,0,17151,"rid:2476:delayed"
2478,2,1,0,17143,"rid:2478:delayed"
2373,2,1,0,17817,"rid:2373:delayed"
2226,2,1,0,18663,"rid:2226:delayed"
2655,2,1,0,15667,"rid:2655:delayed"
2657,2,1,0,15658,"rid:2657:delayed"
2010,2,1,0,20656,"rid:2010:delayed"
2011,2,1,0,20653,"rid:2011:delayed"
2386,2,1,0,17757,"rid:2386:delayed"
2396,2,1,0,17669,"rid:2396:delayed"
2149,2,1,0,19225,"rid:2149:delayed"
2405,2,1,0,17575,"rid:2405:delayed"
2162,2,1,0,19161,"rid:2162:delayed"
2536,2,1,0,16623,"rid:2536:delayed"
2719,2,1,0,15158,"rid:2719:delayed"
2568,2,1,0,16452,"rid:2568:delayed"
2189,2,1,0,18942,"rid:2189:delayed"
2433,2,1,0,17410,"rid:2433:delayed"
2337,2,1,0,18068,"rid:2337:delayed"
2766,2,1,0,14892,"rid:2766:delayed"
2773,2,1,0,14844,"rid:2773:delayed"
2777,2,1,0,14826,"rid:2777:delayed"
2598,2,1,0,16100,"rid:2598:delayed"
2789,2,1,0,14775,"rid:2789:delayed"
2794,2,1,0,14753,"rid:2794:delayed"
2796,2,1,0,14743,"rid:2796:delayed"
2817,2,1,0,14628,"rid:2817:delayed"
2274,2,1,0,18376,"rid:2274:delayed"
2646,2,1,0,15743,"rid:2646:delayed"
2231,2,1,0,18657,"rid:2231:delayed"
2501,2,1,0,17048,"rid:2501:delayed"
2086,2,1,0,20135,"rid:2086:delayed"
2239,2,1,0,18544,"rid:2239:delayed"
2391,2,1,0,17723,"rid:2391:delayed"
2293,2,1,0,18293,"rid:2293:delayed"
2096,2,1,0,20058,"rid:2096:delayed"
2538,2,1,0,16612,"rid:2538:delayed"
2304,2,1,0,18245,"rid:2304:delayed"
2548,2,1,0,16575,"rid:2548:delayed"
2727,2,1,0,15133,"rid:2727:delayed"
2564,2,1,0,16501,"rid:2564:delayed"
2186,2,1,0,18985,"rid:2186:delayed"
2187,2,1,0,18982,"rid:2187:delayed"
2757,2,1,0,14952,"rid:2757:delayed"
2333,2,1,0,18107,"rid:2333:delayed"
2336,2,1,0,18094,"rid:2336:delayed"
2767,2,1,0,14909,"rid:2767:delayed"
2347,2,1,0,18038,"rid:2347:delayed"
2624,2,1,0,15909,"rid:2624:delayed"
2805,2,1,0,14721,"rid:2805:delayed"
2211,2,1,0,18866,"rid:2211:delayed"
2369,2,1,0,17887,"rid:2369:delayed"
2980,2,1,0,13713,"rid:2980:delayed"
2482,2,1,0,17175,"rid:2482:delayed"
2221,2,1,0,18799,"rid:2221:delayed"
2132,2,1,0,19454,"rid:2132:delayed"
2667,2,1,0,15647,"rid:2667:delayed"
2236,2,1,0,18576,"rid:2236:delayed"
2238,2,1,0,18568,"rid:2238:delayed"
2142,2,1,0,19318,"rid:2142:delayed"
2693,2,1,0,15398,"rid:2693:delayed"
2700,2,1,0,15364,"rid:2700:delayed"
2864,2,1,0,14372,"rid:2864:delayed"
2535,2,1,0,16690,"rid:2535:delayed"
2872,2,1,0,14338,"rid:2872:delayed"
2746,2,1,0,15022,"rid:2746:delayed"
2443,2,1,0,17403,"rid:2443:delayed"
2936,2,1,0,13920,"rid:2936:delayed"
2951,2,1,0,13859,"rid:2951:delayed"
2470,2,1,0,17247,"rid:2470:delayed"
2268,2,1,0,18435,"rid:2268:delayed"
2979,2,1,0,13731,"rid:2979:delayed"
2277,2,1,0,18396,"rid:2277:delayed"
2988,2,1,0,13676,"rid:2988:delayed"
2995,2,1,0,13645,"rid:2995:delayed"
2233,2,1,0,18683,"rid:2233:delayed"
2509,2,1,0,17045,"rid:2509:delayed"
2143,2,1,0,19326,"rid:2143:delayed"
2399,2,1,0,17718,"rid:2399:delayed"
2858,2,1,0,14413,"rid:2858:delayed"
2411,2,1,0,17609,"rid:2411:delayed"
2256,2,1,0,18498,"rid:2256:delayed"
2718,2,1,0,15226,"rid:2718:delayed"
2546,2,1,0,16619,"rid:2546:delayed"
2310,2,1,0,18258,"rid:2310:delayed"
2737,2,1,0,15089,"rid:2737:delayed"
2559,2,1,0,16565,"rid:2559:delayed"
2569,2,1,0,16510,"rid:2569:delayed"
2917,2,1,0,14120,"rid:2917:delayed"
1906,1,1,0,21317,"rid:1906:delayed"
2602,2,1,0,16132,"rid:2602:delayed"
2941,2,1,0,13919,"rid:2941:delayed"
2456,2,1,0,17361,"rid:2456:delayed"
2365,2,1,0,17994,"rid:2365:delayed"
2367,2,1,0,17986,"rid:2367:delayed"
1940,1,1,0,21909,"rid:1940:delayed"
1942,1,1,0,21902,"rid:1942:delayed"
2820,2,1,0,15497,"rid:2820:delayed"
2652,2,1,0,16602,"rid:2652:delayed"
2495,2,1,0,17962,"rid:2495:delayed"
2834,2,1,0,15383,"rid:2834:delayed"
2664,2,1,0,16525,"rid:2664:delayed"
2251,2,1,0,19363,"rid:2251:delayed"
2717,2,1,0,16079,"rid:2717:delayed"
2307,2,1,0,19114,"rid:2307:delayed"
2722,2,1,0,16048,"rid:2722:delayed"
2890,2,1,0,15064,"rid:2890:delayed"
2891,2,1,0,15062,"rid:2891:delayed"
2317,2,1,0,19067,"rid:2317:delayed"
2558,2,1,0,17416,"rid:2558:delayed"
2895,2,1,0,15048,"rid:2895:delayed"
2738,2,1,0,15932,"rid:2738:delayed"
2756,2,1,0,15839,"rid:2756:delayed"
2912,2,1,0,14986,"rid:2912:delayed"
2581,2,1,0,17277,"rid:2581:delayed"
2449,2,1,0,18235,"rid:2449:delayed"
2608,2,1,0,16901,"rid:2608:delayed"
2349,2,1,0,18914,"rid:2349:delayed"
2611,2,1,0,16866,"rid:2611:delayed"
2822,2,1,0,15504,"rid:2822:delayed"
2990,2,1,0,14534,"rid:2990:delayed"
2497,2,1,0,17966,"rid:2497:delayed"
2383,2,1,0,18699,"rid:2383:delayed"
2682,2,1,0,16461,"rid:2682:delayed"
2285,2,1,0,19228,"rid:2285:delayed"
2394,2,1,0,18609,"rid:2394:delayed"
2713,2,1,0,16121,"rid:2713:delayed"
2533,2,1,0,17611,"rid:2533:delayed"
2875,2,1,0,15181,"rid:2875:delayed"
2322,2,1,0,19052,"rid:2322:delayed"
2918,2,1,0,14977,"rid:2918:delayed"
2931,2,1,0,14876,"rid:2931:delayed"
2779,2,1,0,15734,"rid:2779:delayed"
2453,2,1,0,19023,"rid:2453:delayed"
2461,2,1,0,18992,"rid:2461:delayed"
2958,2,1,0,15503,"rid:2958:delayed"
2806,2,1,0,16406,"rid:2806:delayed"
2632,2,1,0,17559,"rid:2632:delayed"
2971,2,1,0,15446,"rid:2971:delayed"
2483,2,1,0,18842,"rid:2483:delayed"
2486,2,1,0,18827,"rid:2486:delayed"
2491,2,1,0,18805,"rid:2491:delayed"
2675,2,1,0,17305,"rid:2675:delayed"
2998,2,1,0,15309,"rid:2998:delayed"
2496,2,1,0,18785,"rid:2496:delayed"
2282,2,1,0,20051,"rid:2282:delayed"
2869,2,1,0,16038,"rid:2869:delayed"
2410,2,1,0,19291,"rid:2410:delayed"
2725,2,1,0,16860,"rid:2725:delayed"
2312,2,1,0,19921,"rid:2312:delayed"
2885,2,1,0,15914,"rid:2885:delayed"
2552,2,1,0,18267,"rid:2552:delayed"
2419,2,1,0,19254,"rid:2419:delayed"
3084,3,1,0,14725,"rid:3084:delayed"
3095,3,1,0,14663,"rid:3095:delayed"
3099,3,1,0,14608,"rid:3099:delayed"
3138,3,1,0,14254,"rid:3138:delayed"
3108,3,1,0,14514,"rid:3108:delayed"
3035,3,1,0,15046,"rid:3035:delayed"
3149,3,1,0,14200,"rid:3149:delayed"
3043,3,1,0,14977,"rid:3043:delayed"
3174,3,1,0,14072,"rid:3174:delayed"
3187,3,1,0,13974,"rid:3187:delayed"
3197,3,1,0,13890,"rid:3197:delayed"
3006,3,1,0,15270,"rid:3006:delayed"
3238,3,1,0,13642,"rid:3238:delayed"
3040,3,1,0,14997,"rid:3040:delayed"
3165,3,1,0,14116,"rid:3165:delayed"
3261,3,1,0,13493,"rid:3261:delayed"
3262,3,1,0,13490,"rid:3262:delayed"
3283,3,1,0,13399,"rid:3283:delayed"
3284,3,1,0,13395,"rid:3284:delayed"
3131,3,1,0,14327,"rid:3131:delayed"
3020,3,1,0,15161,"rid:3020:delayed"
3252,3,1,0,13530,"rid:3252:delayed"
3045,3,1,0,14962,"rid:3045:delayed"
3171,3,1,0,14097,"rid:3171:delayed"
3267,3,1,0,13479,"rid:3267:delayed"
3288,3,1,0,13379,"rid:3288:delayed"
3209,3,1,0,13846,"rid:3209:delayed"
3070,3,1,0,14845,"rid:3070:delayed"
3217,3,1,0,13806,"rid:3217:delayed"
3305,3,0,0,13230,"rid:3305:immediate"
3308,3,0,0,13210,"rid:3308:immediate"
3310,3,0,0,13200,"rid:3310:immediate"
3313,3,0,0,13166,"rid:3313:immediate"
3315,3,0,0,13153,"rid:3315:immediate"
3316,3,0,0,13148,"rid:3316:immediate"
3326,3,0,0,13098,"rid:3326:immediate"
3329,3,0,0,12957,"rid:3329:immediate"
3331,3,0,0,12947,"rid:3331:immediate"
3334,3,0,0,12933,"rid:3334:immediate"
3335,3,0,0,12929,"rid:3335:immediate"
3338,3,0,0,12916,"rid:3338:immediate"
3340,3,0,0,12903,"rid:3340:immediate"
2750,2,1,0,16733,"rid:2750:delayed"
3342,3,0,0,12896,"rid:3342:immediate"
3343,3,0,0,12892,"rid:3343:immediate"
2432,2,1,0,19194,"rid:2432:delayed"
3346,3,0,0,12880,"rid:3346:immediate"
2579,2,1,0,18161,"rid:2579:delayed"
3347,3,0,0,12876,"rid:3347:immediate"
2762,2,1,0,16682,"rid:2762:delayed"
3348,3,0,0,12874,"rid:3348:immediate"
2919,2,1,0,15829,"rid:2919:delayed"
3350,3,0,0,12866,"rid:3350:immediate"
2925,2,1,0,15791,"rid:2925:delayed"
3351,3,0,0,12863,"rid:3351:immediate"
2444,2,1,0,19130,"rid:2444:delayed"
3352,3,0,0,12859,"rid:3352:immediate"
3353,3,0,0,12855,"rid:3353:immediate"
3354,3,0,0,12850,"rid:3354:immediate"
3355,3,0,0,12847,"rid:3355:immediate"
3357,3,0,0,12839,"rid:3357:immediate"
3358,3,0,0,12835,"rid:3358:immediate"
3359,3,0,0,12830,"rid:3359:immediate"
3360,3,0,0,12826,"rid:3360:immediate"
3362,3,0,0,12817,"rid:3362:immediate"
3363,3,0,0,12813,"rid:3363:immediate"
3364,3,0,0,12809,"rid:3364:immediate"
3365,3,0,0,12804,"rid:3365:immediate"
3367,3,0,0,12796,"rid:3367:immediate"
3372,3,0,0,12773,"rid:3372:immediate"
3374,3,0,0,12764,"rid:3374:immediate"
3377,3,0,0,12749,"rid:3377:immediate"
3378,3,0,0,12743,"rid:3378:immediate"
3379,3,0,0,12739,"rid:3379:immediate"
3380,3,0,0,12735,"rid:3380:immediate"
3381,3,0,0,12730,"rid:3381:immediate"
3388,3,0,0,12698,"rid:3388:immediate"
3389,3,0,0,12659,"rid:3389:immediate"
3390,3,0,0,12653,"rid:3390:immediate"
3391,3,0,0,12648,"rid:3391:immediate"
3393,3,0,0,12639,"rid:3393:immediate"
3395,3,0,0,12630,"rid:3395:immediate"
3396,3,0,0,12626,"rid:3396:immediate"
3399,3,0,0,12613,"rid:3399:immediate"
3401,3,0,0,12603,"rid:3401:immediate"
3402,3,0,0,12598,"rid:3402:immediate"
3403,3,0,0,12606,"rid:3403:immediate"
3408,3,0,0,12580,"rid:3408:immediate"
3411,3,0,0,12568,"rid:3411:immediate"
3415,3,0,0,12552,"rid:3415:immediate"
3421,3,0,0,12522,"rid:3421:immediate"
3423,3,0,0,12504,"rid:3423:immediate"
3426,3,0,0,12490,"rid:3426:immediate"
3428,3,0,0,12481,"rid:3428:immediate"
3430,3,0,0,12474,"rid:3430:immediate"
3431,3,0,0,12465,"rid:3431:immediate"
3434,3,0,0,12398,"rid:3434:immediate"
3435,3,0,0,12392,"rid:3435:immediate"
3437,3,0,0,12380,"rid:3437:immediate"
3438,3,0,0,12375,"rid:3438:immediate"
3441,3,0,0,12361,"rid:3441:immediate"
3443,3,0,0,12349,"rid:3443:immediate"
3446,3,0,0,12334,"rid:3446:immediate"
3447,3,0,0,12329,"rid:3447:immediate"
3448,3,0,0,12325,"rid:3448:immediate"
3449,3,0,0,12320,"rid:3449:immediate"
3451,3,0,0,12311,"rid:3451:immediate"
3453,3,0,0,12299,"rid:3453:immediate"
3454,3,0,0,12295,"rid:3454:immediate"
3457,3,0,0,12260,"rid:3457:immediate"
3460,3,0,0,12237,"rid:3460:immediate"
3470,3,0,0,12409,"rid:3470:immediate"
3471,3,0,0,12406,"rid:3471:immediate"
3474,3,0,0,12392,"rid:3474:immediate"
3477,3,0,0,12380,"rid:3477:immediate"
3482,3,0,0,12357,"rid:3482:immediate"
3488,3,0,0,12330,"rid:3488:immediate"
3494,3,0,0,12300,"rid:3494:immediate"
3496,3,0,0,12292,"rid:3496:immediate"
3499,3,0,0,12239,"rid:3499:immediate"
3500,3,0,0,12233,"rid:3500:immediate"
3501,3,0,0,12228,"rid:3501:immediate"
3504,3,0,0,12213,"rid:3504:immediate"
3505,3,0,0,12209,"rid:3505:immediate"
3506,3,0,0,12203,"rid:3506:immediate"
2786,2,1,0,16850,"rid:2786:delayed"
3508,3,0,0,12194,"rid:3508:immediate"
3510,3,0,0,12186,"rid:3510:immediate"
2613,2,1,0,18014,"rid:2613:delayed"
3512,3,0,0,12178,"rid:3512:immediate"
2800,2,1,0,16788,"rid:2800:delayed"
3513,3,0,0,12175,"rid:3513:immediate"
2360,2,1,0,20025,"rid:2360:delayed"
3514,3,0,0,12151,"rid:3514:immediate"
3515,3,0,0,12145,"rid:3515:immediate"
3516,3,0,0,12139,"rid:3516:immediate"
3518,3,0,0,12130,"rid:3518:immediate"
3522,3,0,0,12022,"rid:3522:immediate"
3525,3,0,0,12005,"rid:3525:immediate"
3527,3,0,0,11997,"rid:3527:immediate"
3528,3,0,0,11993,"rid:3528:immediate"
3530,3,0,0,11983,"rid:3530:immediate"
2623,2,1,0,17969,"rid:2623:delayed"
3531,3,0,0,11979,"rid:3531:immediate"
2366,2,1,0,20006,"rid:2366:delayed"
3533,3,0,0,11972,"rid:3533:immediate"
3537,3,0,0,11951,"rid:3537:immediate"
3541,3,0,0,11934,"rid:3541:immediate"
3542,3,0,0,11930,"rid:3542:immediate"
3543,3,0,0,11925,"rid:3543:immediate"
3545,3,0,0,11917,"rid:3545:immediate"
3552,3,0,0,11886,"rid:3552:immediate"
3553,3,0,0,11881,"rid:3553:immediate"
3554,3,0,0,11877,"rid:3554:immediate"
3564,3,0,0,11779,"rid:3564:immediate"
3572,3,0,0,11747,"rid:3572:immediate"
3573,3,0,0,11744,"rid:3573:immediate"
3574,3,0,0,11741,"rid:3574:immediate"
3581,3,0,0,11714,"rid:3581:immediate"
3582,3,0,0,11711,"rid:3582:immediate"
3585,3,0,0,11698,"rid:3585:immediate"
3586,3,0,0,11695,"rid:3586:immediate"
3588,3,0,0,11688,"rid:3588:immediate"
3589,3,0,0,11684,"rid:3589:immediate"
3596,3,0,0,11652,"rid:3596:immediate"
3597,3,0,0,11649,"rid:3597:immediate"
3602,3,0,0,11627,"rid:3602:immediate"
3604,3,0,0,11620,"rid:3604:immediate"
3606,3,0,0,11612,"rid:3606:immediate"
3608,3,0,0,11602,"rid:3608:immediate"
3610,3,0,0,11595,"rid:3610:immediate"
3611,3,0,0,11590,"rid:3611:immediate"
3612,3,0,0,11552,"rid:3612:immediate"
3614,3,0,0,11542,"rid:3614:immediate"
3616,3,0,0,11532,"rid:3616:immediate"
3624,3,0,0,11478,"rid:3624:immediate"
3627,3,0,0,11440,"rid:3627:immediate"
3628,3,0,0,11435,"rid:3628:immediate"
3629,3,0,0,11430,"rid:3629:immediate"
3630,3,0,0,11427,"rid:3630:immediate"
3633,3,0,0,11404,"rid:3633:immediate"
3635,3,0,0,11379,"rid:3635:immediate"
3637,3,0,0,11370,"rid:3637:immediate"
3638,3,0,0,11365,"rid:3638:immediate"
3640,3,0,0,11351,"rid:3640:immediate"
3641,3,0,0,11344,"rid:3641:immediate"
3642,3,0,0,11339,"rid:3642:immediate"
3645,3,0,0,11328,"rid:3645:immediate"
3646,3,0,0,11324,"rid:3646:immediate"
3652,3,0,0,11299,"rid:3652:immediate"
2821,2,1,0,16742,"rid:2821:delayed"
3654,3,0,0,11298,"rid:3654:immediate"
2662,2,1,0,17787,"rid:2662:delayed"
3655,3,0,0,11295,"rid:3655:immediate"
3659,3,0,0,11276,"rid:3659:immediate"
3660,3,0,0,11273,"rid:3660:immediate"
3663,3,0,0,11260,"rid:3663:immediate"
3664,3,0,0,11257,"rid:3664:immediate"
3670,3,0,0,11230,"rid:3670:immediate"
3671,3,0,0,11861,"rid:3671:immediate"
3672,3,0,0,11862,"rid:3672:immediate"
3673,3,0,0,11865,"rid:3673:immediate"
3674,3,0,0,11864,"rid:3674:immediate"
3677,3,0,0,11853,"rid:3677:immediate"
3678,3,0,0,11853,"rid:3678:immediate"
3681,3,0,0,11843,"rid:3681:immediate"
3682,3,0,0,11841,"rid:3682:immediate"
3688,3,0,0,11815,"rid:3688:immediate"
3692,3,0,0,11802,"rid:3692:immediate"
3694,3,0,0,11795,"rid:3694:immediate"
3695,3,0,0,11794,"rid:3695:immediate"
3696,3,0,0,11793,"rid:3696:immediate"
3697,3,0,0,11791,"rid:3697:immediate"
3698,3,0,0,11789,"rid:3698:immediate"
3699,3,0,0,11787,"rid:3699:immediate"
3700,3,0,0,11786,"rid:3700:immediate"
3703,3,0,0,11776,"rid:3703:immediate"
3706,3,0,0,11767,"rid:3706:immediate"
3708,3,0,0,11761,"rid:3708:immediate"
3710,3,0,0,11757,"rid:3710:immediate"
3711,3,0,0,11753,"rid:3711:immediate"
3714,3,0,0,11748,"rid:3714:immediate"
3715,3,0,0,11745,"rid:3715:immediate"
3716,3,0,0,11741,"rid:3716:immediate"
3724,3,0,0,11710,"rid:3724:immediate"
3726,3,0,0,11701,"rid:3726:immediate"
3727,3,0,0,11698,"rid:3727:immediate"
3730,3,0,0,11686,"rid:3730:immediate"
3731,3,0,0,11682,"rid:3731:immediate"
3732,3,0,0,11679,"rid:3732:immediate"
3733,3,0,0,11676,"rid:3733:immediate"
3736,3,0,0,11586,"rid:3736:immediate"
3737,3,0,0,11582,"rid:3737:immediate"
3739,3,0,0,11575,"rid:3739:immediate"
3740,3,0,0,11567,"rid:3740:immediate"
3743,3,0,0,11549,"rid:3743:immediate"
3750,3,0,0,11494,"rid:3750:immediate"
3751,3,0,0,11490,"rid:3751:immediate"
3752,3,0,0,11487,"rid:3752:immediate"
3754,3,0,0,11478,"rid:3754:immediate"
3755,3,0,0,11474,"rid:3755:immediate"
3756,3,0,0,11471,"rid:3756:immediate"
3758,3,0,0,11464,"rid:3758:immediate"
3761,3,0,0,11450,"rid:3761:immediate"
3766,3,0,0,11421,"rid:3766:immediate"
3767,3,0,0,11415,"rid:3767:immediate"
3770,3,0,0,11398,"rid:3770:immediate"
3771,3,0,0,11392,"rid:3771:immediate"
3773,3,0,0,11381,"rid:3773:immediate"
3776,3,0,0,11363,"rid:3776:immediate"
3779,3,0,0,11351,"rid:3779:immediate"
3782,3,0,0,11339,"rid:3782:immediate"
3783,3,0,0,11335,"rid:3783:immediate"
3784,3,0,0,11332,"rid:3784:immediate"
3787,3,0,0,11323,"rid:3787:immediate"
3788,3,0,0,11316,"rid:3788:immediate"
3790,3,0,0,11311,"rid:3790:immediate"
2999,2,1,0,16463,"rid:2999:delayed"
3791,3,0,0,11308,"rid:3791:immediate"
3792,3,0,0,11305,"rid:3792:immediate"
2695,2,1,0,18237,"rid:2695:delayed"
3795,3,0,0,11294,"rid:3795:immediate"
3796,3,0,0,11289,"rid:3796:immediate"
3798,3,0,0,11277,"rid:3798:immediate"
3802,3,0,0,11258,"rid:3802:immediate"
3806,3,0,0,11241,"rid:3806:immediate"
3809,3,0,0,11229,"rid:3809:immediate"
3811,3,0,0,11217,"rid:3811:immediate"
3813,3,0,0,11202,"rid:3813:immediate"
3816,3,0,0,11186,"rid:3816:immediate"
2543,2,1,0,19465,"rid:2543:delayed"
2730,2,1,0,17991,"rid:2730:delayed"
2899,2,1,0,17020,"rid:2899:delayed"
2420,2,1,0,20405,"rid:2420:delayed"
2745,2,1,0,17881,"rid:2745:delayed"
2575,2,1,0,19309,"rid:2575:delayed"
2924,2,1,0,16913,"rid:2924:delayed"
2592,2,1,0,19064,"rid:2592:delayed"
2937,2,1,0,16771,"rid:2937:delayed"
2605,2,1,0,18933,"rid:2605:delayed"
2627,2,1,0,18766,"rid:2627:delayed"
2629,2,1,0,18756,"rid:2629:delayed"
2637,2,1,0,18701,"rid:2637:delayed"
2654,2,1,0,18594,"rid:2654:delayed"
2690,2,1,0,18279,"rid:2690:delayed"
2691,2,1,0,18275,"rid:2691:delayed"
2881,2,1,0,17117,"rid:2881:delayed"
2549,2,1,0,19457,"rid:2549:delayed"
2551,2,1,0,19449,"rid:2551:delayed"
2897,2,1,0,17042,"rid:2897:delayed"
2570,2,1,0,19352,"rid:2570:delayed"
2618,2,1,0,18823,"rid:2618:delayed"
2801,2,1,0,17621,"rid:2801:delayed"
2808,2,1,0,17589,"rid:2808:delayed"
2812,2,1,0,17566,"rid:2812:delayed"
2647,2,1,0,18637,"rid:2647:delayed"
2679,2,1,0,18473,"rid:2679:delayed"
2699,2,1,0,18244,"rid:2699:delayed"
2873,2,1,0,17209,"rid:2873:delayed"
3303,3,1,0,14459,"rid:3303:delayed"
3228,3,1,0,14875,"rid:3228:delayed"
3312,3,1,0,14326,"rid:3312:delayed"
3327,3,1,0,14246,"rid:3327:delayed"
3106,3,1,0,15732,"rid:3106:delayed"
3255,3,1,0,14684,"rid:3255:delayed"
3146,3,1,0,15398,"rid:3146:delayed"
3385,3,1,0,13836,"rid:3385:delayed"
3059,3,1,0,16064,"rid:3059:delayed"
3429,3,1,0,13578,"rid:3429:delayed"
3127,3,1,0,15518,"rid:3127:delayed"
3231,3,1,0,14863,"rid:3231:delayed"
3021,3,1,0,16327,"rid:3021:delayed"
3325,3,1,0,14263,"rid:3325:delayed"
3104,3,1,0,15754,"rid:3104:delayed"
3462,3,1,0,13321,"rid:3462:delayed"
3258,3,1,0,14680,"rid:3258:delayed"
3266,3,1,0,14653,"rid:3266:delayed"
3498,3,1,0,13145,"rid:3498:delayed"
3182,3,1,0,15180,"rid:3182:delayed"
3184,3,1,0,15171,"rid:3184:delayed"
3282,3,1,0,14583,"rid:3282:delayed"
3191,3,1,0,15140,"rid:3191:delayed"
3404,3,1,0,13717,"rid:3404:delayed"
3299,3,1,0,14497,"rid:3299:delayed"
3219,3,1,0,14971,"rid:3219:delayed"
3412,3,1,0,13679,"rid:3412:delayed"
3569,3,1,0,12576,"rid:3569:delayed"
3579,3,1,0,12536,"rid:3579:delayed"
3235,3,1,0,14842,"rid:3235:delayed"
3587,3,1,0,12503,"rid:3587:delayed"
3241,3,1,0,14806,"rid:3241:delayed"
3598,3,1,0,12456,"rid:3598:delayed"
3139,3,1,0,15447,"rid:3139:delayed"
3483,3,1,0,13229,"rid:3483:delayed"
3485,3,1,0,13221,"rid:3485:delayed"
3487,3,1,0,13212,"rid:3487:delayed"
3268,3,1,0,14660,"rid:3268:delayed"
3273,3,1,0,14641,"rid:3273:delayed"
3276,3,1,0,14625,"rid:3276:delayed"
3280,3,1,0,14607,"rid:3280:delayed"
3657,3,1,0,12072,"rid:3657:delayed"
3201,3,1,0,15069,"rid:3201:delayed"
3387,3,1,0,13851,"rid:3387:delayed"
3207,3,1,0,15042,"rid:3207:delayed"
3532,3,1,0,12840,"rid:3532:delayed"
3416,3,1,0,13675,"rid:3416:delayed"
2883,2,1,0,17152,"rid:2883:delayed"
3224,3,1,0,14944,"rid:3224:delayed"
2728,2,1,0,18056,"rid:2728:delayed"
3575,3,1,0,12567,"rid:3575:delayed"
2886,2,1,0,17128,"rid:2886:delayed"
3720,3,1,0,11815,"rid:3720:delayed"
3445,3,1,0,13464,"rid:3445:delayed"
3098,3,1,0,15864,"rid:3098:delayed"
3025,3,1,0,16338,"rid:3025:delayed"
3748,3,1,0,11590,"rid:3748:delayed"
3625,3,1,0,12294,"rid:3625:delayed"
3626,3,1,0,12266,"rid:3626:delayed"
3155,3,1,0,15389,"rid:3155:delayed"
3631,3,1,0,12241,"rid:3631:delayed"
3260,3,1,0,14703,"rid:3260:delayed"
3775,3,1,0,11449,"rid:3775:delayed"
3344,3,1,0,14074,"rid:3344:delayed"
3639,3,1,0,12179,"rid:3639:delayed"
3643,3,1,0,12152,"rid:3643:delayed"
3651,3,1,0,12119,"rid:3651:delayed"
3183,3,1,0,15207,"rid:3183:delayed"
3366,3,1,0,13971,"rid:3366:delayed"
3658,3,1,0,12087,"rid:3658:delayed"
3369,3,1,0,13958,"rid:3369:delayed"
3188,3,1,0,15186,"rid:3188:delayed"
3376,3,1,0,13925,"rid:3376:delayed"
3804,3,1,0,11326,"rid:3804:delayed"
3665,3,1,0,12061,"rid:3665:delayed"
3526,3,1,0,12889,"rid:3526:delayed"
3675,3,1,0,12021,"rid:3675:delayed"
3204,3,1,0,15078,"rid:3204:delayed"
3680,3,1,0,11999,"rid:3680:delayed"
3691,3,1,0,11952,"rid:3691:delayed"
3538,3,1,0,12832,"rid:3538:delayed"
3540,3,1,0,12824,"rid:3540:delayed"
3701,3,1,0,11913,"rid:3701:delayed"
3558,3,1,0,12742,"rid:3558:delayed"
3419,3,1,0,13686,"rid:3419:delayed"
3728,3,1,0,11805,"rid:3728:delayed"
3306,3,1,0,14437,"rid:3306:delayed"
3322,3,1,0,14329,"rid:3322:delayed"
3250,3,1,0,14756,"rid:3250:delayed"
3251,3,1,0,14753,"rid:3251:delayed"
3463,3,1,0,13364,"rid:3463:delayed"
3618,3,1,0,12364,"rid:3618:delayed"
3769,3,1,0,11507,"rid:3769:delayed"
3636,3,1,0,12211,"rid:3636:delayed"
3345,3,1,0,14088,"rid:3345:delayed"
3492,3,1,0,13224,"rid:3492:delayed"
3361,3,1,0,14013,"rid:3361:delayed"
3290,3,1,0,14591,"rid:3290:delayed"
3805,3,1,0,11338,"rid:3805:delayed"
3521,3,1,0,12931,"rid:3521:delayed"
3818,3,0,0,11266,"rid:3818:immediate"
3819,3,0,0,11258,"rid:3819:immediate"
3827,3,0,0,11210,"rid:3827:immediate"
3828,3,0,0,11206,"rid:3828:immediate"
3830,3,0,0,11191,"rid:3830:immediate"
3831,3,0,0,11185,"rid:3831:immediate"
3835,3,0,0,11163,"rid:3835:immediate"
3836,3,0,0,11158,"rid:3836:immediate"
3840,3,0,0,11139,"rid:3840:immediate"
3843,3,0,0,11126,"rid:3843:immediate"
3847,3,0,0,11115,"rid:3847:immediate"
3849,3,0,0,11108,"rid:3849:immediate"
3851,3,0,0,11099,"rid:3851:immediate"
3854,3,0,0,11088,"rid:3854:immediate"
3855,3,0,0,11085,"rid:3855:immediate"
3856,3,0,0,11081,"rid:3856:immediate"
3857,3,0,0,11074,"rid:3857:immediate"
3858,3,0,0,11070,"rid:3858:immediate"
3862,3,0,0,11053,"rid:3862:immediate"
3863,3,0,0,11050,"rid:3863:immediate"
3865,3,0,0,11042,"rid:3865:immediate"
2904,2,1,0,17107,"rid:2904:delayed"
3866,3,0,0,11472,"rid:3866:immediate"
3868,3,0,0,11465,"rid:3868:immediate"
3869,3,0,0,11462,"rid:3869:immediate"
3872,3,0,0,11447,"rid:3872:immediate"
3873,3,0,0,11444,"rid:3873:immediate"
3874,3,0,0,11441,"rid:3874:immediate"
3878,3,0,0,11423,"rid:3878:immediate"
3883,3,0,0,11399,"rid:3883:immediate"
3884,3,0,0,11395,"rid:3884:immediate"
3892,3,0,0,11358,"rid:3892:immediate"
3893,3,0,0,11353,"rid:3893:immediate"
3900,3,0,0,11322,"rid:3900:immediate"
3904,3,0,0,11300,"rid:3904:immediate"
3905,3,0,0,11297,"rid:3905:immediate"
3906,3,0,0,11292,"rid:3906:immediate"
3907,3,0,0,11288,"rid:3907:immediate"
3910,3,0,0,11275,"rid:3910:immediate"
3914,3,0,0,11265,"rid:3914:immediate"
3916,3,0,0,11249,"rid:3916:immediate"
3918,3,0,0,11139,"rid:3918:immediate"
3919,3,0,0,11137,"rid:3919:immediate"
3920,3,0,0,11134,"rid:3920:immediate"
3921,3,0,0,11131,"rid:3921:immediate"
3925,3,0,0,11115,"rid:3925:immediate"
3933,3,0,0,11069,"rid:3933:immediate"
3938,3,0,0,11041,"rid:3938:immediate"
3942,3,0,0,11026,"rid:3942:immediate"
3943,3,0,0,11025,"rid:3943:immediate"
3944,3,0,0,11023,"rid:3944:immediate"
3945,3,0,0,11021,"rid:3945:immediate"
3947,3,0,0,11015,"rid:3947:immediate"
3948,3,0,0,11013,"rid:3948:immediate"
3952,3,0,0,10997,"rid:3952:immediate"
3953,3,0,0,10995,"rid:3953:immediate"
3954,3,0,0,10993,"rid:3954:immediate"
3955,3,0,0,10993,"rid:3955:immediate"
3957,3,0,0,10995,"rid:3957:immediate"
3960,3,0,0,10984,"rid:3960:immediate"
3961,3,0,0,10983,"rid:3961:immediate"
3964,3,0,0,10969,"rid:3964:immediate"
3966,3,0,0,10962,"rid:3966:immediate"
3967,3,0,0,10959,"rid:3967:immediate"
3970,3,0,0,10947,"rid:3970:immediate"
3971,3,0,0,10945,"rid:3971:immediate"
3973,3,0,0,10937,"rid:3973:immediate"
3975,3,0,0,10930,"rid:3975:immediate"
3977,3,0,0,10922,"rid:3977:immediate"
3979,3,0,0,10913,"rid:3979:immediate"
3982,3,0,0,10901,"rid:3982:immediate"
3985,3,0,0,10889,"rid:3985:immediate"
3990,3,0,0,10864,"rid:3990:immediate"
3991,3,0,0,10861,"rid:3991:immediate"
3994,3,0,0,10850,"rid:3994:immediate"
3995,3,0,0,10845,"rid:3995:immediate"
3997,3,0,0,10828,"rid:3997:immediate"
3998,3,0,0,10834,"rid:3998:immediate"
2788,2,1,0,18339,"rid:2788:delayed"
2954,2,1,0,17372,"rid:2954:delayed"
3524,3,1,0,13501,"rid:3524:delayed"
2842,2,1,0,18014,"rid:2842:delayed"
3676,3,1,0,12619,"rid:3676:delayed"
3689,3,1,0,12563,"rid:3689:delayed"
2707,2,1,0,18860,"rid:2707:delayed"
3535,3,1,0,13453,"rid:3535:delayed"
3294,3,1,0,15164,"rid:3294:delayed"
3709,3,1,0,12485,"rid:3709:delayed"
3082,3,1,0,16575,"rid:3082:delayed"
3717,3,1,0,12453,"rid:3717:delayed"
3718,3,1,0,12449,"rid:3718:delayed"
3085,3,1,0,16563,"rid:3085:delayed"
3577,3,1,0,13187,"rid:3577:delayed"
3721,3,1,0,12438,"rid:3721:delayed"
3725,3,1,0,12423,"rid:3725:delayed"
3128,3,1,0,16169,"rid:3128:delayed"
3742,3,1,0,12265,"rid:3742:delayed"
3022,3,1,0,16979,"rid:3022:delayed"
3105,3,1,0,16400,"rid:3105:delayed"
3613,3,1,0,12996,"rid:3613:delayed"
3147,3,1,0,16057,"rid:3147:delayed"
3621,3,1,0,12950,"rid:3621:delayed"
3163,3,1,0,15958,"rid:3163:delayed"
3864,3,1,0,11632,"rid:3864:delayed"
3170,3,1,0,15931,"rid:3170:delayed"
3277,3,1,0,15264,"rid:3277:delayed"
3879,3,1,0,11564,"rid:3879:delayed"
3794,3,1,0,12001,"rid:3794:delayed"
3653,3,1,0,12738,"rid:3653:delayed"
3194,3,1,0,15747,"rid:3194:delayed"
3202,3,1,0,15709,"rid:3202:delayed"
3917,3,1,0,11377,"rid:3917:delayed"
3547,3,1,0,13412,"rid:3547:delayed"
3301,3,1,0,15147,"rid:3301:delayed"
3555,3,1,0,13377,"rid:3555:delayed"
3707,3,1,0,12511,"rid:3707:delayed"
3080,3,1,0,16633,"rid:3080:delayed"
3232,3,1,0,15515,"rid:3232:delayed"
3594,3,1,0,13130,"rid:3594:delayed"
3324,3,1,0,14939,"rid:3324:delayed"
3103,3,1,0,16431,"rid:3103:delayed"
3747,3,1,0,12237,"rid:3747:delayed"
3978,3,1,0,10977,"rid:3978:delayed"
3842,3,1,0,11740,"rid:3842:delayed"
3850,3,1,0,11709,"rid:3850:delayed"
3634,3,1,0,12856,"rid:3634:delayed"
3271,3,1,0,15306,"rid:3271:delayed"
3880,3,1,0,11574,"rid:3880:delayed"
3507,3,1,0,13731,"rid:3507:delayed"
3799,3,1,0,11986,"rid:3799:delayed"
3890,3,1,0,11528,"rid:3890:delayed"
3286,3,1,0,15237,"rid:3286:delayed"
3192,3,1,0,15810,"rid:3192:delayed"
3667,3,1,0,12691,"rid:3667:delayed"
3812,3,1,0,11926,"rid:3812:delayed"
3400,3,1,0,14411,"rid:3400:delayed"
3548,3,1,0,13424,"rid:3548:delayed"
3566,3,1,0,13262,"rid:3566:delayed"
3120,3,1,0,16240,"rid:3120:delayed"
3941,3,1,0,11161,"rid:3941:delayed"
3433,3,1,0,14239,"rid:3433:delayed"
2874,2,1,0,17889,"rid:2874:delayed"
2733,2,1,0,18662,"rid:2733:delayed"
3590,3,1,0,13164,"rid:3590:delayed"
3318,3,1,0,14988,"rid:3318:delayed"
3452,3,1,0,14090,"rid:3452:delayed"
3145,3,1,0,16097,"rid:3145:delayed"
3332,3,1,0,14790,"rid:3332:delayed"
3760,3,1,0,12197,"rid:3760:delayed"
3341,3,1,0,14745,"rid:3341:delayed"
3877,3,1,0,11604,"rid:3877:delayed"
3177,3,1,0,15919,"rid:3177:delayed"
3650,3,1,0,12782,"rid:3650:delayed"
3503,3,1,0,13770,"rid:3503:delayed"
3801,3,1,0,11994,"rid:3801:delayed"
3661,3,1,0,12733,"rid:3661:delayed"
3523,3,1,0,13563,"rid:3523:delayed"
2804,2,1,0,18324,"rid:2804:delayed"
3413,3,1,0,14368,"rid:3413:delayed"
2977,2,1,0,17324,"rid:2977:delayed"
2813,2,1,0,18279,"rid:2813:delayed"
2987,2,1,0,17263,"rid:2987:delayed"
3583,3,1,0,13213,"rid:3583:delayed"
3950,3,1,0,11143,"rid:3950:delayed"
3741,3,1,0,12320,"rid:3741:delayed"
3601,3,1,0,13137,"rid:3601:delayed"
3607,3,1,0,13109,"rid:3607:delayed"
3838,3,1,0,11795,"rid:3838:delayed"
3841,3,1,0,11782,"rid:3841:delayed"
3845,3,1,0,11765,"rid:3845:delayed"
3846,3,1,0,11761,"rid:3846:delayed"
3986,3,1,0,10976,"rid:3986:delayed"
2902,2,1,0,17749,"rid:2902:delayed"
3987,3,1,0,10973,"rid:3987:delayed"
3763,3,1,0,12203,"rid:3763:delayed"
3764,3,1,0,12197,"rid:3764:delayed"
3481,3,1,0,13938,"rid:3481:delayed"
3999,3,1,0,10901,"rid:3999:delayed"
3270,3,1,0,15350,"rid:3270:delayed"
3785,3,1,0,12090,"rid:3785:delayed"
3495,3,1,0,13873,"rid:3495:delayed"
2910,2,1,0,17727,"rid:2910:delayed"
3509,3,1,0,13761,"rid:3509:delayed"
2943,2,1,0,17490,"rid:2943:delayed"
3803,3,1,0,12010,"rid:3803:delayed"
3897,3,1,0,11537,"rid:3897:delayed"
3898,3,1,0,11534,"rid:3898:delayed"
3908,3,1,0,11482,"rid:3908:delayed"
2952,2,1,0,17458,"rid:2952:delayed"
2972,2,1,0,17368,"rid:2972:delayed"
3398,3,1,0,14461,"rid:3398:delayed"
3544,3,1,0,13484,"rid:3544:delayed"
3705,3,1,0,12576,"rid:3705:delayed"
3559,3,1,0,13417,"rid:3559:delayed"
3927,3,1,0,11283,"rid:3927:delayed"
3712,3,1,0,12548,"rid:3712:delayed"
3422,3,1,0,14349,"rid:3422:delayed"
2982,2,1,0,17325,"rid:2982:delayed"
2985,2,1,0,17297,"rid:2985:delayed"
3719,3,1,0,12528,"rid:3719:delayed"
3817,3,1,0,11949,"rid:3817:delayed"
3442,3,1,0,14187,"rid:3442:delayed"
3744,3,1,0,12338,"rid:3744:delayed"
3745,3,1,0,12521,"rid:3745:delayed"
3456,3,1,0,14299,"rid:3456:delayed"
3330,3,1,0,15051,"rid:3330:delayed"
3617,3,1,0,13259,"rid:3617:delayed"
3467,3,1,0,14233,"rid:3467:delayed"
3475,3,1,0,14194,"rid:3475:delayed"
3853,3,1,0,11965,"rid:3853:delayed"
3993,3,1,0,11171,"rid:3993:delayed"
3484,3,1,0,14154,"rid:3484:delayed"
3887,3,1,0,11808,"rid:3887:delayed"
3800,3,1,0,12248,"rid:3800:delayed"
3891,3,1,0,11791,"rid:3891:delayed"
3392,3,1,0,14715,"rid:3392:delayed"
3693,3,1,0,12846,"rid:3693:delayed"
3580,3,1,0,13469,"rid:3580:delayed"
3432,3,1,0,14510,"rid:3432:delayed"
3584,3,1,0,13453,"rid:3584:delayed"
3307,3,1,0,15332,"rid:3307:delayed"
3823,3,1,0,12127,"rid:3823:delayed"
3956,3,1,0,11362,"rid:3956:delayed"
3323,3,1,0,15226,"rid:3323:delayed"
3455,3,1,0,14335,"rid:3455:delayed"
3972,3,1,0,11287,"rid:3972:delayed"
3459,3,1,0,14294,"rid:3459:delayed"
3333,3,1,0,15048,"rid:3333:delayed"
3349,3,1,0,14971,"rid:3349:delayed"
3797,3,1,0,12275,"rid:3797:delayed"
3885,3,1,0,11829,"rid:3885:delayed"
3808,3,1,0,12226,"rid:3808:delayed"
3405,3,1,0,14661,"rid:3405:delayed"
3409,3,1,0,14641,"rid:3409:delayed"
3410,3,1,0,14637,"rid:3410:delayed"
3930,3,1,0,11498,"rid:3930:delayed"
3417,3,1,0,14608,"rid:3417:delayed"
3932,3,1,0,11487,"rid:3932:delayed"
3570,3,1,0,13522,"rid:3570:delayed"
3576,3,1,0,13499,"rid:3576:delayed"
3949,3,1,0,11404,"rid:3949:delayed"
3729,3,1,0,12714,"rid:3729:delayed"
3824,3,1,0,12135,"rid:3824:delayed"
3620,3,1,0,13259,"rid:3620:delayed"
3861,3,1,0,11949,"rid:3861:delayed"
3778,3,1,0,12367,"rid:3778:delayed"
3497,3,1,0,14112,"rid:3497:delayed"
3807,3,1,0,12881,"rid:3807:delayed"
3895,3,1,0,12437,"rid:3895:delayed"
3814,3,1,0,12844,"rid:3814:delayed"
3913,3,1,0,12350,"rid:3913:delayed"
3561,3,1,0,14295,"rid:3561:delayed"
3565,3,1,0,14197,"rid:3565:delayed"
3936,3,1,0,12117,"rid:3936:delayed"
3591,3,1,0,14088,"rid:3591:delayed"
3593,3,1,0,14079,"rid:3593:delayed"
3599,3,1,0,14099,"rid:3599:delayed"
3969,3,1,0,12011,"rid:3969:delayed"
3762,3,1,0,13160,"rid:3762:delayed"
3647,3,1,0,13762,"rid:3647:delayed"
3901,3,1,0,12461,"rid:3901:delayed"
3911,3,1,0,12412,"rid:3911:delayed"
3926,3,1,0,12351,"rid:3926:delayed"
3935,3,1,0,12297,"rid:3935:delayed"
3940,3,1,0,12272,"rid:3940:delayed"
3723,3,1,0,13733,"rid:3723:delayed"
3951,3,1,0,12393,"rid:3951:delayed"
3734,3,1,0,13620,"rid:3734:delayed"
3825,3,1,0,13128,"rid:3825:delayed"
3829,3,1,0,13104,"rid:3829:delayed"
3965,3,1,0,12634,"rid:3965:delayed"
3753,3,1,0,13810,"rid:3753:delayed"
3757,3,1,0,13794,"rid:3757:delayed"
3768,3,1,0,13735,"rid:3768:delayed"
3996,3,1,0,12479,"rid:3996:delayed"
3780,3,1,0,13672,"rid:3780:delayed"
3875,3,1,0,13354,"rid:3875:delayed"
3876,3,1,0,13357,"rid:3876:delayed"
3899,3,1,0,13391,"rid:3899:delayed"
3912,3,1,0,13457,"rid:3912:delayed"
3923,3,1,0,13297,"rid:3923:delayed"
3820,3,1,0,14123,"rid:3820:delayed"
3958,3,1,0,13333,"rid:3958:delayed"
3988,3,1,0,13392,"rid:3988:delayed"
3859,3,1,0,14272,"rid:3859:delayed"
3882,3,1,0,14337,"rid:3882:delayed"
3934,3,1,0,14271,"rid:3934:delayed"
3946,3,1,0,14405,"rid:3946:delayed"
3822,3,1,0,15137,"rid:3822:delayed"
3837,3,1,0,15199,"rid:3837:delayed"
3976,3,1,0,14429,"rid:3976:delayed"
3844,3,1,0,15175,"rid:3844:delayed"
3871,3,1,0,15245,"rid:3871:delayed"
3939,3,1,0,15312,"rid:3939:delayed"
3968,3,1,0,15348,"rid:3968:delayed"
3989,3,1,0,15352,"rid:3989:delayed"
3008,3,2,-1,5936553,
3013,3,2,-1,5936504,
3015,3,2,-1,5936485,
3018,3,2,-1,5936469,
3019,3,2,-1,5936465,
3024,3,2,-1,5936444,
3042,3,2,-1,5936295,
3051,3,2,-1,5936234,
3052,3,2,-1,5936230,
3054,3,2,-1,5936222,
3057,3,2,-1,5936210,
3064,3,2,-1,5936179,
3065,3,2,-1,5936171,
3067,3,2,-1,5936161,
3072,3,2,-1,5936151,
3073,3,2,-1,5936146,
3096,3,2,-1,5935998,
3097,3,2,-1,5936177,
3102,3,2,-1,5936112,
3107,3,2,-1,5936052,
3115,3,2,-1,5935918,
3121,3,2,-1,5935898,
3132,3,2,-1,5935844,
3134,3,2,-1,5935836,
3135,3,2,-1,5935808,
3150,3,2,-1,5935728,
3152,3,2,-1,5935720,
3153,3,2,-1,5935717,
3157,3,2,-1,5935683,
3158,3,2,-1,5935676,
3159,3,2,-1,5935669,
3160,3,2,-1,5935666,
3173,3,2,-1,5935610,
3186,3,2,-1,5935519,
3189,3,2,-1,5935505,
3190,3,2,-1,5935501,
3193,3,2,-1,5935452,
3195,3,2,-1,5935442,
3196,3,2,-1,5935437,
3203,3,2,-1,5935404,
3208,3,2,-1,5935382,
3210,3,2,-1,5935371,
3213,3,2,-1,5935357,
3218,3,2,-1,5935333,
3225,3,2,-1,5935268,
3230,3,2,-1,5935235,
3243,3,2,-1,5935150,
3244,3,2,-1,5935146,
3249,3,2,-1,5935079,
3256,3,2,-1,5935055,
3272,3,2,-1,5934997,
3274,3,2,-1,5934987,
3275,3,2,-1,5934982,
3279,3,2,-1,5934964,
3285,3,2,-1,5934934,
3287,3,2,-1,5934923,
3289,3,2,-1,5934914,
3291,3,2,-1,5934903,
3297,3,2,-1,5934873,
3298,3,2,-1,5934868,
3302,3,2,-1,5934846,
3309,3,2,-1,5934743,
3311,3,2,-1,5934713,
3314,3,2,-1,5934698,
3317,3,2,-1,5934680,
3319,3,2,-1,5934673,
3320,3,2,-1,5934670,
3321,3,2,-1,5934666,
3328,3,2,-1,5934503,
3336,3,2,-1,5934462,
3337,3,2,-1,5934458,
3339,3,2,-1,5934448,
3356,3,2,-1,5934365,
3368,3,2,-1,5934307,
3370,3,2,-1,5934298,
3371,3,2,-1,5934294,
3373,3,2,-1,5934285,
3375,3,2,-1,5934288,
3382,3,2,-1,5934253,
3383,3,2,-1,5934248,
3384,3,2,-1,5934244,
3386,3,2,-1,5934235,
3394,3,2,-1,5934174,
3397,3,2,-1,5934160,
3406,3,2,-1,5934117,
3407,3,2,-1,5934110,
3414,3,2,-1,5934079,
3418,3,2,-1,5934062,
3420,3,2,-1,5934051,
3424,3,2,-1,5934023,
3425,3,2,-1,5934018,
3427,3,2,-1,5934010,
3436,3,2,-1,5933905,
3439,3,2,-1,5933890,
3440,3,2,-1,5933886,
3444,3,2,-1,5933864,
3450,3,2,-1,5933833,
3458,3,2,-1,5933770,
3461,3,2,-1,5933747,
3464,3,2,-1,5933737,
3465,3,2,-1,5933733,
3466,3,2,-1,5933728,
3468,3,2,-1,5933716,
3469,3,2,-1,5933713,
3472,3,2,-1,5933699,
3473,3,2,-1,5933695,
3476,3,2,-1,5933682,
3478,3,2,-1,5933678,
3479,3,2,-1,5933674,
3480,3,2,-1,5933669,
3486,3,2,-1,5933644,
3489,3,2,-1,5933631,
3490,3,2,-1,5933629,
3491,3,2,-1,5933625,
3493,3,2,-1,5933618,
3502,3,2,-1,5933546,
3511,3,2,-1,5933503,
3517,3,2,-1,5933456,
3519,3,2,-1,5933364,
3520,3,2,-1,5933358,
3529,3,2,-1,5933318,
3534,3,2,-1,5933296,
3536,3,2,-1,5933351,
3539,3,2,-1,5933340,
3546,3,2,-1,5933308,
3549,3,2,-1,5933295,
3550,3,2,-1,5933291,
3551,3,2,-1,5933287,
3556,3,2,-1,5933265,
3557,3,2,-1,5933296,
3560,3,2,-1,5933283,
3562,3,2,-1,5933195,
3563,3,2,-1,5933189,
3567,3,2,-1,5933172,
3568,3,2,-1,5933168,
3571,3,2,-1,5933156,
3578,3,2,-1,5933128,
3592,3,2,-1,5933076,
3595,3,2,-1,5933064,
3600,3,2,-1,5933043,
3603,3,2,-1,5933029,
3605,3,2,-1,5933021,
3609,3,2,-1,5933003,
3615,3,2,-1,5932940,
3619,3,2,-1,5932914,
3622,3,2,-1,5932889,
3623,3,2,-1,5932885,
3632,3,2,-1,5932810,
3644,3,2,-1,5932726,
3648,3,2,-1,5932710,
3649,3,2,-1,5932706,
3656,3,2,-1,5932673,
3662,3,2,-1,5932650,
3666,3,2,-1,5932637,
3668,3,2,-1,5932629,
3669,3,2,-1,5932626,
3679,3,2,-1,5932583,
3683,3,2,-1,5932569,
3684,3,2,-1,5932569,
3685,3,2,-1,5932565,
3686,3,2,-1,5932563,
3687,3,2,-1,5932560,
3690,3,2,-1,5932546,
3702,3,2,-1,5932506,
3704,3,2,-1,5932499,
3713,3,2,-1,5932466,
3722,3,2,-1,5932436,
3735,3,2,-1,5932330,
3738,3,2,-1,5932318,
3746,3,2,-1,5932252,
3749,3,2,-1,5932238,
3759,3,2,-1,5932196,
3765,3,2,-1,5932171,
3772,3,2,-1,5932129,
3774,3,2,-1,5932118,
3777,3,2,-1,5932103,
3781,3,2,-1,5932093,
3786,3,2,-1,5932076,
3789,3,2,-1,5932065,
3793,3,2,-1,5932072,
3810,3,2,-1,5931990,
3815,3,2,-1,5931961,
3821,3,2,-1,5931929,
3826,3,2,-1,5931909,
3832,3,2,-1,5931870,
3833,3,2,-1,5931865,
3834,3,2,-1,5931860,
3839,3,2,-1,5931836,
3848,3,2,-1,5931804,
3852,3,2,-1,5931788,
3860,3,2,-1,5931757,
3867,3,2,-1,5931731,
3870,3,2,-1,5931718,
3881,3,2,-1,5931689,
3886,3,2,-1,5931667,
3888,3,2,-1,5931657,
3889,3,2,-1,5931654,
3894,3,2,-1,5931635,
3896,3,2,-1,5931626,
3902,3,2,-1,5931601,
3903,3,2,-1,5931594,
3909,3,2,-1,5931573,
3915,3,2,-1,5931545,
3922,3,2,-1,5931406,
3924,3,2,-1,5931398,
3928,3,2,-1,5931377,
3929,3,2,-1,5931373,
3931,3,2,-1,5931366,
3937,3,2,-1,5931330,
3959,3,2,-1,5931263,
3962,3,2,-1,5931250,
3963,3,2,-1,5931244,
3974,3,2,-1,5931194,
3980,3,2,-1,5931165,
3981,3,2,-1,5931160,
3983,3,2,-1,5931155,
3984,3,2,-1,5931150,
3992,3,2,-1,5931110,
4000,3,2,-1,5931062,
12,0,2,-1,5957046,
14,0,2,-1,5957042,
15,0,2,-1,5957032,
19,0,2,-1,5957013,
24,0,2,-1,5956989,
25,0,2,-1,5956986,
28,0,2,-1,5956964,
31,0,2,-1,5956948,
33,0,2,-1,5956938,
36,0,2,-1,5956921,
37,0,2,-1,5956914,
38,0,2,-1,5956909,
44,0,2,-1,5956852,
47,0,2,-1,5956839,
55,0,2,-1,5956762,
57,0,2,-1,5956756,
62,0,2,-1,5956738,
63,0,2,-1,5956737,
66,0,2,-1,5956719,
67,0,2,-1,5956715,
70,0,2,-1,5956705,
73,0,2,-1,5956675,
75,0,2,-1,5956666,
80,0,2,-1,5956624,
1006,1,2,-1,5951011,
90,0,2,-1,5956560,
99,0,2,-1,5956838,
1014,1,2,-1,5951272,
1016,1,2,-1,5951246,
1017,1,2,-1,5951242,
1018,1,2,-1,5951238,
1019,1,2,-1,5951235,
1022,1,2,-1,5951219,
1026,1,2,-1,5951196,
1027,1,2,-1,5951192,
103,0,2,-1,5956825,
1034,1,2,-1,5951160,
105,0,2,-1,5956819,
109,0,2,-1,5956867,
1041,1,2,-1,5951187,
1043,1,2,-1,5951178,
1044,1,2,-1,5951173,
1048,1,2,-1,5951144,
126,0,2,-1,5956744,
1055,1,2,-1,5951103,
1057,1,2,-1,5951090,
137,0,2,-1,5956699,
1059,1,2,-1,5951080,
1069,1,2,-1,5950954,
1071,1,2,-1,5950946,
151,0,2,-1,5956627,
1072,1,2,-1,5950922,
156,0,2,-1,5956606,
1081,1,2,-1,5950863,
1087,1,2,-1,5950834,
1088,1,2,-1,5950831,
174,0,2,-1,5956493,
1089,1,2,-1,5950828,
178,0,2,-1,5956478,
1093,1,2,-1,5950811,
179,0,2,-1,5956474,
1094,1,2,-1,5950804,
183,0,2,-1,5956444,
1096,1,2,-1,5950796,
190,0,2,-1,5956414,
1101,1,2,-1,5950759,
1104,1,2,-1,5950742,
198,0,2,-1,5956364,
1105,1,2,-1,5950738,
1107,1,2,-1,5950730,
205,0,2,-1,5956335,
207,0,2,-1,5956326,
1111,1,2,-1,5950713,
208,0,2,-1,5956323,
209,0,2,-1,5956320,
1115,1,2,-1,5950589,
211,0,2,-1,5956313,
1116,1,2,-1,5950586,
214,0,2,-1,5956304,
1120,1,2,-1,5950565,
219,0,2,-1,5956285,
221,0,2,-1,5956276,
1124,1,2,-1,5950548,
222,0,2,-1,5956269,
1129,1,2,-1,5950522,
225,0,2,-1,5956257,
1138,1,2,-1,5950452,
236,0,2,-1,5956207,
1146,1,2,-1,5950398,
240,0,2,-1,5956189,
245,0,2,-1,5956992,
1148,1,2,-1,5951213,
246,0,2,-1,5956992,
1154,1,2,-1,5951186,
1155,1,2,-1,5951183,
1157,1,2,-1,5951175,
1159,1,2,-1,5951165,
1160,1,2,-1,5951161,
263,0,2,-1,5956896,
264,0,2,-1,5956893,
1165,1,2,-1,5951130,
1167,1,2,-1,5951122,
273,0,2,-1,5956849,
1173,1,2,-1,5951063,
276,0,2,-1,5956834,
282,0,2,-1,5956813,
1177,1,2,-1,5951048,
1181,1,2,-1,5951031,
1184,1,2,-1,5951019,
292,0,2,-1,5956774,
293,0,2,-1,5956771,
1189,1,2,-1,5951000,
1193,1,2,-1,5950983,
1194,1,2,-1,5950979,
302,0,2,-1,5956711,
306,0,2,-1,5956694,
309,0,2,-1,5956681,
1207,1,2,-1,5950861,
314,0,2,-1,5956638,
1217,1,2,-1,5950818,
1218,1,2,-1,5950814,
1219,1,2,-1,5950811,
328,0,2,-1,5956579,
1228,1,2,-1,5950772,
330,0,2,-1,5956573,
333,0,2,-1,5956559,
335,0,2,-1,5956552,
1235,1,2,-1,5950732,
336,0,2,-1,5956549,
337,0,2,-1,5956545,
1238,1,2,-1,5950721,
1239,1,2,-1,5950718,
341,0,2,-1,5956529,
344,0,2,-1,5956517,
1248,1,2,-1,5950677,
1249,1,2,-1,5950667,
1250,1,2,-1,5950662,
1256,1,2,-1,5950635,
364,0,2,-1,5956356,
1263,1,2,-1,5950576,
371,0,2,-1,5956324,
375,0,2,-1,5956292,
1271,1,2,-1,5950527,
376,0,2,-1,5956288,
384,0,2,-1,5956252,
1281,1,2,-1,5950489,
1283,1,2,-1,5950481,
1285,1,2,-1,5950474,
1287,1,2,-1,5950465,
398,0,2,-1,5956192,
1290,1,2,-1,5950453,
400,0,2,-1,5956185,
1293,1,2,-1,5950440,
404,0,2,-1,5956140,
1296,1,2,-1,5950428,
405,0,2,-1,5956137,
1306,1,2,-1,5950385,
411,0,2,-1,5956087,
412,0,2,-1,5956083,
1310,1,2,-1,5950370,
414,0,2,-1,5956077,
1311,1,2,-1,5950366,
415,0,2,-1,5956071,
420,0,2,-1,5956049,
424,0,2,-1,5956033,
425,0,2,-1,5956009,
1331,1,2,-1,5950239,
1332,1,2,-1,5950235,
432,0,2,-1,5955962,
1337,1,2,-1,5950211,
440,0,2,-1,5955913,
441,0,2,-1,5955906,
444,0,2,-1,5955883,
445,0,2,-1,5955879,
446,0,2,-1,5955875,
1359,1,2,-1,5950062,
1361,1,2,-1,5950053,
460,0,2,-1,5955741,
462,0,2,-1,5955728,
463,0,2,-1,5955723,
1369,1,2,-1,5949989,
1370,1,2,-1,5949985,
1371,1,2,-1,5949981,
469,0,2,-1,5955696,
1377,1,2,-1,5949954,
1379,1,2,-1,5949945,
476,0,2,-1,5955642,
477,0,2,-1,5955624,
485,0,2,-1,5955562,
1395,1,2,-1,5949875,
487,0,2,-1,5955554,
1396,1,2,-1,5949871,
1397,1,2,-1,5949867,
490,0,2,-1,5955545,
1400,1,2,-1,5949853,
510,0,2,-1,5955382,
1406,1,2,-1,5949825,
511,0,2,-1,5955379,
1409,1,2,-1,5949812,
513,0,2,-1,5955370,
1411,1,2,-1,5949804,
517,0,2,-1,5955336,
1413,1,2,-1,5949794,
1417,1,2,-1,5949776,
1420,1,2,-1,5949829,
1423,1,2,-1,5949810,
1437,1,2,-1,5949685,
524,0,2,-1,5955373,
2001,2,2,-1,5946251,
1444,1,2,-1,5949656,
532,0,2,-1,5955340,
1447,1,2,-1,5949639,
535,0,2,-1,5955328,
1451,1,2,-1,5949621,
539,0,2,-1,5955310,
541,0,2,-1,5955303,
543,0,2,-1,5955294,
1460,1,2,-1,5949575,
544,0,2,-1,5955291,
1469,1,2,-1,5949536,
1481,1,2,-1,5949479,
2024,2,2,-1,5946125,
1488,1,2,-1,5949443,
2025,2,2,-1,5946123,
1489,1,2,-1,5949439,
1491,1,2,-1,5949430,
2028,2,2,-1,5946115,
560,0,2,-1,5955228,
2029,2,2,-1,5946112,
1497,1,2,-1,5949399,
563,0,2,-1,5955215,
1501,1,2,-1,5949382,
565,0,2,-1,5955181,
568,0,2,-1,5955137,
1512,1,2,-1,5949332,
1516,1,2,-1,5949303,
2044,2,2,-1,5945992,
1520,1,2,-1,5949250,
583,0,2,-1,5955073,
1524,1,2,-1,5949233,
588,0,2,-1,5955055,
1525,1,2,-1,5949230,
591,0,2,-1,5955044,
2053,2,2,-1,5945951,
1531,1,2,-1,5949204,
2054,2,2,-1,5945949,
597,0,2,-1,5954985,
1540,1,2,-1,5949164,
600,0,2,-1,5954976,
601,0,2,-1,5954973,
1543,1,2,-1,5949148,
2064,2,2,-1,5945863,
604,0,2,-1,5954953,
1546,1,2,-1,5949133,
2065,2,2,-1,5945860,
608,0,2,-1,5954939,
1547,1,2,-1,5949131,
1548,1,2,-1,5949127,
611,0,2,-1,5954931,
2069,2,2,-1,5945839,
613,0,2,-1,5954925,
1552,1,2,-1,5949107,
2072,2,2,-1,5945828,
1560,1,2,-1,5949010,
622,0,2,-1,5954863,
2076,2,2,-1,5945810,
1562,1,2,-1,5949001,
2078,2,2,-1,5945718,
630,0,2,-1,5954834,
1568,1,2,-1,5948972,
2079,2,2,-1,5945712,
633,0,2,-1,5954825,
1569,1,2,-1,5948970,
636,0,2,-1,5954815,
2085,2,2,-1,5945670,
644,0,2,-1,5954781,
1587,1,2,-1,5948883,
1589,1,2,-1,5948874,
2090,2,2,-1,5945634,
648,0,2,-1,5954765,
1593,1,2,-1,5948857,
1594,1,2,-1,5948853,
1595,1,2,-1,5948849,
662,0,2,-1,5954687,
2102,2,2,-1,5945336,
1598,1,2,-1,5948793,
663,0,2,-1,5954619,
1600,1,2,-1,5948785,
664,0,2,-1,5954614,
2105,2,2,-1,5945286,
1601,1,2,-1,5948778,
2107,2,2,-1,5945276,
1606,1,2,-1,5948743,
670,0,2,-1,5954579,
2108,2,2,-1,5945327,
1612,1,2,-1,5948757,
2114,2,2,-1,5945298,
683,0,2,-1,5954573,
1627,1,2,-1,5948672,
695,0,2,-1,5954517,
1633,1,2,-1,5948648,
2125,2,2,-1,5945222,
696,0,2,-1,5954515,
1638,1,2,-1,5948613,
698,0,2,-1,5954505,
2129,2,2,-1,5945201,
699,0,2,-1,5954502,
701,0,2,-1,5954493,
1643,1,2,-1,5948593,
703,0,2,-1,5954484,
1645,1,2,-1,5948584,
2137,2,2,-1,5944998,
704,0,2,-1,5954481,
1650,1,2,-1,5948560,
2141,2,2,-1,5944903,
1653,1,2,-1,5948547,
717,0,2,-1,5954333,
1656,1,2,-1,5948530,
1658,1,2,-1,5948522,
2147,2,2,-1,5944873,
723,0,2,-1,5954309,
2150,2,2,-1,5944849,
1666,1,2,-1,5948487,
731,0,2,-1,5954267,
2151,2,2,-1,5944846,
1667,1,2,-1,5948484,
2152,2,2,-1,5944842,
741,0,2,-1,5954223,
1672,1,2,-1,5948461,
1673,1,2,-1,5948456,
2154,2,2,-1,5944831,
1677,1,2,-1,5948439,
2159,2,2,-1,5944809,
762,0,2,-1,5953985,
2161,2,2,-1,5944801,
764,0,2,-1,5953976,
765,0,2,-1,5953973,
1698,1,2,-1,5948299,
2166,2,2,-1,5944781,
766,0,2,-1,5953969,
2167,2,2,-1,5944722,
768,0,2,-1,5953962,
2170,2,2,-1,5944704,
779,0,2,-1,5953911,
791,0,2,-1,5953851,
796,0,2,-1,5953828,
1710,1,2,-1,5948252,
2174,2,2,-1,5944654,
1712,1,2,-1,5948245,
803,0,2,-1,5953800,
1715,1,2,-1,5948232,
804,0,2,-1,5953800,
2180,2,2,-1,5944632,
1716,1,2,-1,5948232,
806,0,2,-1,5953793,
2183,2,2,-1,5944619,
808,0,2,-1,5953784,
1721,1,2,-1,5948212,
1722,1,2,-1,5948208,
816,0,2,-1,5953732,
1724,1,2,-1,5948200,
1726,1,2,-1,5948193,
2194,2,2,-1,5944569,
1727,1,2,-1,5948189,
824,0,2,-1,5953622,
2195,2,2,-1,5944567,
828,0,2,-1,5953600,
1731,1,2,-1,5948174,
2197,2,2,-1,5944559,
834,0,2,-1,5953574,
1739,1,2,-1,5948142,
2204,2,2,-1,5944522,
1741,1,2,-1,5948134,
842,0,2,-1,5953539,
2205,2,2,-1,5944518,
1743,1,2,-1,5948126,
2206,2,2,-1,5944514,
850,0,2,-1,5953499,
1750,1,2,-1,5948094,
2209,2,2,-1,5944497,
851,0,2,-1,5953497,
1753,1,2,-1,5948081,
1754,1,2,-1,5948077,
1755,1,2,-1,5948072,
858,0,2,-1,5953460,
2217,2,2,-1,5944437,
860,0,2,-1,5953453,
2219,2,2,-1,5944429,
1765,1,2,-1,5947927,
870,0,2,-1,5953410,
2222,2,2,-1,5944417,
2225,2,2,-1,5944401,
880,0,2,-1,5953341,
1778,1,2,-1,5947788,
881,0,2,-1,5953336,
885,0,2,-1,5953320,
2230,2,2,-1,5944310,
1779,1,2,-1,5947785,
1782,1,2,-1,5947767,
894,0,2,-1,5953287,
1785,1,2,-1,5947751,
2234,2,2,-1,5944292,
896,0,2,-1,5953280,
1790,1,2,-1,5947727,
899,0,2,-1,5953270,
2242,2,2,-1,5944176,
1795,1,2,-1,5947703,
906,0,2,-1,5953245,
910,0,2,-1,5953229,
1805,1,2,-1,5947654,
911,0,2,-1,5953224,
2254,2,2,-1,5944118,
1807,1,2,-1,5947645,
914,0,2,-1,5953191,
2261,2,2,-1,5944088,
921,0,2,-1,5953119,
1819,1,2,-1,5947584,
1821,1,2,-1,5947563,
932,0,2,-1,5953057,
1828,1,2,-1,5947508,
2270,2,2,-1,5944051,
935,0,2,-1,5953047,
1834,1,2,-1,5947476,
937,0,2,-1,5953037,
1840,1,2,-1,5947443,
943,0,2,-1,5953013,
2280,2,2,-1,5944006,
1841,1,2,-1,5947440,
945,0,2,-1,5953007,
946,0,2,-1,5953003,
2284,2,2,-1,5943990,
1846,1,2,-1,5947416,
948,0,2,-1,5952998,
949,0,2,-1,5952948,
1848,1,2,-1,5947407,
2288,2,2,-1,5943973,
1851,1,2,-1,5947392,
1857,1,2,-1,5947358,
2294,2,2,-1,5943948,
1858,1,2,-1,5947353,
972,0,2,-1,5952837,
974,0,2,-1,5952814,
1865,1,2,-1,5947241,
1866,1,2,-1,5947236,
986,0,2,-1,5952765,
1873,1,2,-1,5947205,
2314,2,2,-1,5943856,
990,0,2,-1,5952752,
1876,1,2,-1,5947185,
2319,2,2,-1,5943828,
996,0,2,-1,5952722,
1882,1,2,-1,5947162,
998,0,2,-1,5952715,
2320,2,2,-1,5943824,
1883,1,2,-1,5947159,
1884,1,2,-1,5947155,
2321,2,2,-1,5943822,
1885,1,2,-1,5947152,
1887,1,2,-1,5947143,
2330,2,2,-1,5943781,
1892,1,2,-1,5947122,
2332,2,2,-1,5943774,
1897,1,2,-1,5947102,
2334,2,2,-1,5943765,
1907,1,2,-1,5946939,
1913,1,2,-1,5946824,
2344,2,2,-1,5943713,
1914,1,2,-1,5946820,
1915,1,2,-1,5946817,
1916,1,2,-1,5946812,
1919,1,2,-1,5946799,
2358,2,2,-1,5943651,
1924,1,2,-1,5946780,
2363,2,2,-1,5943630,
1930,1,2,-1,5946752,
1934,1,2,-1,5946735,
1941,1,2,-1,5946704,
2380,2,2,-1,5943493,
1952,1,2,-1,5946656,
2387,2,2,-1,5943461,
1961,1,2,-1,5946619,
1964,1,2,-1,5946606,
2390,2,2,-1,5943407,
1965,1,2,-1,5946603,
1966,1,2,-1,5946600,
2397,2,2,-1,5943374,
1972,1,2,-1,5946571,
1973,1,2,-1,5947326,
2402,2,2,-1,5944060,
1984,1,2,-1,5947284,
2407,2,2,-1,5944036,
1987,1,2,-1,5947273,
2413,2,2,-1,5944011,
2000,1,2,-1,5947216,
2415,2,2,-1,5944003,
2418,2,2,-1,5943988,
2427,2,2,-1,5943926,
2428,2,2,-1,5943923,
2440,2,2,-1,5943854,
2442,2,2,-1,5943846,
2447,2,2,-1,5943800,
2451,2,2,-1,5943785,
2452,2,2,-1,5943781,
2455,2,2,-1,5943771,
2464,2,2,-1,5943733,
2474,2,2,-1,5943650,
2475,2,2,-1,5943645,
2489,2,2,-1,5943562,
2499,2,2,-1,5943514,
2500,2,2,-1,5943510,
2502,2,2,-1,5943501,
2506,2,2,-1,5943483,
2510,2,2,-1,5943467,
2516,2,2,-1,5943405,
2521,2,2,-1,5943329,
2525,2,2,-1,5943262,
2529,2,2,-1,5943227,
2530,2,2,-1,5943224,
2537,2,2,-1,5943078,
2554,2,2,-1,5943004,
2561,2,2,-1,5942976,
2562,2,2,-1,5942972,
2572,2,2,-1,5942910,
2577,2,2,-1,5942880,
2583,2,2,-1,5942743,
2584,2,2,-1,5942732,
2587,2,2,-1,5942719,
2600,2,2,-1,5942563,
2604,2,2,-1,5942522,
2621,2,2,-1,5942380,
2622,2,2,-1,5942376,
2625,2,2,-1,5942360,
2628,2,2,-1,5942346,
2631,2,2,-1,5942331,
2633,2,2,-1,5942320,
2635,2,2,-1,5942307,
2643,2,2,-1,5942243,
2644,2,2,-1,5942233,
2648,2,2,-1,5942208,
2649,2,2,-1,5942205,
2650,2,2,-1,5942201,
2660,2,2,-1,5942132,
2668,2,2,-1,5942098,
2670,2,2,-1,5942092,
2674,2,2,-1,5942076,
2677,2,2,-1,5942062,
2678,2,2,-1,5942056,
2683,2,2,-1,5942032,
2684,2,2,-1,5941899,
2686,2,2,-1,5941888,
2688,2,2,-1,5941878,
2692,2,2,-1,5941860,
2694,2,2,-1,5941851,
2701,2,2,-1,5941816,
2708,2,2,-1,5941779,
2709,2,2,-1,5941776,
2723,2,2,-1,5941636,
2729,2,2,-1,5941599,
2740,2,2,-1,5941513,
2749,2,2,-1,5941465,
2760,2,2,-1,5941414,
2761,2,2,-1,5941409,
2764,2,2,-1,5941396,
2768,2,2,-1,5941379,
2776,2,2,-1,5941325,
2781,2,2,-1,5941304,
2787,2,2,-1,5941278,
2795,2,2,-1,5941240,
2803,2,2,-1,5941204,
2807,2,2,-1,5941187,
2828,2,2,-1,5941016,
2829,2,2,-1,5941012,
2832,2,2,-1,5940998,
2837,2,2,-1,5940973,
2843,2,2,-1,5940946,
2846,2,2,-1,5940934,
2849,2,2,-1,5940921,
2851,2,2,-1,5940914,
2853,2,2,-1,5940906,
2856,2,2,-1,5940895,
2878,2,2,-1,5940732,
2882,2,2,-1,5940717,
2887,2,2,-1,5940683,
2888,2,2,-1,5940680,
2892,2,2,-1,5940664,
2893,2,2,-1,5940662,
2900,2,2,-1,5940632,
2906,2,2,-1,5940612,
2908,2,2,-1,5940605,
2913,2,2,-1,5940588,
2915,2,2,-1,5940580,
2933,2,2,-1,5940405,
2935,2,2,-1,5940397,
2938,2,2,-1,5940384,
2947,2,2,-1,5940348,
2948,2,2,-1,5940345,
2953,2,2,-1,5940326,
2956,2,2,-1,5940312,
2963,2,2,-1,5940284,
2970,2,2,-1,5940249,
2976,2,2,-1,5940220,
2993,2,2,-1,5940126,
2994,2,2,-1,5940123,
