# Unity NavMesh OBJ Export
# Export Time: 2026/7/13 14:05:28

v 297.966600 4.799995 234.500000
v 297.966600 4.741661 236.366700
v 298.666700 4.799995 236.950000
v 298.666700 4.799995 231.233300
v 298.083300 4.799995 232.750000
v 323.633300 4.625000 210.116700
v 324.100000 4.566666 210.116700
v 323.750000 4.625000 209.883300
v 325.033300 4.449997 210.116700
v 326.550000 4.333328 210.116700
v 325.616700 4.333328 209.883300
v 324.100000 4.566666 210.116700
v 323.633300 4.625000 210.116700
v 323.050000 4.741661 210.583300
v 325.033300 4.449997 210.116700
v 324.100000 4.566666 210.116700
v 323.050000 4.741661 210.583300
v 328.533300 4.333328 210.583300
v 326.550000 4.333328 210.116700
v 325.033300 4.449997 210.116700
v 323.050000 4.741661 210.583300
v 323.050000 4.625000 238.933300
v 328.533300 4.333328 238.933300
v 315.466600 5.383331 213.383300
v 313.133300 5.383331 212.916700
v 312.433300 5.441666 213.616700
v 298.666700 4.799995 231.233300
v 298.666700 4.799995 236.950000
v 299.250000 4.741661 237.766700
v 315.466600 5.383331 213.383300
v 312.433300 5.441666 213.616700
v 308.933300 5.674995 215.950000
v 298.666700 4.799995 231.233300
v 299.250000 4.741661 237.766700
v 299.483300 4.625000 238.933300
v 303.800000 5.441666 220.150000
v 300.183300 4.916664 225.983300
v 298.666700 4.799995 231.233300
v 315.466600 5.383331 213.383300
v 308.933300 5.674995 215.950000
v 303.800000 5.441666 220.150000
v 298.666700 4.799995 231.233300
v 299.483300 4.625000 238.933300
v 315.466600 4.858330 238.933300
v 351.050000 4.333328 211.750000
v 350.466700 4.333328 211.283300
v 349.183300 4.333328 211.166700
v 335.300000 4.333328 211.050000
v 333.783300 4.333328 211.283300
v 333.200000 4.333328 211.750000
v 347.783300 4.333328 209.883300
v 336.466600 4.333328 209.883300
v 335.300000 4.333328 211.050000
v 349.183300 4.333328 211.166700
v 328.533300 4.333328 238.933300
v 358.400000 4.333328 238.933300
v 351.050000 4.333328 211.750000
v 333.200000 4.333328 211.750000
v 358.400000 4.274994 209.883300
v 353.266700 4.333328 211.166700
v 352.450000 4.333328 211.750000
v 358.400000 4.333328 238.933300
v 358.400000 4.333328 238.933300
v 352.450000 4.333328 211.750000
v 351.050000 4.333328 211.750000
v 333.200000 4.333328 211.750000
v 331.800000 4.333328 211.750000
v 328.533300 4.333328 238.933300
v 331.800000 4.333328 211.750000
v 330.983300 4.333328 211.166700
v 328.533300 4.333328 210.583300
v 328.533300 4.333328 238.933300
v 360.850000 4.333328 210.700000
v 360.266700 4.333328 210.116700
v 358.400000 4.274994 209.883300
v 358.400000 4.333328 238.933300
v 360.850000 4.333328 238.933300
v 370.766700 5.091667 212.800000
v 370.416700 5.091667 212.800000
v 368.433300 5.033333 213.383300
v 373.216700 5.208328 214.550000
v 381.616700 4.916664 222.833300
v 380.216700 5.091667 220.266700
v 379.633300 5.033333 219.683300
v 373.216700 5.208328 214.550000
v 384.766700 5.091667 237.766700
v 385.933300 5.208328 236.716700
v 385.816700 5.500000 232.983300
v 381.616700 4.916664 222.833300
v 373.216700 5.208328 214.550000
v 368.433300 5.033333 213.383300
v 368.550000 4.333328 238.933300
v 384.416700 4.974998 238.933300
v 385.816700 5.500000 232.983300
v 384.416700 4.974998 238.933300
v 384.766700 5.091667 237.766700
v 385.816700 5.500000 232.983300
v 385.816700 5.500000 232.983300
v 383.600000 4.974998 225.750000
v 381.616700 4.916664 222.833300
v 234.033300 10.225000 268.800000
v 238.933300 10.225000 268.800000
v 238.933300 10.341670 264.016700
v 268.800000 10.575000 247.216700
v 258.766700 10.283330 247.216700
v 257.716700 10.283330 248.383300
v 268.800000 10.575000 247.216700
v 257.716700 10.283330 248.383300
v 253.983300 10.341670 249.200000
v 262.733300 10.516660 263.900000
v 268.566700 10.225000 263.900000
v 268.566700 10.225000 263.900000
v 268.800000 10.225000 263.900000
v 268.800000 10.575000 247.216700
v 253.983300 10.341670 249.200000
v 239.050000 10.341670 263.900000
v 262.266700 10.575000 263.900000
v 253.983300 10.341670 249.200000
v 262.266700 10.575000 263.900000
v 262.733300 10.516660 263.900000
v 259.933300 10.691670 264.950000
v 261.100000 10.633330 264.950000
v 261.100000 10.691670 264.250000
v 259.933300 10.691670 264.950000
v 261.100000 10.691670 264.250000
v 261.333300 10.691670 264.016700
v 239.050000 10.341670 263.900000
v 239.050000 10.341670 263.900000
v 238.933300 10.341670 264.016700
v 238.933300 10.225000 268.800000
v 259.700000 10.575000 268.800000
v 259.700000 10.691670 265.183300
v 261.333300 10.691670 264.016700
v 262.266700 10.575000 263.900000
v 239.050000 10.341670 263.900000
v 239.050000 10.341670 263.900000
v 259.700000 10.691670 265.183300
v 259.933300 10.691670 264.950000
v 268.566700 10.225000 263.900000
v 262.733300 10.516660 263.900000
v 263.200000 10.399990 264.483300
v 268.100000 10.225000 264.483300
v 271.716600 10.225000 265.066700
v 287.700000 9.116661 263.783300
v 287.700000 9.116661 263.083300
v 271.483300 10.225000 264.833300
v 295.983300 9.116661 247.450000
v 294.933300 9.116661 247.800000
v 294.933300 9.116661 248.266700
v 294.933300 9.116661 248.266700
v 294.933300 9.058334 262.383300
v 295.983300 9.058334 262.266700
v 295.983300 9.116661 247.450000
v 293.183300 9.116661 248.266700
v 294.933300 9.116661 248.266700
v 294.933300 9.116661 247.800000
v 287.933300 9.116661 262.850000
v 288.516700 9.116661 262.850000
v 288.633300 9.116661 262.616700
v 291.900000 9.058334 248.266700
v 270.200000 10.225000 264.250000
v 270.200000 10.225000 264.833300
v 271.483300 10.225000 264.833300
v 269.966600 10.225000 264.016700
v 270.200000 10.225000 264.250000
v 271.483300 10.225000 264.833300
v 288.400000 9.116661 268.800000
v 288.400000 9.116661 264.133300
v 288.050000 9.116661 264.133300
v 288.400000 9.116661 268.800000
v 288.050000 9.116661 264.133300
v 287.700000 9.116661 263.783300
v 271.716600 10.225000 265.066700
v 271.716600 10.225000 268.800000
v 288.633300 9.116661 262.616700
v 294.233300 9.116661 262.616700
v 294.933300 9.058334 262.383300
v 293.183300 9.116661 248.266700
v 291.900000 9.058334 248.266700
v 294.933300 9.058334 262.383300
v 294.933300 9.116661 248.266700
v 293.183300 9.116661 248.266700
v 287.700000 9.116661 263.083300
v 287.933300 9.116661 262.850000
v 291.900000 9.058334 248.266700
v 287.700000 9.116661 263.083300
v 291.900000 9.058334 248.266700
v 289.100000 9.116661 247.333300
v 268.800000 10.575000 247.216700
v 269.966600 10.225000 264.016700
v 271.483300 10.225000 264.833300
v 268.800000 10.575000 247.216700
v 268.800000 10.225000 263.900000
v 269.966600 10.225000 264.016700
v 298.666700 4.391663 245.466700
v 298.666700 4.391663 245.583300
v 298.900000 4.391663 245.816700
v 306.716600 4.333328 249.783300
v 306.716600 4.333328 248.850000
v 299.250000 4.333328 244.766700
v 315.116700 4.333328 258.766700
v 315.000000 4.333328 258.533300
v 314.300000 4.333328 258.533300
v 313.366700 4.333328 258.300000
v 313.250000 4.333328 258.066700
v 312.550000 4.333328 258.066700
v 307.066700 4.333328 251.300000
v 307.066700 4.333328 250.600000
v 306.833300 4.333328 250.483300
v 314.300000 4.333328 258.533300
v 314.183300 4.333328 258.300000
v 313.366700 4.333328 258.300000
v 312.550000 4.333328 258.066700
v 312.433300 4.333328 257.833300
v 311.616700 4.333328 257.833300
v 307.766700 4.333328 253.983300
v 307.766700 4.333328 253.166700
v 307.533300 4.333328 253.050000
v 307.883300 4.333328 244.416700
v 300.066700 4.333328 241.616700
v 299.250000 4.333328 244.766700
v 306.716600 4.333328 248.850000
v 315.116700 4.333328 258.766700
v 314.300000 4.333328 258.533300
v 313.366700 4.333328 258.300000
v 298.783300 4.391663 258.883300
v 313.366700 4.333328 258.300000
v 312.550000 4.333328 258.066700
v 311.616700 4.333328 257.833300
v 298.783300 4.391663 258.883300
v 307.533300 4.333328 253.050000
v 307.300000 4.333328 251.416700
v 307.066700 4.333328 251.300000
v 307.533300 4.333328 253.050000
v 307.066700 4.333328 251.300000
v 306.833300 4.333328 250.483300
v 298.900000 4.391663 245.816700
v 298.783300 4.391663 258.883300
v 307.766700 4.333328 253.983300
v 306.833300 4.333328 250.483300
v 306.716600 4.333328 249.783300
v 298.900000 4.391663 245.816700
v 311.500000 4.799995 241.033300
v 315.466600 4.858330 239.983300
v 315.466600 4.858330 238.933300
v 299.483300 4.625000 238.933300
v 311.616700 4.333328 257.833300
v 307.766700 4.333328 253.983300
v 298.783300 4.391663 258.883300
v 307.883300 4.333328 244.416700
v 311.500000 4.799995 241.033300
v 299.483300 4.625000 238.933300
v 300.066700 4.333328 240.683300
v 298.783300 4.391663 258.883300
v 315.816700 4.333328 258.883300
v 315.116700 4.333328 258.766700
v 307.883300 4.333328 244.416700
v 300.066700 4.333328 240.683300
v 300.066700 4.333328 241.616700
v 323.050000 4.508331 242.900000
v 323.983300 4.333328 243.833300
v 324.450000 4.333328 243.716700
v 323.050000 4.508331 242.900000
v 324.450000 4.333328 243.716700
v 326.783300 4.333328 243.716700
v 328.533300 4.333328 243.250000
v 328.533300 4.333328 238.933300
v 323.050000 4.625000 238.933300
v 326.783300 4.333328 243.716700
v 324.450000 4.333328 243.716700
v 325.616700 4.333328 244.066700
v 322.933300 4.333328 255.966700
v 323.983300 4.333328 255.966700
v 323.400000 4.333328 255.383300
v 324.566700 4.333328 255.966700
v 326.666700 4.333328 255.966700
v 325.616700 4.333328 255.616700
v 323.983300 4.333328 255.966700
v 322.933300 4.333328 255.966700
v 321.183300 4.333328 257.716700
v 321.183300 4.333328 257.716700
v 316.750000 4.333328 258.883300
v 321.533300 4.333328 263.783300
v 323.750000 4.333328 263.783300
v 324.566700 4.333328 255.966700
v 323.983300 4.333328 255.966700
v 321.183300 4.333328 257.716700
v 310.800000 4.333328 265.066700
v 310.800000 4.333328 264.250000
v 306.600000 4.333328 263.783300
v 305.666700 4.333328 262.266700
v 305.900000 4.333328 262.850000
v 306.600000 4.333328 263.083300
v 311.383300 4.333328 263.783300
v 306.600000 4.333328 263.083300
v 306.600000 4.333328 263.783300
v 311.383300 4.333328 263.783300
v 315.350000 4.333328 263.783300
v 316.166700 4.625000 263.783300
v 315.816700 4.333328 258.883300
v 324.333300 4.333328 265.066700
v 324.100000 4.333328 265.183300
v 324.100000 4.333328 268.800000
v 298.783300 4.391663 258.883300
v 298.783300 4.391663 262.266700
v 305.666700 4.333328 262.266700
v 305.666700 4.333328 262.266700
v 311.383300 4.333328 263.783300
v 313.600000 4.333328 263.783300
v 315.816700 4.333328 258.883300
v 298.783300 4.391663 258.883300
v 318.966600 4.625000 263.783300
v 316.166700 4.625000 263.783300
v 316.633300 4.625000 264.016700
v 318.500000 4.625000 264.016700
v 313.600000 4.333328 263.783300
v 315.350000 4.333328 263.783300
v 315.816700 4.333328 258.883300
v 319.783300 4.333328 263.783300
v 321.533300 4.333328 263.783300
v 316.750000 4.333328 258.883300
v 318.966600 4.625000 263.783300
v 319.783300 4.333328 263.783300
v 316.750000 4.333328 258.883300
v 316.166700 4.625000 263.783300
v 318.966600 4.625000 263.783300
v 316.750000 4.333328 258.883300
v 315.816700 4.333328 258.883300
v 311.033300 4.333328 268.450000
v 311.033300 4.333328 265.183300
v 310.800000 4.333328 265.066700
v 306.600000 4.333328 263.783300
v 306.366700 4.333328 264.133300
v 305.900000 4.333328 268.450000
v 310.800000 4.333328 264.250000
v 311.383300 4.333328 263.783300
v 306.600000 4.333328 263.783300
v 306.366700 4.333328 264.133300
v 305.900000 4.333328 264.250000
v 305.900000 4.333328 268.450000
v 328.533300 4.333328 256.433300
v 326.666700 4.333328 255.966700
v 324.566700 4.333328 255.966700
v 321.183300 4.333328 257.716700
v 324.450000 4.333328 264.483300
v 328.533300 4.333328 268.800000
v 324.450000 4.333328 264.483300
v 324.333300 4.333328 265.066700
v 324.100000 4.333328 268.800000
v 328.533300 4.333328 268.800000
v 321.183300 4.333328 257.716700
v 323.750000 4.333328 263.783300
v 324.450000 4.333328 264.483300
v 328.533300 4.333328 268.800000
v 358.400000 4.333328 268.800000
v 350.933300 4.333328 257.483300
v 333.083300 4.333328 257.483300
v 328.533300 4.333328 238.933300
v 331.566700 4.333328 242.200000
v 333.083300 4.333328 242.200000
v 328.533300 4.333328 243.250000
v 330.750000 4.333328 242.783300
v 331.566700 4.333328 242.200000
v 328.533300 4.333328 238.933300
v 350.933300 4.333328 242.200000
v 352.450000 4.333328 242.200000
v 358.400000 4.333328 238.933300
v 350.933300 4.333328 242.200000
v 358.400000 4.333328 238.933300
v 328.533300 4.333328 238.933300
v 333.083300 4.333328 242.200000
v 358.400000 4.333328 268.800000
v 352.450000 4.333328 257.483300
v 350.933300 4.333328 257.483300
v 333.083300 4.333328 257.483300
v 350.933300 4.333328 257.483300
v 350.233300 4.333328 257.016700
v 348.950000 4.333328 256.900000
v 335.066700 4.333328 256.900000
v 333.666700 4.333328 257.016700
v 335.066700 4.333328 242.783300
v 348.950000 4.333328 242.783300
v 350.350000 4.333328 242.666700
v 350.933300 4.333328 242.200000
v 333.083300 4.333328 242.200000
v 333.666700 4.333328 242.666700
v 347.550000 4.333328 255.616700
v 347.550000 4.333328 244.066700
v 336.466600 4.333328 244.066700
v 336.466600 4.333328 255.616700
v 347.550000 4.333328 244.066700
v 348.950000 4.333328 242.783300
v 335.066700 4.333328 242.783300
v 336.466600 4.333328 244.066700
v 336.466600 4.333328 255.616700
v 335.066700 4.333328 256.900000
v 348.950000 4.333328 256.900000
v 347.550000 4.333328 255.616700
v 353.616700 4.333328 242.900000
v 358.050000 4.333328 244.066700
v 358.400000 4.333328 243.950000
v 358.400000 4.333328 238.933300
v 352.450000 4.333328 242.200000
v 333.083300 4.333328 257.483300
v 331.566700 4.333328 257.483300
v 328.533300 4.333328 268.800000
v 358.400000 4.333328 255.733300
v 358.166700 4.333328 255.616700
v 353.266700 4.333328 256.900000
v 352.450000 4.333328 257.483300
v 358.400000 4.333328 268.800000
v 331.566700 4.333328 257.483300
v 330.750000 4.333328 256.900000
v 328.533300 4.333328 256.433300
v 328.533300 4.333328 268.800000
v 358.400000 4.333328 243.950000
v 359.333300 4.333328 243.833300
v 360.850000 4.333328 242.316700
v 360.850000 4.333328 238.933300
v 358.400000 4.333328 238.933300
v 369.250000 4.333328 239.633300
v 369.366700 4.333328 239.866700
v 370.066700 4.333328 239.866700
v 370.066700 4.333328 239.866700
v 370.183300 4.333328 240.100000
v 371.000000 4.333328 240.100000
v 368.550000 4.333328 238.933300
v 368.550000 4.333328 239.633300
v 369.250000 4.333328 239.633300
v 371.000000 4.333328 240.100000
v 371.116700 4.333328 240.333300
v 372.283300 4.333328 240.566700
v 368.550000 4.333328 238.933300
v 369.250000 4.333328 239.633300
v 370.066700 4.333328 239.866700
v 371.000000 4.333328 240.100000
v 385.700000 4.449997 246.983300
v 386.633300 5.091667 246.983300
v 384.766700 4.566666 245.116700
v 385.000000 4.391663 246.983300
v 385.700000 4.449997 246.983300
v 384.766700 4.566666 245.116700
v 385.000000 4.391663 246.983300
v 384.766700 4.566666 245.116700
v 384.533300 4.625000 244.533300
v 375.900000 4.391663 244.183300
v 383.833300 4.799995 241.733300
v 384.416700 4.974998 238.933300
v 372.283300 4.333328 240.566700
v 368.550000 4.333328 238.933300
v 371.000000 4.333328 240.100000
v 372.283300 4.333328 240.566700
v 384.416700 4.974998 238.933300
v 385.000000 4.391663 246.983300
v 384.533300 4.625000 244.533300
v 383.833300 4.799995 241.733300
v 375.900000 4.391663 244.183300
v 376.600000 4.333328 246.983300
v 376.833300 4.333328 250.366700
v 376.600000 4.333328 250.483300
v 376.600000 4.333328 251.066700
v 377.066700 4.333328 249.433300
v 376.833300 4.333328 249.550000
v 376.833300 4.333328 250.366700
v 378.700000 4.333328 253.983300
v 376.016700 4.333328 253.400000
v 375.666700 4.333328 253.983300
v 378.233300 4.333328 253.983300
v 376.600000 4.333328 251.066700
v 376.016700 4.333328 252.583300
v 376.016700 4.333328 253.400000
v 376.016700 4.333328 253.400000
v 378.233300 4.333328 253.983300
v 378.700000 4.333328 253.983300
v 376.833300 4.333328 250.366700
v 376.600000 4.333328 251.066700
v 376.600000 4.333328 246.983300
v 377.066700 4.333328 249.433300
v 378.700000 4.333328 253.983300
v 384.766700 4.333328 253.983300
v 384.766700 4.333328 247.216700
v 384.766700 4.333328 247.216700
v 385.000000 4.391663 246.983300
v 376.600000 4.333328 246.983300
v 386.633300 5.091667 246.983300
v 385.700000 4.449997 246.983300
v 386.516700 5.091667 247.450000
v 386.633300 5.091667 246.983300
v 386.516700 5.091667 247.450000
v 386.750000 5.324997 248.150000
v 377.066700 4.333328 254.916700
v 377.766700 4.333328 254.683300
v 378.233300 4.333328 253.983300
v 375.666700 4.333328 253.983300
v 367.733300 4.333328 258.533300
v 377.066700 4.333328 258.533300
v 372.283300 4.333328 257.366700
v 377.066700 4.333328 258.533300
v 377.066700 4.333328 254.916700
v 375.666700 4.333328 253.983300
v 372.283300 4.333328 257.366700
v 379.166700 4.333328 254.333300
v 379.166700 4.333328 254.683300
v 384.766700 4.333328 254.566700
v 384.766700 4.333328 253.983300
v 378.700000 4.333328 253.983300
v 379.166700 4.333328 254.333300
v 384.766700 4.333328 254.566700
v 359.916700 4.333328 255.966700
v 361.200000 4.333328 255.966700
v 360.500000 4.333328 255.383300
v 358.400000 4.333328 255.966700
v 359.450000 4.333328 255.966700
v 358.400000 4.333328 255.733300
v 366.800000 4.333328 258.533300
v 366.683300 4.333328 258.300000
v 365.983300 4.333328 258.300000
v 375.783300 4.333328 268.800000
v 375.900000 4.333328 268.333300
v 376.600000 4.333328 263.666700
v 376.600000 4.333328 259.466700
v 367.733300 4.333328 258.533300
v 366.800000 4.333328 258.533300
v 365.983300 4.333328 258.300000
v 363.650000 4.333328 257.483300
v 362.833300 4.333328 257.483300
v 377.066700 4.333328 267.400000
v 377.066700 4.333328 263.900000
v 376.600000 4.333328 263.666700
v 375.900000 4.333328 268.333300
v 376.600000 4.333328 259.466700
v 377.066700 4.333328 259.233300
v 377.066700 4.333328 258.533300
v 367.733300 4.333328 258.533300
v 362.833300 4.333328 257.483300
v 361.200000 4.333328 255.966700
v 359.916700 4.333328 255.966700
v 362.833300 4.333328 257.483300
v 359.916700 4.333328 255.966700
v 359.450000 4.333328 255.966700
v 366.800000 4.333328 258.533300
v 365.983300 4.333328 258.300000
v 362.833300 4.333328 257.483300
v 358.400000 4.333328 268.800000
v 362.833300 4.333328 257.483300
v 359.450000 4.333328 255.966700
v 358.400000 4.333328 255.966700
v 358.400000 4.333328 268.800000
v 375.783300 4.333328 268.800000
v 376.600000 4.333328 263.666700
v 376.600000 4.333328 259.466700
v 366.800000 4.333328 258.533300
v 358.400000 4.333328 268.800000
v 394.916700 9.583328 247.566700
v 396.083300 9.583328 247.566700
v 395.733300 9.641663 246.633300
v 394.916700 9.583328 247.566700
v 392.116700 9.349998 248.266700
v 391.883300 9.291664 248.500000
v 396.083300 9.583328 247.566700
v 396.900000 9.116661 252.000000
v 396.666700 9.116661 252.700000
v 399.700000 9.116661 254.216700
v 389.316700 8.708328 248.500000
v 390.600000 9.116661 248.500000
v 389.316700 8.649994 248.150000
v 390.600000 9.116661 248.500000
v 389.316700 8.708328 248.500000
v 389.316700 8.824997 249.666700
v 391.883300 9.291664 248.500000
v 390.600000 9.116661 248.500000
v 389.316700 8.824997 249.666700
v 394.566700 9.233330 249.666700
v 396.666700 9.116661 252.700000
v 394.566700 9.116661 253.750000
v 399.700000 9.116661 254.216700
v 391.883300 9.291664 248.500000
v 394.566700 9.233330 249.666700
v 395.033300 9.233330 249.666700
v 393.283300 9.116661 250.366700
v 393.750000 9.116661 250.483300
v 394.566700 9.233330 249.666700
v 393.283300 9.116661 250.366700
v 394.566700 9.233330 249.666700
v 389.316700 8.824997 249.666700
v 389.316700 8.883331 250.366700
v 395.500000 9.174995 250.133300
v 395.500000 9.174995 250.483300
v 395.966700 9.116661 250.483300
v 395.033300 9.233330 249.666700
v 395.500000 9.174995 250.133300
v 395.966700 9.116661 250.483300
v 396.083300 9.583328 247.566700
v 400.400000 9.116661 268.100000
v 399.700000 9.116661 268.800000
v 418.133300 9.116661 268.800000
v 396.083300 9.583328 247.566700
v 395.966700 9.116661 250.483300
v 396.316700 9.116661 250.833300
v 389.316700 9.000000 254.216700
v 389.316700 9.000000 254.800000
v 398.883300 9.116661 254.800000
v 399.350000 9.116661 254.216700
v 394.100000 9.116661 253.750000
v 393.400000 9.116661 252.700000
v 392.700000 9.116661 252.233300
v 389.316700 9.000000 253.750000
v 392.933300 9.116661 250.716700
v 393.283300 9.116661 250.366700
v 389.316700 8.883331 250.366700
v 392.700000 9.116661 252.233300
v 392.933300 9.116661 250.716700
v 389.316700 8.883331 250.366700
v 389.316700 9.000000 253.750000
v 395.733300 9.116661 252.700000
v 396.316700 9.116661 252.700000
v 395.850000 9.116661 252.350000
v 396.316700 9.116661 252.700000
v 395.733300 9.116661 252.700000
v 394.566700 9.116661 253.750000
v 396.666700 9.116661 252.700000
v 396.316700 9.116661 252.700000
v 394.566700 9.116661 253.750000
v 396.083300 9.583328 247.566700
v 391.883300 9.291664 248.500000
v 395.033300 9.233330 249.666700
v 394.100000 9.116661 253.750000
v 389.316700 9.000000 253.750000
v 389.316700 9.000000 254.216700
v 394.566700 9.116661 253.750000
v 394.100000 9.116661 253.750000
v 389.316700 9.000000 254.216700
v 399.350000 9.116661 254.216700
v 396.316700 9.116661 250.833300
v 396.316700 9.116661 251.300000
v 396.900000 9.116661 252.000000
v 394.566700 9.116661 253.750000
v 399.350000 9.116661 254.216700
v 399.700000 9.116661 254.216700
v 396.083300 9.583328 247.566700
v 396.316700 9.116661 250.833300
v 396.900000 9.116661 252.000000
v 399.700000 9.116661 254.216700
v 400.516700 9.116661 259.700000
v 400.400000 9.116661 268.100000
v 418.133300 9.116661 268.800000
v 396.083300 9.583328 247.566700
v 399.700000 9.116661 254.216700
v 400.400000 9.116661 255.033300
v 418.133300 10.166660 247.450000
v 418.133300 10.166660 247.450000
v 400.400000 9.116661 255.033300
v 400.516700 9.116661 259.700000
v 418.133300 9.116661 268.800000
v 448.000000 10.750000 268.800000
v 448.000000 11.274990 266.583300
v 438.783300 11.333330 257.600000
v 426.183300 9.816666 257.600000
v 418.133300 9.116661 268.800000
v 426.183300 9.816666 257.600000
v 425.716700 9.699997 257.600000
v 418.133300 9.116661 268.800000
v 426.883300 10.108330 252.816700
v 433.883300 11.100000 252.816700
v 430.266700 11.508330 249.083300
v 429.566700 11.391660 249.200000
v 425.250000 9.875000 253.050000
v 426.533300 10.050000 252.816700
v 426.416700 10.808330 248.383300
v 426.533300 10.050000 252.816700
v 426.883300 10.108330 252.816700
v 429.566700 11.391660 249.200000
v 425.250000 9.875000 253.050000
v 425.833300 9.933334 253.166700
v 426.533300 10.050000 252.816700
v 426.533300 10.050000 252.816700
v 429.566700 11.391660 249.200000
v 426.416700 10.808330 248.383300
v 426.883300 9.933334 257.366700
v 426.300000 9.816666 257.366700
v 426.183300 9.816666 257.600000
v 438.783300 11.333330 257.600000
v 427.700000 10.166660 255.850000
v 427.233300 10.050000 256.200000
v 427.116700 9.933334 257.133300
v 433.883300 11.100000 252.816700
v 427.233300 10.166660 253.166700
v 426.883300 10.108330 254.100000
v 427.466700 10.108330 254.683300
v 427.233300 10.166660 253.166700
v 427.466700 10.108330 254.683300
v 427.700000 10.166660 255.850000
v 433.883300 11.100000 252.816700
v 433.883300 11.100000 252.816700
v 426.883300 10.108330 252.816700
v 427.233300 10.166660 253.166700
v 433.883300 11.100000 252.816700
v 427.116700 9.933334 257.133300
v 426.883300 9.933334 257.366700
v 438.783300 11.333330 257.600000
v 424.433300 9.758331 253.516700
v 425.016700 9.816666 253.400000
v 425.250000 9.875000 253.050000
v 426.416700 10.808330 248.383300
v 424.666700 9.583328 257.016700
v 424.783300 9.641663 256.550000
v 424.083300 9.641663 255.616700
v 424.083300 9.699997 253.866700
v 424.433300 9.758331 253.516700
v 426.416700 10.808330 248.383300
v 425.600000 10.808330 247.450000
v 418.133300 10.166660 247.450000
v 424.666700 9.583328 257.016700
v 424.083300 9.641663 255.616700
v 418.133300 10.166660 247.450000
v 418.133300 9.116661 268.800000
v 418.133300 9.116661 268.800000
v 425.716700 9.699997 257.600000
v 424.666700 9.583328 257.016700
v 424.083300 9.641663 255.616700
v 424.083300 9.699997 253.866700
v 418.133300 10.166660 247.450000
v 448.000000 10.750000 268.800000
v 450.100000 11.041660 268.800000
v 448.000000 11.274990 266.583300
v 227.733300 10.225000 295.283300
v 223.066700 10.225000 298.316700
v 222.833300 10.225000 298.666700
v 238.933300 10.575000 298.666700
v 234.033300 10.225000 268.800000
v 230.066700 10.225000 272.766700
v 232.750000 10.225000 276.733300
v 238.933300 10.225000 268.800000
v 234.033300 10.225000 268.800000
v 232.750000 10.225000 276.733300
v 233.566700 10.225000 281.166700
v 238.933300 10.225000 268.800000
v 233.566700 10.225000 281.166700
v 233.683300 10.225000 282.333300
v 232.516700 10.225000 289.216600
v 227.733300 10.225000 295.283300
v 238.933300 10.575000 298.666700
v 238.933300 10.575000 298.666700
v 238.933300 10.225000 268.800000
v 233.683300 10.225000 282.333300
v 232.516700 10.225000 289.216600
v 255.383300 10.458330 270.200000
v 259.700000 10.516660 270.200000
v 259.700000 10.575000 268.800000
v 254.333300 10.341670 270.200000
v 255.383300 10.458330 270.200000
v 259.700000 10.575000 268.800000
v 242.433300 10.458330 292.833300
v 241.733300 10.341670 292.833300
v 238.933300 10.575000 298.666700
v 252.933300 8.824997 298.666700
v 252.816700 8.708328 295.983300
v 254.683300 10.458330 278.600000
v 255.033300 10.866660 278.366700
v 255.033300 10.866660 277.783300
v 254.800000 10.866660 274.750000
v 254.800000 10.925000 274.400000
v 254.683300 10.866660 273.816700
v 254.800000 10.866660 274.750000
v 254.683300 10.866660 273.816700
v 254.333300 10.458330 273.583300
v 254.683300 10.458330 278.600000
v 254.916700 10.866660 276.383300
v 254.916700 10.925000 275.800000
v 254.683300 10.458330 278.600000
v 255.033300 10.866660 277.783300
v 255.033300 10.925000 277.316700
v 254.916700 10.866660 276.383300
v 240.800000 10.225000 289.333300
v 241.150000 10.225000 288.750000
v 238.933300 10.225000 268.800000
v 252.816700 8.708328 295.983300
v 253.166700 8.766663 295.516700
v 254.566700 9.408333 292.833300
v 242.433300 10.458330 292.833300
v 253.166700 8.766663 295.516700
v 254.216700 8.883331 295.516700
v 254.566700 9.408333 292.833300
v 254.566700 9.408333 292.833300
v 254.566700 9.408333 292.716600
v 243.950000 10.458330 292.716600
v 242.433300 10.458330 292.833300
v 243.950000 10.458330 292.716600
v 243.250000 10.516660 292.716600
v 242.433300 10.458330 292.833300
v 254.916700 10.283330 288.750000
v 255.150000 10.458330 282.916700
v 254.683300 10.458330 278.600000
v 255.616700 10.866660 270.550000
v 259.700000 10.866660 270.550000
v 259.700000 10.516660 270.200000
v 255.383300 10.458330 270.200000
v 254.333300 10.341670 270.200000
v 259.700000 10.575000 268.800000
v 238.933300 10.225000 268.800000
v 240.450000 10.283330 291.666700
v 241.033300 10.341670 291.666700
v 240.800000 10.225000 289.333300
v 254.683300 10.458330 278.600000
v 254.333300 10.458330 273.583300
v 254.216700 10.399990 273.000000
v 241.850000 10.225000 288.750000
v 254.916700 10.283330 288.750000
v 254.216700 10.399990 273.000000
v 254.100000 10.283330 270.433300
v 238.933300 10.225000 268.800000
v 241.150000 10.225000 288.750000
v 241.850000 10.225000 288.750000
v 254.100000 10.283330 270.433300
v 254.333300 10.341670 270.200000
v 238.933300 10.225000 268.800000
v 241.850000 10.225000 288.750000
v 242.550000 10.225000 288.866700
v 243.133300 10.225000 288.866700
v 241.850000 10.225000 288.750000
v 243.133300 10.225000 288.866700
v 243.716700 10.225000 288.866700
v 243.716700 10.225000 288.866700
v 254.800000 10.225000 288.866700
v 254.916700 10.283330 288.750000
v 241.850000 10.225000 288.750000
v 244.650000 10.399990 290.616700
v 244.183300 10.458330 290.850000
v 244.300000 10.458330 291.900000
v 254.566700 9.408333 292.716600
v 243.716700 10.225000 288.866700
v 244.066700 10.341670 289.683300
v 244.650000 10.341670 290.033300
v 254.800000 10.225000 288.866700
v 243.950000 10.458330 292.716600
v 254.566700 9.408333 292.716600
v 244.300000 10.458330 291.900000
v 254.566700 9.408333 292.716600
v 254.800000 10.225000 288.866700
v 244.650000 10.341670 290.033300
v 244.650000 10.399990 290.616700
v 242.550000 10.458330 292.716600
v 243.250000 10.516660 292.716600
v 243.133300 10.516660 292.483300
v 242.666700 10.516660 292.483300
v 243.250000 10.516660 292.716600
v 242.550000 10.458330 292.716600
v 242.433300 10.458330 292.833300
v 241.733300 10.341670 292.833300
v 241.616700 10.399990 292.600000
v 240.450000 10.341670 292.483300
v 238.933300 10.575000 298.666700
v 240.216700 10.283330 292.250000
v 240.450000 10.283330 291.666700
v 240.800000 10.225000 289.333300
v 238.933300 10.225000 268.800000
v 238.933300 10.575000 298.666700
v 240.216700 10.283330 292.250000
v 238.933300 10.225000 268.800000
v 238.933300 10.575000 298.666700
v 240.450000 10.341670 292.483300
v 240.216700 10.283330 292.250000
v 271.716600 10.225000 268.800000
v 271.600000 10.166660 270.083300
v 274.866700 9.291664 270.083300
v 271.716600 10.225000 268.800000
v 274.866700 9.291664 270.083300
v 276.850000 9.116661 270.083300
v 276.850000 9.116661 270.083300
v 288.400000 9.116661 270.083300
v 288.400000 9.116661 268.800000
v 271.716600 10.225000 268.800000
v 276.266700 9.116661 286.650000
v 285.600000 9.116661 286.650000
v 285.016700 9.116661 286.300000
v 276.150000 9.116661 283.150000
v 276.266700 9.116661 286.650000
v 285.016700 9.116661 286.300000
v 285.016700 9.116661 281.866700
v 285.250000 9.116661 281.633300
v 288.400000 9.116661 270.083300
v 277.083300 9.116661 271.366700
v 276.150000 9.116661 283.150000
v 285.016700 9.116661 281.866700
v 285.250000 9.116661 281.633300
v 288.400000 9.116661 281.633300
v 288.400000 9.116661 270.083300
v 288.400000 9.116661 270.083300
v 276.850000 9.116661 270.083300
v 277.083300 9.116661 270.316700
v 288.400000 9.116661 270.083300
v 277.083300 9.116661 270.316700
v 277.083300 9.116661 271.366700
v 294.933300 9.116661 285.833300
v 294.933300 9.116661 284.550000
v 294.816700 8.941666 284.316700
v 289.450000 9.116661 284.316700
v 289.450000 9.116661 286.416700
v 294.700000 9.000000 286.066700
v 289.450000 9.116661 286.416700
v 289.216600 9.116661 286.650000
v 294.700000 9.000000 286.650000
v 294.700000 9.000000 286.066700
v 294.933300 9.116661 285.833300
v 295.983300 9.116661 285.833300
v 295.983300 9.116661 284.666700
v 294.933300 9.116661 284.550000
v 294.933300 9.116661 298.666700
v 294.933300 9.116661 297.966600
v 294.700000 9.000000 297.733300
v 294.700000 9.000000 287.583300
v 294.700000 9.000000 286.650000
v 289.216600 9.116661 286.650000
v 294.700000 9.000000 287.583300
v 289.216600 9.116661 286.650000
v 285.600000 9.116661 286.650000
v 294.700000 9.000000 296.216600
v 276.266700 9.116661 286.650000
v 276.850000 9.116661 295.633300
v 278.016700 9.116661 295.633300
v 276.266700 9.116661 286.650000
v 278.016700 9.116661 295.633300
v 278.250000 9.116661 295.866700
v 285.600000 9.116661 286.650000
v 294.700000 9.000000 297.733300
v 294.700000 9.000000 296.216600
v 285.600000 9.116661 286.650000
v 285.600000 9.116661 286.650000
v 278.250000 9.116661 295.866700
v 278.250000 9.116661 298.666700
v 294.933300 9.116661 298.666700
v 294.700000 9.000000 297.733300
v 294.700000 9.000000 296.216600
v 295.750000 8.941666 295.633300
v 295.750000 8.941666 288.166700
v 294.700000 9.000000 287.583300
v 296.450000 8.299995 288.050000
v 296.450000 8.299995 295.750000
v 296.683300 8.241661 296.100000
v 297.150000 8.241661 295.983300
v 297.150000 8.241661 287.816700
v 296.683300 8.241661 287.700000
v 296.100000 8.416664 288.050000
v 296.100000 8.416664 295.750000
v 296.450000 8.299995 295.750000
v 296.450000 8.299995 288.050000
v 297.150000 8.241661 287.816700
v 297.150000 8.241661 295.983300
v 297.500000 7.774994 296.100000
v 297.500000 7.774994 287.700000
v 297.500000 7.774994 296.100000
v 298.550000 7.658333 295.983300
v 298.550000 7.658333 287.816700
v 297.500000 7.774994 287.700000
v 298.550000 7.658333 295.983300
v 298.666700 7.483330 295.983300
v 298.666700 7.483330 287.816700
v 298.550000 7.658333 287.816700
v 295.750000 8.941666 288.166700
v 295.750000 8.941666 295.633300
v 296.100000 8.416664 295.750000
v 296.100000 8.416664 288.050000
v 294.933300 9.116661 298.666700
v 295.983300 9.116661 298.666700
v 295.983300 9.116661 297.966600
v 294.933300 9.116661 297.966600
v 324.100000 4.333328 268.800000
v 324.100000 4.333328 279.066700
v 325.150000 4.333328 279.066700
v 324.100000 4.333328 268.800000
v 325.150000 4.333328 279.066700
v 325.733300 4.333328 279.066700
v 316.166700 4.333328 283.150000
v 304.850000 4.333328 285.833300
v 305.083300 4.333328 286.066700
v 316.866700 4.333328 283.150000
v 310.800000 4.333328 281.983300
v 311.033300 4.333328 281.866700
v 311.033300 4.333328 278.366700
v 306.600000 4.333328 283.150000
v 311.850000 4.333328 283.150000
v 310.683300 4.333328 282.683300
v 310.683300 4.333328 282.683300
v 310.800000 4.333328 281.983300
v 311.033300 4.333328 278.366700
v 305.900000 4.333328 278.366700
v 306.250000 4.333328 282.683300
v 306.600000 4.333328 283.150000
v 305.900000 4.333328 278.366700
v 305.900000 4.333328 282.683300
v 306.250000 4.333328 282.683300
v 324.100000 4.333328 280.700000
v 325.033300 4.333328 280.700000
v 324.683300 4.333328 280.350000
v 324.683300 4.333328 279.533300
v 325.150000 4.333328 279.066700
v 324.100000 4.333328 279.066700
v 324.100000 4.333328 280.700000
v 324.683300 4.333328 280.350000
v 324.683300 4.333328 279.533300
v 324.100000 4.333328 279.066700
v 298.783300 4.391663 297.966600
v 303.566700 4.333328 297.966600
v 303.333300 4.333328 297.616700
v 298.783300 4.391663 297.616700
v 304.966600 4.333328 297.966600
v 303.566700 4.333328 297.966600
v 298.783300 4.391663 298.666700
v 303.566700 4.333328 297.966600
v 298.783300 4.391663 297.966600
v 298.783300 4.391663 298.666700
v 324.100000 4.333328 280.700000
v 324.100000 4.333328 281.750000
v 324.450000 4.333328 281.983300
v 325.033300 4.333328 280.700000
v 328.533300 4.333328 268.800000
v 324.100000 4.333328 268.800000
v 325.733300 4.333328 279.066700
v 326.316700 4.333328 279.650000
v 325.850000 4.333328 280.700000
v 325.033300 4.333328 280.700000
v 324.450000 4.333328 281.983300
v 303.100000 5.149994 296.100000
v 303.800000 5.033333 295.983300
v 303.800000 5.033333 287.816700
v 303.100000 5.149994 287.700000
v 325.850000 4.333328 280.700000
v 324.450000 4.333328 281.983300
v 324.333300 4.333328 282.683300
v 306.250000 4.333328 284.083300
v 305.900000 4.333328 284.083300
v 305.666700 4.333328 284.666700
v 298.783300 4.391663 284.666700
v 298.783300 4.391663 285.833300
v 303.566700 4.333328 285.833300
v 305.666700 4.333328 284.666700
v 301.700000 5.791664 296.100000
v 302.633300 5.674995 295.983300
v 302.633300 5.674995 287.816700
v 301.700000 5.791664 287.700000
v 305.666700 4.333328 284.666700
v 303.566700 4.333328 285.833300
v 304.850000 4.333328 285.833300
v 306.250000 4.333328 284.083300
v 305.666700 4.333328 284.666700
v 304.850000 4.333328 285.833300
v 306.600000 4.333328 283.733300
v 306.250000 4.333328 284.083300
v 304.850000 4.333328 285.833300
v 316.166700 4.333328 283.150000
v 311.850000 4.333328 283.150000
v 311.850000 4.333328 283.150000
v 306.600000 4.333328 283.150000
v 306.600000 4.333328 283.733300
v 302.633300 5.674995 287.816700
v 302.633300 5.674995 295.983300
v 303.100000 5.149994 296.100000
v 303.100000 5.149994 287.700000
v 301.350000 6.375000 295.983300
v 301.700000 5.791664 296.100000
v 301.700000 5.791664 287.700000
v 301.350000 6.375000 287.700000
v 298.783300 4.391663 285.833300
v 298.783300 4.391663 286.183300
v 303.333300 4.333328 286.183300
v 303.566700 4.333328 285.833300
v 304.850000 4.333328 287.816700
v 303.800000 5.033333 287.816700
v 303.800000 5.033333 295.983300
v 304.966600 4.333328 295.983300
v 298.666700 7.483330 287.816700
v 298.666700 7.483330 295.983300
v 299.016700 7.074997 296.100000
v 299.016700 7.074997 287.700000
v 305.083300 4.333328 287.583300
v 304.850000 4.333328 287.816700
v 304.966600 4.333328 295.983300
v 305.200000 4.333328 296.216600
v 299.950000 6.958328 287.816700
v 299.950000 6.958328 295.983300
v 300.300000 6.491661 296.100000
v 300.300000 6.491661 287.700000
v 299.016700 7.074997 296.100000
v 299.950000 6.958328 295.983300
v 299.950000 6.958328 287.816700
v 299.016700 7.074997 287.700000
v 300.300000 6.491661 296.100000
v 301.116700 6.375000 296.216600
v 301.350000 6.375000 295.983300
v 301.350000 6.375000 287.700000
v 300.300000 6.491661 287.700000
v 326.316700 4.333328 280.233300
v 325.850000 4.333328 280.700000
v 324.333300 4.333328 282.683300
v 328.533300 4.333328 298.666700
v 305.083300 4.333328 286.066700
v 305.083300 4.333328 287.583300
v 305.200000 4.333328 296.216600
v 316.866700 4.333328 283.150000
v 328.533300 4.333328 268.800000
v 326.316700 4.333328 279.650000
v 326.316700 4.333328 280.233300
v 328.533300 4.333328 298.666700
v 304.966600 4.333328 297.966600
v 298.783300 4.391663 298.666700
v 328.533300 4.333328 298.666700
v 305.200000 4.333328 297.733300
v 304.966600 4.333328 297.966600
v 328.533300 4.333328 298.666700
v 316.866700 4.333328 283.150000
v 305.200000 4.333328 296.216600
v 305.200000 4.333328 297.733300
v 328.533300 4.333328 298.666700
v 322.466600 4.333328 283.150000
v 328.533300 4.333328 298.666700
v 324.333300 4.333328 282.683300
v 323.866700 4.333328 283.033300
v 328.533300 4.333328 298.666700
v 323.866700 4.333328 283.033300
v 322.466600 4.333328 283.150000
v 328.533300 4.333328 298.666700
v 358.400000 4.333328 298.666700
v 358.400000 4.333328 268.800000
v 328.533300 4.333328 268.800000
v 377.066700 4.333328 283.733300
v 377.066700 4.333328 280.583300
v 376.600000 4.333328 280.350000
v 375.083300 4.333328 283.733300
v 376.600000 4.333328 276.033300
v 377.066700 4.333328 275.800000
v 377.066700 4.333328 272.416700
v 375.900000 4.333328 271.483300
v 387.450000 8.358330 295.633300
v 387.800000 8.883331 295.516700
v 387.800000 8.883331 287.933300
v 387.450000 8.358330 287.816700
v 374.266700 4.333328 283.733300
v 375.083300 4.333328 283.733300
v 376.600000 4.333328 280.350000
v 375.550000 4.333328 270.433300
v 375.783300 4.333328 268.800000
v 358.400000 4.333328 268.800000
v 376.600000 4.333328 276.033300
v 375.900000 4.333328 271.483300
v 375.550000 4.333328 270.433300
v 373.800000 4.333328 284.200000
v 374.266700 4.333328 283.733300
v 376.600000 4.333328 280.350000
v 383.833300 4.333328 297.966600
v 384.766700 4.333328 297.850000
v 379.983300 4.333328 297.850000
v 383.016700 4.333328 298.666700
v 383.600000 4.333328 298.433300
v 383.833300 4.333328 297.966600
v 379.983300 4.333328 297.850000
v 378.700000 4.333328 297.850000
v 377.883300 4.333328 285.366700
v 377.883300 4.333328 285.133300
v 377.300000 4.333328 285.133300
v 377.066700 4.333328 283.733300
v 375.083300 4.333328 283.733300
v 375.433300 4.333328 284.083300
v 377.066700 4.333328 284.900000
v 377.066700 4.333328 283.733300
v 375.433300 4.333328 284.083300
v 375.433300 4.333328 285.016700
v 374.966700 4.333328 285.366700
v 377.883300 4.333328 285.366700
v 377.300000 4.333328 285.133300
v 375.433300 4.333328 285.016700
v 377.300000 4.333328 285.133300
v 377.066700 4.333328 284.900000
v 375.433300 4.333328 285.016700
v 378.466700 4.333328 287.466600
v 378.583300 4.508331 285.833300
v 378.116700 4.333328 285.716600
v 378.466700 4.333328 287.466600
v 378.116700 4.333328 285.716600
v 377.883300 4.333328 285.366700
v 374.966700 4.333328 285.366700
v 384.766700 4.333328 297.850000
v 384.766700 4.333328 297.500000
v 380.216700 4.333328 297.500000
v 379.983300 4.333328 297.850000
v 378.700000 4.333328 287.700000
v 378.466700 4.333328 287.466600
v 374.966700 4.333328 285.366700
v 374.266700 4.333328 285.366700
v 378.466700 4.333328 296.100000
v 378.700000 4.333328 295.866700
v 387.800000 8.883331 287.933300
v 387.800000 8.883331 295.516700
v 388.266700 8.883331 295.750000
v 388.266700 8.883331 287.700000
v 378.700000 4.333328 295.866700
v 379.750000 5.033333 295.866700
v 379.750000 5.033333 287.700000
v 378.700000 4.333328 287.700000
v 379.750000 5.033333 287.700000
v 379.750000 5.033333 295.866700
v 380.566700 5.149994 295.983300
v 380.566700 5.149994 287.583300
v 380.566700 5.149994 295.983300
v 380.916700 5.616661 295.866700
v 380.916700 5.616661 287.700000
v 380.566700 5.149994 287.583300
v 380.916700 5.616661 287.700000
v 380.916700 5.616661 295.866700
v 381.966700 5.791664 295.983300
v 381.966700 5.791664 287.583300
v 381.966700 5.791664 295.983300
v 382.316700 6.316666 295.866700
v 382.316700 6.316666 287.700000
v 381.966700 5.791664 287.583300
v 382.316700 6.316666 287.700000
v 382.316700 6.316666 295.866700
v 383.366700 6.433334 295.983300
v 383.366700 6.433334 287.583300
v 383.366700 6.433334 295.983300
v 383.716700 6.899994 295.866700
v 383.716700 6.899994 287.700000
v 383.366700 6.433334 287.583300
v 383.716700 6.899994 287.700000
v 383.716700 6.899994 295.866700
v 384.533300 7.016663 295.983300
v 384.533300 7.016663 287.583300
v 384.533300 7.016663 295.983300
v 385.116700 7.599998 295.866700
v 385.116700 7.599998 287.700000
v 384.533300 7.016663 287.583300
v 385.116700 7.599998 287.700000
v 385.116700 7.599998 295.866700
v 386.050000 7.716667 295.983300
v 386.050000 7.716667 287.583300
v 386.050000 7.716667 295.983300
v 386.516700 8.241661 295.866700
v 386.516700 8.241661 287.700000
v 386.050000 7.716667 287.583300
v 387.100000 8.241661 287.816700
v 386.983300 8.241661 287.583300
v 386.516700 8.241661 287.700000
v 386.516700 8.241661 295.866700
v 386.866700 8.241661 295.983300
v 387.100000 8.241661 295.633300
v 387.100000 8.241661 295.633300
v 387.450000 8.358330 295.633300
v 387.450000 8.358330 287.816700
v 387.100000 8.241661 287.816700
v 373.800000 4.333328 284.200000
v 376.600000 4.333328 280.350000
v 376.600000 4.333328 276.033300
v 375.550000 4.333328 270.433300
v 358.400000 4.333328 268.800000
v 358.400000 4.333328 298.666700
v 378.466700 4.333328 296.100000
v 374.266700 4.333328 285.366700
v 373.800000 4.333328 284.900000
v 358.400000 4.333328 298.666700
v 378.466700 4.333328 297.616700
v 358.400000 4.333328 298.666700
v 373.800000 4.333328 284.900000
v 373.800000 4.333328 284.200000
v 358.400000 4.333328 298.666700
v 378.700000 4.333328 297.850000
v 378.466700 4.333328 297.616700
v 358.400000 4.333328 298.666700
v 383.016700 4.333328 298.666700
v 378.700000 4.333328 297.850000
v 394.450000 9.116661 297.966600
v 394.566700 9.116661 298.200000
v 395.266700 9.116661 298.316700
v 399.933300 9.116661 298.316700
v 399.933300 9.116661 297.966600
v 398.416700 9.116661 269.500000
v 398.883300 9.116661 269.500000
v 398.416700 9.116661 269.266700
v 398.883300 9.116661 269.500000
v 398.416700 9.116661 269.500000
v 398.066700 9.116661 269.733300
v 398.066700 9.116661 270.316700
v 398.533300 9.116661 270.900000
v 399.000000 9.116661 270.900000
v 398.883300 9.116661 269.500000
v 398.066700 9.116661 269.733300
v 398.066700 9.116661 270.316700
v 399.000000 9.116661 270.900000
v 399.816700 9.116661 270.900000
v 399.466700 9.116661 269.500000
v 389.316700 9.000000 297.966600
v 389.316700 9.000000 298.316700
v 390.833300 9.116661 298.200000
v 390.950000 9.116661 297.966600
v 399.000000 9.116661 270.900000
v 398.533300 9.116661 270.900000
v 398.650000 9.116661 271.133300
v 400.400000 9.116661 271.600000
v 400.400000 9.116661 283.500000
v 402.616700 9.116661 283.500000
v 400.400000 9.116661 271.600000
v 402.616700 9.116661 283.500000
v 403.316700 9.116661 283.500000
v 406.933300 9.116661 298.666700
v 418.133300 9.116661 298.666700
v 406.933300 9.116661 298.200000
v 403.316700 9.116661 285.133300
v 399.816700 9.116661 285.483300
v 404.133300 9.116661 296.450000
v 402.150000 9.116661 283.966600
v 402.616700 9.116661 283.500000
v 400.400000 9.116661 283.500000
v 402.150000 9.116661 283.966600
v 400.400000 9.116661 283.500000
v 400.400000 9.116661 284.783300
v 402.150000 9.116661 284.666700
v 400.166700 9.116661 285.133300
v 402.616700 9.116661 285.133300
v 402.150000 9.116661 284.666700
v 400.400000 9.116661 284.783300
v 399.700000 9.116661 268.800000
v 399.466700 9.116661 269.500000
v 399.816700 9.116661 270.900000
v 400.400000 9.116661 271.600000
v 418.133300 9.116661 268.800000
v 404.366700 9.116661 298.666700
v 405.300000 9.116661 298.666700
v 405.300000 9.116661 298.200000
v 404.366700 9.116661 297.733300
v 405.300000 9.116661 298.200000
v 405.766700 9.116661 297.733300
v 404.366700 9.116661 297.733300
v 389.316700 9.000000 285.483300
v 399.116700 9.116661 285.483300
v 398.883300 9.116661 285.016700
v 389.316700 9.000000 285.016700
v 402.616700 9.116661 285.133300
v 400.166700 9.116661 285.133300
v 399.816700 9.116661 285.483300
v 403.316700 9.116661 285.133300
v 402.616700 9.116661 285.133300
v 399.816700 9.116661 285.483300
v 403.783300 9.116661 284.666700
v 403.316700 9.116661 285.133300
v 404.133300 9.116661 296.450000
v 389.316700 9.000000 287.116700
v 389.083300 8.941666 287.350000
v 389.083300 8.941666 296.100000
v 389.316700 9.000000 287.116700
v 389.083300 8.941666 296.100000
v 389.316700 9.000000 296.450000
v 400.166700 9.116661 296.450000
v 399.816700 9.116661 285.483300
v 399.116700 9.116661 285.483300
v 399.116700 9.116661 285.483300
v 389.316700 9.000000 285.483300
v 389.316700 9.000000 287.116700
v 404.133300 9.116661 296.450000
v 404.366700 9.116661 296.683300
v 405.766700 9.116661 297.733300
v 406.466700 9.116661 297.733300
v 399.816700 9.116661 285.483300
v 400.166700 9.116661 296.450000
v 404.133300 9.116661 296.450000
v 388.266700 8.883331 287.700000
v 388.266700 8.883331 295.750000
v 389.083300 8.941666 296.100000
v 389.083300 8.941666 287.350000
v 389.316700 9.000000 296.450000
v 389.316700 9.000000 297.966600
v 390.950000 9.116661 297.966600
v 389.316700 9.000000 296.450000
v 390.950000 9.116661 297.966600
v 394.450000 9.116661 297.966600
v 399.933300 9.116661 296.683300
v 400.166700 9.116661 296.450000
v 394.450000 9.116661 297.966600
v 399.933300 9.116661 297.966600
v 399.933300 9.116661 296.683300
v 404.366700 9.116661 296.683300
v 404.366700 9.116661 297.733300
v 405.766700 9.116661 297.733300
v 406.466700 9.116661 297.733300
v 406.933300 9.116661 298.200000
v 418.133300 9.116661 298.666700
v 403.783300 9.116661 283.966600
v 403.783300 9.116661 284.666700
v 404.133300 9.116661 296.450000
v 406.466700 9.116661 297.733300
v 418.133300 9.116661 298.666700
v 400.400000 9.116661 271.600000
v 403.316700 9.116661 283.500000
v 403.783300 9.116661 283.966600
v 418.133300 9.116661 268.800000
v 400.400000 9.116661 271.600000
v 403.783300 9.116661 283.966600
v 418.133300 9.116661 298.666700
v 423.150000 9.116661 286.533300
v 420.350000 9.116661 274.516700
v 418.133300 9.116661 268.800000
v 418.133300 9.116661 298.666700
v 418.133300 9.116661 268.800000
v 422.566700 9.116661 272.416700
v 423.033300 9.058334 272.416700
v 420.233300 9.116661 273.116700
v 420.466700 9.116661 272.883300
v 418.133300 9.116661 268.800000
v 441.816700 9.699997 272.416700
v 442.283300 9.699997 272.416700
v 448.000000 10.750000 268.800000
v 441.816700 9.699997 272.416700
v 448.000000 10.750000 268.800000
v 418.133300 9.116661 268.800000
v 423.033300 9.058334 272.416700
v 421.516700 9.116661 275.800000
v 421.166700 9.116661 274.750000
v 420.583300 9.116661 274.750000
v 420.350000 9.116661 274.516700
v 420.233300 9.116661 273.116700
v 418.133300 9.116661 268.800000
v 428.166700 9.116661 291.666700
v 426.883300 9.116661 291.666700
v 418.133300 9.116661 298.666700
v 424.900000 9.116661 289.800000
v 424.666700 9.116661 289.216600
v 423.150000 9.116661 286.533300
v 418.133300 9.116661 298.666700
v 418.133300 9.116661 298.666700
v 426.883300 9.116661 291.666700
v 425.833300 9.116661 290.966600
v 423.033300 9.058334 272.416700
v 423.266700 9.058334 272.650000
v 423.850000 9.058334 272.650000
v 423.033300 9.058334 272.416700
v 423.850000 9.058334 272.650000
v 424.316700 9.000000 272.650000
v 424.316700 9.000000 272.650000
v 441.583300 9.641663 272.650000
v 441.816700 9.699997 272.416700
v 423.033300 9.058334 272.416700
v 443.450000 9.233330 277.666700
v 443.333300 9.291664 280.583300
v 443.683300 9.058334 280.933300
v 443.216700 9.641663 273.116700
v 443.216700 9.349998 276.266700
v 443.450000 9.233330 277.666700
v 418.133300 9.116661 298.666700
v 425.833300 9.116661 290.966600
v 424.900000 9.116661 289.800000
v 421.516700 9.116661 275.800000
v 420.583300 9.116661 274.750000
v 420.350000 9.116661 274.516700
v 423.150000 9.116661 286.533300
v 423.033300 9.116661 278.716600
v 420.466700 9.116661 272.883300
v 422.566700 9.116661 272.416700
v 418.133300 9.116661 268.800000
v 433.066700 9.116661 286.766700
v 432.250000 9.116661 286.766700
v 427.233300 9.116661 286.883300
v 448.000000 10.750000 268.800000
v 442.283300 9.699997 272.416700
v 443.216700 9.641663 273.116700
v 423.850000 9.058334 272.650000
v 423.266700 9.058334 272.650000
v 423.383300 9.058334 273.000000
v 424.316700 9.000000 272.650000
v 424.550000 9.000000 272.883300
v 428.516700 9.233330 272.883300
v 424.316700 9.000000 272.650000
v 428.516700 9.233330 272.883300
v 428.866700 9.233330 272.883300
v 434.583300 9.408333 272.883300
v 440.650000 9.583328 272.883300
v 441.583300 9.641663 272.650000
v 434.583300 9.408333 272.883300
v 441.583300 9.641663 272.650000
v 424.316700 9.000000 272.650000
v 428.866700 9.233330 272.883300
v 428.516700 9.233330 272.883300
v 424.550000 9.000000 272.883300
v 427.000000 9.116661 273.116700
v 428.400000 9.174995 273.116700
v 422.216700 9.116661 275.800000
v 423.033300 9.116661 275.800000
v 422.683300 9.116661 275.566700
v 424.666700 9.116661 289.216600
v 424.666700 9.116661 287.116700
v 423.966700 9.116661 287.116700
v 423.033300 9.116661 278.716600
v 423.033300 9.116661 275.800000
v 422.216700 9.116661 275.800000
v 424.666700 9.116661 289.216600
v 423.966700 9.116661 287.116700
v 423.150000 9.116661 286.533300
v 423.033300 9.116661 278.716600
v 422.216700 9.116661 275.800000
v 421.516700 9.116661 275.800000
v 427.233300 9.116661 286.883300
v 426.300000 9.116661 286.766700
v 426.183300 9.116661 287.000000
v 426.183300 9.116661 288.983300
v 433.066700 9.116661 286.766700
v 441.933300 9.116661 286.766700
v 438.200000 9.116661 286.650000
v 434.116700 9.116661 286.650000
v 441.933300 9.116661 286.766700
v 439.016700 9.116661 286.650000
v 438.200000 9.116661 286.650000
v 432.250000 9.116661 286.766700
v 428.283300 9.116661 286.766700
v 427.233300 9.116661 286.883300
v 423.150000 9.116661 286.533300
v 423.266700 9.116661 278.833300
v 423.033300 9.116661 278.716600
v 441.816700 9.116661 286.650000
v 441.700000 9.116661 286.416700
v 440.066700 9.116661 286.416700
v 439.016700 9.116661 286.650000
v 441.933300 9.116661 286.766700
v 441.816700 9.116661 286.650000
v 439.016700 9.116661 286.650000
v 426.183300 9.116661 288.983300
v 427.000000 9.116661 290.033300
v 428.400000 9.116661 291.083300
v 433.066700 9.116661 286.766700
v 427.233300 9.116661 286.883300
v 448.000000 9.641663 298.666700
v 448.000000 10.750000 268.800000
v 443.683300 9.058334 281.400000
v 443.450000 9.233330 286.183300
v 443.683300 9.058334 281.400000
v 443.450000 9.058334 281.516700
v 443.450000 9.233330 286.183300
v 442.750000 9.174995 286.766700
v 441.933300 9.116661 286.766700
v 428.166700 9.116661 291.666700
v 418.133300 9.116661 298.666700
v 448.000000 9.641663 298.666700
v 433.066700 9.116661 286.766700
v 428.400000 9.116661 291.083300
v 428.166700 9.116661 291.666700
v 441.933300 9.116661 286.766700
v 443.216700 9.641663 273.116700
v 443.450000 9.233330 277.666700
v 443.683300 9.058334 280.933300
v 448.000000 10.750000 268.800000
v 448.000000 9.641663 298.666700
v 443.450000 9.233330 286.183300
v 442.750000 9.174995 286.766700
v 448.000000 10.750000 268.800000
v 443.683300 9.058334 280.933300
v 443.683300 9.058334 281.400000
v 453.483300 10.750000 272.183300
v 450.100000 11.041660 268.800000
v 448.000000 10.750000 268.800000
v 450.800000 9.991661 276.033300
v 448.000000 9.641663 298.666700
v 449.866700 9.583328 281.050000
v 448.000000 10.750000 268.800000
v 448.000000 9.641663 298.666700
v 461.766700 10.399990 298.666700
v 455.816700 9.875000 294.700000
v 448.000000 9.641663 298.666700
v 455.816700 9.875000 294.700000
v 451.033300 9.875000 288.633300
v 449.866700 9.583328 281.050000
v 450.800000 9.991661 276.033300
v 448.000000 10.750000 268.800000
v 448.000000 9.641663 298.666700
v 451.033300 9.875000 288.633300
v 449.866700 9.583328 281.050000
v 220.966700 10.225000 318.616700
v 220.033300 10.166660 320.600000
v 224.000000 10.166660 320.600000
v 217.933300 23.816670 328.533300
v 218.866700 23.816670 328.533300
v 218.866700 23.758330 328.183300
v 217.933300 23.758330 328.183300
v 235.550000 10.341670 323.166700
v 236.250000 10.225000 323.166700
v 238.933300 9.816666 320.600000
v 238.933300 9.933334 318.733300
v 218.750000 10.225000 309.633300
v 218.750000 10.225000 312.200000
v 220.383300 10.225000 314.300000
v 222.833300 10.225000 298.666700
v 219.450000 10.225000 300.533300
v 219.450000 10.225000 302.516700
v 222.833300 10.225000 298.666700
v 219.450000 10.225000 302.516700
v 218.750000 10.225000 309.633300
v 218.750000 10.225000 309.633300
v 220.383300 10.225000 314.300000
v 220.733300 10.225000 315.116700
v 224.000000 10.166660 320.600000
v 224.233300 10.166660 320.833300
v 220.733300 10.225000 315.116700
v 220.966700 10.225000 318.616700
v 224.000000 10.166660 320.600000
v 224.233300 10.166660 320.833300
v 235.550000 10.341670 323.166700
v 238.933300 9.933334 318.733300
v 238.933300 10.575000 298.666700
v 222.833300 10.225000 298.666700
v 218.750000 10.225000 309.633300
v 224.233300 10.166660 320.833300
v 224.233300 9.699997 323.166700
v 235.550000 10.341670 323.166700
v 216.883300 32.391660 312.433300
v 216.766700 32.391660 301.116700
v 213.266700 32.274990 311.500000
v 217.116700 32.391660 312.666700
v 216.883300 32.391660 312.433300
v 213.266700 32.274990 311.500000
v 212.683300 32.391660 312.666700
v 217.466700 10.225000 308.933300
v 217.816700 10.225000 303.800000
v 215.366700 10.458330 310.216600
v 217.466700 10.225000 308.933300
v 215.366700 10.458330 310.216600
v 215.483300 10.399990 310.450000
v 217.933300 10.225000 311.500000
v 217.933300 10.225000 309.166700
v 212.683300 32.391660 312.666700
v 212.216700 32.391660 312.550000
v 212.216700 32.391660 313.016700
v 212.683300 32.391660 312.666700
v 212.216700 32.391660 313.016700
v 210.350000 32.391660 314.650000
v 209.300000 32.391660 317.333300
v 209.300000 32.391660 317.333300
v 209.300000 32.391660 318.150000
v 210.233300 32.391660 320.250000
v 211.750000 32.391660 321.766700
v 219.333300 32.333330 315.233300
v 217.816700 32.333330 313.016700
v 217.116700 32.391660 312.666700
v 219.566700 32.391660 318.383300
v 216.883300 32.391660 322.000000
v 218.400000 32.333330 320.833300
v 219.566700 32.391660 318.383300
v 209.300000 32.391660 317.333300
v 211.750000 32.391660 321.766700
v 212.450000 32.274990 322.933300
v 212.450000 32.274990 322.933300
v 212.450000 32.100000 328.533300
v 216.883300 32.391660 328.533300
v 216.883300 32.391660 322.000000
v 212.450000 32.274990 322.933300
v 216.883300 32.391660 322.000000
v 219.566700 32.391660 318.383300
v 217.116700 32.391660 312.666700
v 212.683300 32.391660 312.666700
v 209.300000 32.391660 317.333300
v 218.050000 21.308330 322.350000
v 218.050000 21.308330 323.866700
v 219.100000 21.308330 323.866700
v 221.783300 21.308330 323.866700
v 223.183300 21.308330 323.866700
v 223.183300 21.308330 322.350000
v 221.783300 21.308330 323.866700
v 223.183300 21.308330 322.350000
v 218.050000 21.308330 322.350000
v 219.100000 21.308330 323.866700
v 233.683300 10.575000 323.283300
v 235.433300 10.283330 323.283300
v 235.550000 10.341670 323.166700
v 233.100000 10.633330 323.283300
v 233.683300 10.575000 323.283300
v 235.550000 10.341670 323.166700
v 233.100000 10.633330 323.283300
v 235.550000 10.341670 323.166700
v 224.233300 9.699997 323.166700
v 224.233300 9.641663 323.283300
v 222.016700 21.308330 324.100000
v 222.016700 21.250000 325.383300
v 223.183300 21.250000 325.383300
v 223.183300 21.308330 323.866700
v 238.933300 9.933334 323.866700
v 236.600000 10.108330 323.516700
v 236.600000 9.991661 323.866700
v 226.916700 9.466667 324.916700
v 227.033300 9.524994 324.800000
v 227.616700 9.758331 324.100000
v 224.233300 9.641663 323.283300
v 227.500000 9.116661 328.533300
v 227.383300 9.291664 325.616700
v 226.916700 9.291664 325.266700
v 224.233300 9.641663 323.283300
v 224.233300 9.349998 328.533300
v 227.616700 9.758331 324.100000
v 232.750000 10.458330 324.100000
v 232.750000 10.575000 323.633300
v 227.616700 9.758331 324.100000
v 232.750000 10.575000 323.633300
v 233.100000 10.633330 323.283300
v 224.233300 9.641663 323.283300
v 224.233300 9.641663 323.283300
v 226.916700 9.291664 325.266700
v 226.916700 9.466667 324.916700
v 235.433300 10.283330 323.283300
v 233.683300 10.575000 323.283300
v 233.800000 10.516660 323.516700
v 223.183300 21.308330 323.866700
v 221.783300 21.308330 323.866700
v 222.016700 21.308330 324.100000
v 236.250000 10.225000 323.166700
v 236.600000 10.108330 323.516700
v 238.933300 9.933334 323.866700
v 238.933300 9.816666 320.600000
v 243.250000 8.824997 324.100000
v 264.716700 9.408333 325.266700
v 266.000000 9.466667 325.266700
v 268.800000 9.291664 300.533300
v 260.400000 9.583328 300.650000
v 256.200000 9.116661 304.150000
v 266.466700 9.758331 299.950000
v 268.800000 9.758331 299.950000
v 268.800000 9.758331 299.833300
v 268.800000 9.291664 300.533300
v 268.800000 9.758331 299.950000
v 266.466700 9.758331 299.950000
v 264.716700 9.758331 299.950000
v 260.750000 9.758331 299.950000
v 260.750000 9.291664 300.300000
v 268.800000 9.291664 300.533300
v 266.466700 9.758331 299.950000
v 264.716700 9.758331 299.950000
v 260.750000 9.291664 300.300000
v 260.400000 9.583328 300.650000
v 258.183300 9.116661 301.466600
v 256.550000 9.116661 301.466600
v 257.250000 9.116661 302.050000
v 258.183300 9.116661 301.466600
v 257.250000 9.116661 302.050000
v 257.250000 9.116661 302.633300
v 260.400000 9.583328 300.650000
v 258.416700 9.466667 300.766700
v 258.183300 9.116661 301.466600
v 252.933300 9.000000 301.233300
v 252.933300 8.824997 298.666700
v 238.933300 10.575000 298.666700
v 254.333300 9.116661 301.583300
v 254.916700 9.116661 301.583300
v 255.150000 9.116661 301.466600
v 254.450000 9.116661 302.166700
v 254.916700 9.116661 301.583300
v 254.333300 9.116661 301.583300
v 254.916700 9.116661 303.566700
v 254.916700 9.116661 303.216600
v 254.450000 9.116661 302.750000
v 254.450000 9.116661 302.750000
v 254.450000 9.116661 302.166700
v 254.333300 9.116661 301.583300
v 253.400000 9.058334 301.583300
v 238.933300 9.933334 318.733300
v 239.283300 9.875000 318.383300
v 238.933300 10.575000 298.666700
v 242.433300 8.766663 320.133300
v 242.433300 8.766663 323.633300
v 243.250000 8.824997 324.100000
v 267.400000 9.466667 327.950000
v 267.050000 9.466667 328.533300
v 268.800000 9.116661 328.533300
v 263.666700 9.349998 326.083300
v 264.716700 9.408333 325.266700
v 242.666700 9.000000 325.266700
v 242.666700 9.000000 325.266700
v 242.783300 9.116661 328.533300
v 263.433300 9.408333 326.550000
v 263.666700 9.349998 326.083300
v 239.283300 9.875000 318.383300
v 240.333300 9.466667 318.266700
v 240.683300 9.408333 317.916700
v 238.933300 10.575000 298.666700
v 242.783300 9.116661 328.533300
v 263.433300 9.408333 328.066700
v 263.433300 9.408333 326.550000
v 254.450000 9.116661 302.750000
v 253.400000 9.058334 301.583300
v 252.933300 9.000000 301.233300
v 238.933300 10.575000 298.666700
v 254.916700 9.116661 303.566700
v 238.933300 10.575000 298.666700
v 240.683300 9.408333 317.916700
v 241.150000 9.291664 317.916700
v 242.783300 9.116661 328.533300
v 263.783300 9.466667 328.533300
v 263.433300 9.408333 328.066700
v 238.933300 10.575000 298.666700
v 241.150000 9.291664 317.916700
v 241.500000 9.174995 318.266700
v 243.250000 8.824997 324.100000
v 243.250000 8.941666 324.916700
v 264.716700 9.408333 325.266700
v 255.616700 9.116661 304.150000
v 254.916700 9.116661 303.566700
v 238.933300 10.575000 298.666700
v 241.500000 9.174995 318.266700
v 242.083300 8.941666 318.850000
v 243.250000 8.941666 324.916700
v 242.666700 9.000000 325.266700
v 264.716700 9.408333 325.266700
v 241.150000 9.000000 323.633300
v 240.333300 9.291664 321.883300
v 239.866700 9.524994 321.883300
v 238.933300 9.933334 323.866700
v 239.866700 9.524994 321.883300
v 239.633300 9.641663 321.300000
v 238.933300 9.816666 320.600000
v 238.933300 9.933334 323.866700
v 256.200000 9.116661 304.150000
v 242.433300 8.883331 319.200000
v 242.433300 8.766663 320.133300
v 241.033300 8.941666 321.533300
v 240.333300 9.291664 321.883300
v 242.433300 8.766663 323.633300
v 255.616700 9.116661 304.150000
v 242.083300 8.941666 318.850000
v 242.433300 8.883331 319.200000
v 256.200000 9.116661 304.150000
v 240.333300 9.291664 321.883300
v 241.150000 9.000000 323.633300
v 242.433300 8.766663 323.633300
v 242.433300 8.766663 320.133300
v 241.500000 8.766663 320.833300
v 241.033300 8.941666 321.533300
v 242.433300 8.766663 323.633300
v 258.183300 9.116661 301.466600
v 257.250000 9.116661 302.633300
v 256.200000 9.116661 304.150000
v 260.400000 9.583328 300.650000
v 241.500000 9.174995 318.266700
v 241.500000 9.058334 318.733300
v 242.083300 8.941666 318.850000
v 267.400000 9.408333 326.550000
v 267.400000 9.466667 327.950000
v 268.800000 9.116661 328.533300
v 256.200000 9.116661 304.150000
v 242.433300 8.766663 320.133300
v 243.250000 8.824997 324.100000
v 266.000000 9.466667 325.266700
v 268.800000 9.291664 300.533300
v 256.200000 9.116661 304.150000
v 267.400000 9.408333 326.550000
v 268.800000 9.116661 328.533300
v 256.200000 9.116661 304.150000
v 266.000000 9.466667 325.266700
v 266.700000 9.408333 325.616700
v 256.200000 9.116661 304.150000
v 266.700000 9.408333 325.616700
v 267.400000 9.408333 326.550000
v 278.016700 9.116661 301.466600
v 277.433300 9.116661 301.466600
v 276.966600 9.116661 302.983300
v 278.250000 9.116661 301.233300
v 278.016700 9.116661 301.466600
v 276.966600 9.116661 302.983300
v 294.933300 9.116661 303.450000
v 294.933300 9.116661 298.666700
v 278.250000 9.116661 298.666700
v 278.250000 9.116661 301.233300
v 294.933300 9.116661 303.450000
v 276.383300 9.116661 303.450000
v 294.933300 9.116661 303.450000
v 276.966600 9.116661 302.983300
v 294.933300 9.116661 305.900000
v 294.933300 9.116661 306.366700
v 295.983300 9.116661 306.366700
v 294.933300 9.116661 303.450000
v 294.933300 9.116661 305.900000
v 295.983300 9.116661 306.366700
v 294.933300 9.116661 303.450000
v 295.983300 9.116661 306.366700
v 295.983300 9.116661 298.666700
v 294.933300 9.116661 298.666700
v 268.800000 9.291664 300.533300
v 270.783300 9.291664 300.650000
v 270.550000 9.291664 300.416700
v 270.550000 9.291664 300.416700
v 270.550000 9.758331 299.833300
v 268.800000 9.758331 299.833300
v 268.800000 9.291664 300.533300
v 274.633300 9.116661 302.283300
v 274.633300 9.116661 301.466600
v 273.233300 9.116661 301.466600
v 273.000000 9.466667 300.766700
v 270.900000 9.583328 300.650000
v 270.783300 9.291664 300.650000
v 273.233300 9.116661 301.466600
v 284.783300 9.116661 326.083300
v 287.000000 9.116661 325.150000
v 284.666700 9.116661 321.416700
v 286.416700 9.116661 328.533300
v 285.483300 9.116661 327.716600
v 284.666700 9.116661 327.716600
v 287.583300 9.116661 305.900000
v 294.933300 9.116661 305.900000
v 294.933300 9.116661 303.450000
v 286.416700 9.116661 328.533300
v 286.416700 9.116661 327.716600
v 285.483300 9.116661 327.716600
v 286.883300 9.174995 305.900000
v 287.583300 9.116661 305.900000
v 294.933300 9.116661 303.450000
v 286.416700 9.116661 327.716600
v 286.416700 9.116661 326.083300
v 285.833300 9.116661 326.550000
v 285.833300 9.116661 327.366700
v 285.483300 9.116661 319.783300
v 286.416700 9.116661 319.783300
v 286.416700 9.116661 306.600000
v 284.550000 9.116661 319.783300
v 285.483300 9.116661 319.783300
v 286.416700 9.116661 306.600000
v 286.416700 9.116661 326.083300
v 285.483300 9.116661 326.083300
v 285.833300 9.116661 326.550000
v 285.833300 9.116661 327.366700
v 285.483300 9.116661 327.716600
v 286.416700 9.116661 327.716600
v 294.933300 9.116661 305.900000
v 287.583300 9.116661 305.900000
v 287.816700 9.116661 306.366700
v 294.933300 9.116661 306.366700
v 286.883300 9.174995 305.900000
v 294.933300 9.116661 303.450000
v 276.383300 9.116661 303.450000
v 286.416700 9.116661 306.600000
v 276.383300 9.116661 303.450000
v 275.683300 9.116661 303.450000
v 284.200000 9.116661 320.133300
v 284.550000 9.116661 319.783300
v 286.416700 9.116661 306.600000
v 286.883300 9.174995 305.900000
v 276.383300 9.116661 303.450000
v 286.416700 9.116661 319.783300
v 285.483300 9.116661 319.783300
v 285.833300 9.116661 320.250000
v 285.833300 9.116661 320.950000
v 285.366700 9.116661 321.416700
v 286.416700 9.116661 321.416700
v 286.416700 9.116661 321.416700
v 286.416700 9.116661 319.783300
v 285.833300 9.116661 320.250000
v 285.833300 9.116661 320.950000
v 286.650000 9.116661 322.233300
v 286.416700 9.116661 321.416700
v 285.366700 9.116661 321.416700
v 287.116700 9.116661 322.583300
v 286.650000 9.116661 322.233300
v 285.366700 9.116661 321.416700
v 284.666700 9.116661 321.416700
v 273.233300 9.116661 301.466600
v 270.783300 9.291664 300.650000
v 268.800000 9.291664 300.533300
v 291.783300 9.116661 322.583300
v 291.783300 9.116661 322.000000
v 288.050000 9.116661 322.000000
v 287.583300 9.116661 322.583300
v 287.700000 9.116661 325.150000
v 291.783300 9.116661 325.150000
v 291.783300 9.116661 322.583300
v 287.583300 9.116661 322.583300
v 275.683300 9.116661 303.450000
v 274.633300 9.116661 302.283300
v 273.233300 9.116661 301.466600
v 287.000000 9.116661 325.150000
v 287.700000 9.116661 325.150000
v 287.583300 9.116661 322.583300
v 287.116700 9.116661 322.583300
v 285.483300 9.116661 326.083300
v 286.416700 9.116661 326.083300
v 287.000000 9.116661 325.150000
v 284.783300 9.116661 326.083300
v 285.483300 9.116661 326.083300
v 287.000000 9.116661 325.150000
v 287.000000 9.116661 325.150000
v 287.116700 9.116661 322.583300
v 284.666700 9.116661 321.416700
v 291.783300 9.116661 325.150000
v 287.700000 9.116661 325.150000
v 287.933300 9.116661 325.616700
v 291.783300 9.116661 325.616700
v 284.200000 9.116661 326.550000
v 284.783300 9.116661 326.083300
v 284.666700 9.116661 321.416700
v 284.200000 9.116661 320.950000
v 268.800000 9.116661 328.533300
v 268.800000 9.116661 328.533300
v 284.200000 9.116661 327.250000
v 284.200000 9.116661 326.550000
v 275.683300 9.116661 303.450000
v 273.233300 9.116661 301.466600
v 268.800000 9.291664 300.533300
v 268.800000 9.116661 328.533300
v 284.200000 9.116661 320.950000
v 284.200000 9.116661 320.133300
v 268.800000 9.116661 328.533300
v 286.416700 9.116661 328.533300
v 284.666700 9.116661 327.716600
v 268.800000 9.116661 328.533300
v 284.666700 9.116661 327.716600
v 284.200000 9.116661 327.250000
v 298.783300 4.391663 298.666700
v 298.783300 4.391663 299.250000
v 303.800000 4.391663 299.250000
v 298.783300 4.391663 298.666700
v 303.800000 4.391663 299.250000
v 304.850000 4.449997 299.250000
v 328.533300 4.333328 298.666700
v 304.850000 4.449997 299.250000
v 305.433300 4.508331 299.483300
v 298.783300 4.391663 303.333300
v 303.800000 4.449997 303.333300
v 303.216600 4.566666 303.100000
v 298.783300 4.391663 303.333300
v 303.216600 4.566666 303.100000
v 302.400000 4.508331 302.283300
v 298.783300 4.391663 303.333300
v 302.400000 4.508331 302.283300
v 302.283300 4.449997 300.766700
v 298.783300 4.391663 299.250000
v 302.516700 4.566666 300.183300
v 303.333300 4.449997 299.366700
v 298.783300 4.391663 299.250000
v 298.783300 4.391663 299.250000
v 302.283300 4.449997 300.766700
v 302.516700 4.566666 300.183300
v 303.333300 4.449997 299.366700
v 303.800000 4.391663 299.250000
v 298.783300 4.391663 299.250000
v 311.266700 4.333328 323.400000
v 325.383300 4.333328 324.566700
v 325.616700 4.333328 321.183300
v 311.033300 4.333328 306.250000
v 310.216600 4.333328 311.733300
v 310.216600 4.333328 316.633300
v 310.216600 4.333328 316.633300
v 310.916700 4.333328 322.000000
v 311.266700 4.333328 323.400000
v 310.916700 4.333328 325.500000
v 325.616700 4.333328 326.433300
v 325.383300 4.333328 324.566700
v 311.266700 4.333328 323.400000
v 328.533300 4.333328 298.666700
v 298.783300 4.391663 298.666700
v 304.850000 4.449997 299.250000
v 305.433300 4.508331 299.483300
v 306.250000 4.391663 300.300000
v 328.533300 4.333328 298.666700
v 303.800000 4.449997 303.333300
v 298.783300 4.391663 303.333300
v 298.783300 4.391663 304.616700
v 304.850000 4.391663 303.333300
v 303.800000 4.449997 303.333300
v 298.783300 4.391663 304.616700
v 310.333300 4.333328 304.616700
v 306.250000 4.391663 300.300000
v 306.366700 4.449997 300.883300
v 328.533300 4.333328 298.666700
v 304.850000 4.391663 303.333300
v 310.333300 4.333328 304.616700
v 311.150000 4.333328 304.616700
v 308.466600 4.333328 305.550000
v 309.866700 4.333328 305.550000
v 309.866700 4.333328 304.966600
v 308.116700 4.333328 305.550000
v 308.466600 4.333328 305.550000
v 309.866700 4.333328 304.966600
v 308.116700 4.333328 305.550000
v 309.866700 4.333328 304.966600
v 310.333300 4.333328 304.616700
v 298.783300 4.391663 304.616700
v 298.783300 4.391663 305.550000
v 310.216600 4.333328 316.633300
v 309.633300 4.333328 316.866700
v 309.633300 4.333328 320.833300
v 310.916700 4.333328 322.000000
v 306.133300 4.508331 302.400000
v 305.316700 4.449997 303.216600
v 311.150000 4.333328 304.616700
v 305.316700 4.449997 303.216600
v 304.850000 4.391663 303.333300
v 311.150000 4.333328 304.616700
v 298.783300 4.391663 306.250000
v 307.650000 4.333328 306.250000
v 307.650000 4.333328 305.900000
v 298.783300 4.391663 305.550000
v 308.116700 4.333328 305.550000
v 298.783300 4.391663 305.550000
v 307.650000 4.333328 305.900000
v 308.933300 4.333328 305.900000
v 308.933300 4.333328 306.250000
v 309.400000 4.333328 306.250000
v 309.400000 4.333328 306.250000
v 310.216600 4.333328 306.250000
v 309.866700 4.333328 305.550000
v 308.933300 4.333328 305.900000
v 309.866700 4.333328 305.550000
v 308.466600 4.333328 305.550000
v 308.933300 4.333328 305.900000
v 310.216600 4.333328 306.250000
v 309.400000 4.333328 306.250000
v 309.633300 4.333328 306.483300
v 311.033300 4.333328 306.250000
v 310.216600 4.333328 306.250000
v 309.633300 4.333328 306.483300
v 309.633300 4.333328 311.500000
v 310.216600 4.333328 311.733300
v 310.916700 4.333328 325.500000
v 309.633300 4.333328 326.666700
v 309.633300 4.333328 328.533300
v 326.316700 4.333328 328.533300
v 325.616700 4.333328 326.433300
v 306.366700 4.449997 300.883300
v 306.133300 4.508331 302.400000
v 311.150000 4.333328 304.616700
v 328.533300 4.333328 298.666700
v 311.500000 4.333328 305.900000
v 311.033300 4.333328 306.250000
v 310.216600 4.333328 316.633300
v 327.133300 4.333328 317.450000
v 328.533300 4.333328 315.700000
v 328.533300 4.333328 298.666700
v 311.266700 4.333328 323.400000
v 325.616700 4.333328 321.183300
v 326.200000 4.333328 319.316700
v 310.216600 4.333328 316.633300
v 311.266700 4.333328 323.400000
v 326.200000 4.333328 319.316700
v 327.133300 4.333328 317.450000
v 328.533300 4.333328 298.666700
v 311.500000 4.333328 305.083300
v 311.500000 4.333328 305.900000
v 328.533300 4.333328 298.666700
v 311.150000 4.333328 304.616700
v 311.500000 4.333328 305.083300
v 335.416700 4.333328 313.016700
v 331.566700 4.333328 315.116700
v 330.050000 4.333328 318.033300
v 346.500000 4.333328 327.483300
v 342.650000 4.333328 314.650000
v 339.616700 4.333328 313.600000
v 328.533300 4.333328 298.666700
v 336.933300 4.333328 311.733300
v 337.983300 4.333328 311.733300
v 328.533300 4.333328 315.700000
v 330.750000 4.333328 313.716600
v 328.533300 4.333328 298.666700
v 339.616700 4.333328 313.600000
v 339.150000 4.333328 313.016700
v 335.416700 4.333328 313.016700
v 331.566700 4.333328 315.116700
v 329.233300 4.333328 317.333300
v 330.050000 4.333328 318.033300
v 333.433300 4.333328 313.600000
v 331.683300 4.333328 314.533300
v 331.566700 4.333328 315.116700
v 335.416700 4.333328 313.016700
v 335.766700 5.558334 314.066700
v 336.700000 5.441666 312.900000
v 335.300000 5.441666 312.900000
v 333.316700 5.441666 313.483300
v 333.550000 5.558334 314.650000
v 349.300000 4.333328 326.433300
v 348.600000 4.333328 328.533300
v 358.400000 4.333328 328.533300
v 349.533300 4.333328 323.050000
v 349.300000 4.333328 326.433300
v 358.400000 4.333328 328.533300
v 349.300000 4.333328 321.183300
v 349.533300 4.333328 323.050000
v 358.400000 4.333328 328.533300
v 330.750000 4.333328 313.716600
v 332.966600 4.333328 312.550000
v 328.533300 4.333328 298.666700
v 332.966600 4.333328 312.550000
v 334.833300 4.333328 311.966600
v 328.533300 4.333328 298.666700
v 334.833300 4.333328 311.966600
v 336.933300 4.333328 311.733300
v 328.533300 4.333328 298.666700
v 336.700000 5.441666 312.900000
v 337.050000 5.441666 312.900000
v 335.300000 5.441666 312.900000
v 331.100000 5.441666 314.650000
v 330.166700 5.441666 315.466600
v 331.916700 5.558334 315.700000
v 333.550000 5.558334 314.650000
v 333.316700 5.441666 313.483300
v 348.716700 4.333328 319.200000
v 349.300000 4.333328 321.183300
v 358.400000 4.333328 328.533300
v 347.783300 4.333328 317.450000
v 348.716700 4.333328 319.200000
v 358.400000 4.333328 328.533300
v 328.533300 4.333328 298.666700
v 337.983300 4.333328 311.733300
v 340.083300 4.333328 311.966600
v 345.333300 4.333328 314.650000
v 347.783300 4.333328 317.450000
v 358.400000 4.333328 328.533300
v 358.400000 4.333328 298.666700
v 328.533300 4.333328 298.666700
v 340.083300 4.333328 311.966600
v 343.583300 4.333328 313.366700
v 358.400000 4.333328 298.666700
v 343.583300 4.333328 313.366700
v 345.333300 4.333328 314.650000
v 358.400000 4.333328 298.666700
v 365.750000 4.566666 324.216600
v 371.000000 4.333328 323.633300
v 365.750000 4.333328 314.883300
v 365.050000 4.333328 314.300000
v 358.400000 4.333328 298.666700
v 365.750000 4.333328 299.133300
v 366.100000 4.333328 299.133300
v 366.100000 4.333328 299.133300
v 382.900000 4.333328 299.133300
v 383.016700 4.333328 298.666700
v 358.400000 4.333328 298.666700
v 364.816700 4.333328 305.083300
v 365.516700 4.333328 305.083300
v 365.516700 4.333328 300.533300
v 364.233300 4.333328 305.083300
v 364.816700 4.333328 305.083300
v 365.516700 4.333328 300.533300
v 363.533300 4.333328 305.083300
v 364.233300 4.333328 305.083300
v 365.516700 4.333328 300.533300
v 365.050000 4.333328 300.183300
v 358.400000 4.333328 328.533300
v 365.050000 4.333328 328.533300
v 364.933300 4.333328 326.433300
v 370.300000 4.333328 315.116700
v 370.183300 4.333328 314.883300
v 365.750000 4.333328 314.883300
v 371.000000 4.333328 323.633300
v 381.266700 4.625000 299.833300
v 383.600000 4.333328 299.833300
v 382.900000 4.333328 299.366700
v 381.266700 4.625000 299.833300
v 382.900000 4.333328 299.366700
v 382.900000 4.333328 299.133300
v 378.350000 4.333328 299.250000
v 378.700000 4.333328 299.366700
v 380.566700 4.566666 299.833300
v 378.700000 4.333328 299.366700
v 378.933300 4.333328 299.833300
v 380.566700 4.566666 299.833300
v 382.900000 4.333328 299.133300
v 366.100000 4.333328 299.133300
v 378.350000 4.333328 299.250000
v 378.583300 4.333328 302.983300
v 379.166700 4.683334 302.983300
v 378.816700 4.625000 302.166700
v 379.983300 4.625000 299.950000
v 380.566700 4.566666 299.833300
v 378.933300 4.333328 299.833300
v 379.050000 4.625000 300.766700
v 379.983300 4.625000 299.950000
v 378.933300 4.333328 299.833300
v 378.933300 4.333328 300.300000
v 378.583300 4.333328 300.533300
v 378.583300 4.333328 302.983300
v 378.816700 4.625000 302.166700
v 379.050000 4.625000 300.766700
v 378.933300 4.333328 300.300000
v 382.900000 4.625000 302.283300
v 382.666700 4.625000 302.983300
v 383.600000 4.333328 302.983300
v 383.600000 4.333328 299.833300
v 381.266700 4.625000 299.833300
v 381.966700 4.625000 300.066700
v 383.600000 4.333328 299.833300
v 381.966700 4.625000 300.066700
v 382.783300 4.625000 301.000000
v 382.783300 4.625000 301.000000
v 382.900000 4.625000 302.283300
v 383.600000 4.333328 302.983300
v 383.600000 4.333328 299.833300
v 364.000000 4.333328 308.000000
v 364.000000 4.333328 307.066700
v 363.300000 4.333328 306.833300
v 365.050000 4.333328 314.300000
v 365.050000 4.333328 313.950000
v 364.000000 4.333328 308.000000
v 363.300000 4.333328 306.833300
v 365.050000 4.333328 299.716600
v 365.750000 4.333328 299.133300
v 358.400000 4.333328 298.666700
v 377.883300 4.333328 323.633300
v 378.116700 4.508331 324.333300
v 378.466700 4.625000 324.450000
v 380.566700 4.625000 324.333300
v 380.566700 4.333328 323.633300
v 365.516700 4.333328 313.600000
v 365.516700 4.333328 308.233300
v 364.233300 4.333328 308.233300
v 365.050000 4.333328 313.950000
v 365.516700 4.333328 313.600000
v 364.233300 4.333328 308.233300
v 364.000000 4.333328 308.000000
v 363.300000 4.333328 306.833300
v 363.300000 4.333328 305.316700
v 358.400000 4.333328 298.666700
v 374.150000 4.683334 323.750000
v 374.850000 4.683334 323.750000
v 376.250000 4.333328 323.633300
v 372.633300 4.333328 323.633300
v 378.583300 4.333328 311.150000
v 378.583300 4.333328 313.600000
v 378.933300 4.333328 313.833300
v 382.900000 4.333328 314.650000
v 383.600000 4.333328 314.416700
v 383.600000 4.333328 311.150000
v 378.933300 4.333328 314.416700
v 378.583300 4.333328 314.766700
v 382.900000 4.333328 315.116700
v 382.900000 4.333328 314.650000
v 378.583300 4.333328 314.766700
v 373.916700 4.333328 314.883300
v 373.800000 4.333328 315.116700
v 382.900000 4.333328 315.116700
v 378.933300 4.333328 313.833300
v 378.933300 4.333328 314.416700
v 382.900000 4.333328 314.650000
v 383.833300 4.333328 316.166700
v 383.600000 4.333328 315.583300
v 383.250000 4.333328 315.583300
v 384.766700 4.333328 318.383300
v 384.766700 4.333328 316.166700
v 383.833300 4.333328 316.166700
v 384.766700 4.333328 318.383300
v 383.833300 4.333328 316.166700
v 383.250000 4.333328 315.583300
v 380.800000 4.333328 318.383300
v 380.566700 4.333328 318.383300
v 382.900000 4.333328 315.116700
v 373.800000 4.333328 315.116700
v 372.633300 4.333328 323.633300
v 376.250000 4.333328 323.633300
v 380.566700 4.333328 318.383300
v 380.800000 4.333328 318.383300
v 383.250000 4.333328 315.583300
v 382.900000 4.333328 315.116700
v 372.633300 4.333328 323.633300
v 373.800000 4.333328 315.116700
v 370.300000 4.333328 315.116700
v 371.000000 4.333328 323.633300
v 377.883300 4.333328 323.633300
v 380.566700 4.333328 323.633300
v 380.566700 4.333328 318.616700
v 377.883300 4.333328 323.633300
v 380.566700 4.333328 318.616700
v 380.566700 4.333328 318.383300
v 376.250000 4.333328 323.633300
v 363.300000 4.333328 305.316700
v 363.533300 4.333328 305.083300
v 365.050000 4.333328 300.183300
v 365.050000 4.333328 299.716600
v 358.400000 4.333328 298.666700
v 380.566700 4.333328 318.616700
v 380.800000 4.333328 318.383300
v 380.566700 4.333328 318.383300
v 366.683300 4.508331 324.216600
v 370.766700 4.391663 324.216600
v 371.000000 4.333328 323.633300
v 365.750000 4.566666 324.216600
v 366.683300 4.508331 324.216600
v 371.000000 4.333328 323.633300
v 364.933300 4.333328 326.433300
v 365.633300 4.625000 326.200000
v 365.516700 4.333328 324.450000
v 358.400000 4.333328 328.533300
v 358.400000 4.333328 328.533300
v 365.516700 4.333328 324.450000
v 365.750000 4.566666 324.216600
v 365.050000 4.333328 314.300000
v 363.300000 4.333328 306.833300
v 358.400000 4.333328 298.666700
v 404.366700 9.116661 299.366700
v 405.766700 9.116661 299.366700
v 405.300000 9.116661 298.666700
v 404.366700 9.116661 298.666700
v 395.033300 9.233330 325.266700
v 388.266700 9.233330 325.266700
v 388.266700 9.233330 328.533300
v 396.083300 9.116661 328.533300
v 405.766700 9.116661 299.366700
v 404.366700 9.116661 299.366700
v 404.366700 9.116661 300.300000
v 405.766700 9.116661 299.366700
v 404.366700 9.116661 300.300000
v 404.133300 9.116661 300.533300
v 406.466700 9.116661 299.366700
v 418.133300 9.116661 298.666700
v 406.933300 9.116661 298.666700
v 406.466700 9.116661 299.366700
v 391.066700 9.233330 320.016700
v 388.266700 9.233330 320.016700
v 388.266700 9.233330 325.266700
v 396.083300 9.116661 328.533300
v 396.083300 9.116661 325.150000
v 395.033300 9.233330 325.266700
v 401.100000 9.116661 300.533300
v 401.100000 9.116661 314.416700
v 401.683300 9.116661 314.650000
v 404.133300 9.116661 300.533300
v 389.316700 9.000000 316.050000
v 390.950000 9.116661 316.050000
v 390.833300 9.116661 315.816700
v 389.316700 9.000000 315.816700
v 390.950000 9.116661 316.050000
v 389.316700 9.000000 316.050000
v 389.316700 9.000000 318.500000
v 390.950000 9.116661 316.050000
v 389.316700 9.000000 318.500000
v 395.150000 9.116661 318.500000
v 394.450000 9.116661 316.050000
v 394.800000 9.233330 324.683300
v 392.000000 9.233330 320.016700
v 391.066700 9.233330 320.016700
v 388.266700 9.233330 325.266700
v 395.033300 9.233330 325.266700
v 394.450000 9.116661 316.050000
v 395.150000 9.116661 318.500000
v 395.966700 9.116661 318.500000
v 389.316700 9.000000 318.500000
v 389.316700 9.000000 318.616700
v 391.183300 9.116661 318.616700
v 389.316700 9.000000 318.500000
v 391.183300 9.116661 318.616700
v 392.000000 9.116661 318.616700
v 392.000000 9.116661 318.616700
v 395.033300 9.116661 318.616700
v 395.150000 9.116661 318.500000
v 389.316700 9.000000 318.500000
v 394.800000 9.233330 324.683300
v 394.916700 9.233330 324.216600
v 395.266700 9.233330 320.016700
v 392.000000 9.233330 320.016700
v 394.916700 9.233330 324.216600
v 395.266700 9.233330 323.983300
v 395.266700 9.233330 320.016700
v 389.316700 9.000000 318.616700
v 389.316700 9.000000 318.850000
v 391.066700 9.116661 318.850000
v 391.183300 9.116661 318.616700
v 395.033300 9.116661 318.616700
v 392.000000 9.116661 318.616700
v 392.116700 9.116661 318.850000
v 394.916700 9.116661 318.850000
v 388.616700 9.233330 319.666700
v 388.266700 9.233330 319.783300
v 388.266700 9.233330 320.016700
v 391.066700 9.233330 320.016700
v 390.833300 9.233330 319.666700
v 395.266700 9.233330 320.016700
v 395.150000 9.233330 319.666700
v 392.233300 9.233330 319.666700
v 392.000000 9.233330 320.016700
v 394.566700 9.116661 315.816700
v 394.450000 9.116661 316.050000
v 395.966700 9.116661 318.500000
v 396.200000 9.116661 318.733300
v 400.866700 9.116661 315.816700
v 401.800000 9.116661 315.233300
v 400.866700 9.116661 315.816700
v 396.083300 9.116661 328.533300
v 418.133300 9.116661 328.533300
v 418.133300 9.116661 298.666700
v 406.466700 9.116661 299.366700
v 404.133300 9.116661 300.533300
v 401.683300 9.116661 314.650000
v 401.800000 9.116661 315.233300
v 418.133300 9.116661 328.533300
v 396.200000 9.116661 318.733300
v 396.083300 9.116661 325.150000
v 396.083300 9.116661 328.533300
v 400.866700 9.116661 315.816700
v 448.000000 9.641663 298.666700
v 445.433300 9.116661 304.150000
v 446.600000 9.116661 305.083300
v 444.733300 9.116661 304.150000
v 445.433300 9.116661 304.150000
v 448.000000 9.641663 298.666700
v 448.000000 9.641663 298.666700
v 446.600000 9.116661 305.550000
v 446.600000 9.116661 307.066700
v 448.000000 9.116661 315.350000
v 448.000000 9.116661 328.533300
v 447.416700 9.116661 321.183300
v 446.950000 9.116661 321.183300
v 441.816700 9.116661 306.600000
v 443.566700 9.116661 306.600000
v 443.100000 9.116661 305.666700
v 441.466700 9.116661 306.600000
v 441.816700 9.116661 306.600000
v 443.100000 9.116661 305.666700
v 448.000000 9.116661 328.533300
v 448.000000 9.116661 321.183300
v 447.416700 9.116661 321.183300
v 447.416700 9.116661 321.183300
v 448.000000 9.116661 321.183300
v 448.000000 9.116661 319.783300
v 446.600000 9.116661 307.066700
v 446.250000 9.116661 307.416700
v 448.000000 9.116661 315.350000
v 446.600000 9.116661 305.550000
v 446.366700 9.116661 305.666700
v 446.600000 9.116661 307.066700
v 443.100000 9.116661 304.850000
v 443.450000 9.116661 304.500000
v 448.000000 9.641663 298.666700
v 443.450000 9.116661 304.500000
v 444.733300 9.116661 304.150000
v 448.000000 9.641663 298.666700
v 441.466700 9.116661 306.600000
v 443.100000 9.116661 305.666700
v 443.100000 9.116661 304.850000
v 446.250000 9.116661 319.900000
v 442.750000 9.116661 309.983300
v 442.050000 9.116661 309.516700
v 441.000000 9.116661 308.350000
v 440.883300 9.116661 307.066700
v 418.133300 9.116661 298.666700
v 443.450000 9.116661 304.500000
v 444.616700 9.116661 304.383300
v 444.733300 9.116661 304.150000
v 440.883300 9.116661 307.066700
v 441.466700 9.116661 306.600000
v 443.100000 9.116661 304.850000
v 448.000000 9.641663 298.666700
v 418.133300 9.116661 298.666700
v 443.100000 9.116661 306.716600
v 443.566700 9.116661 306.716600
v 443.566700 9.116661 306.600000
v 442.750000 9.116661 306.716600
v 443.100000 9.116661 306.716600
v 443.566700 9.116661 306.600000
v 442.750000 9.116661 306.716600
v 443.566700 9.116661 306.600000
v 441.816700 9.116661 306.600000
v 441.933300 9.116661 306.716600
v 442.750000 9.116661 306.716600
v 441.933300 9.116661 306.716600
v 442.166700 9.116661 307.066700
v 443.566700 9.116661 306.716600
v 443.100000 9.116661 306.716600
v 443.333300 9.116661 307.066700
v 443.683300 9.116661 306.950000
v 445.783300 9.116661 307.416700
v 445.433300 9.116661 307.416700
v 445.083300 9.116661 307.883300
v 446.250000 9.116661 307.416700
v 445.783300 9.116661 307.416700
v 445.083300 9.116661 307.883300
v 448.000000 9.641663 298.666700
v 446.600000 9.116661 305.083300
v 446.600000 9.116661 305.550000
v 444.500000 9.116661 307.883300
v 443.916700 9.116661 307.883300
v 443.916700 9.116661 308.233300
v 445.083300 9.116661 307.883300
v 444.500000 9.116661 307.883300
v 443.916700 9.116661 308.233300
v 442.050000 9.116661 309.516700
v 441.583300 9.174995 308.583300
v 441.000000 9.116661 308.350000
v 443.916700 9.116661 308.233300
v 443.450000 9.116661 308.583300
v 443.683300 9.116661 309.516700
v 445.083300 9.116661 307.883300
v 446.250000 9.116661 319.900000
v 446.600000 9.116661 319.433300
v 447.183300 9.116661 316.983300
v 443.100000 9.116661 309.983300
v 442.750000 9.116661 309.983300
v 447.183300 9.116661 316.983300
v 447.533300 9.116661 316.633300
v 448.000000 9.116661 315.350000
v 443.683300 9.116661 309.516700
v 443.100000 9.116661 309.983300
v 446.250000 9.116661 307.416700
v 445.083300 9.116661 307.883300
v 443.683300 9.116661 309.516700
v 448.000000 9.116661 315.350000
v 448.000000 9.116661 328.533300
v 446.950000 9.116661 321.183300
v 446.250000 9.116661 320.716600
v 446.250000 9.116661 320.716600
v 446.250000 9.116661 319.900000
v 442.050000 9.116661 309.516700
v 446.250000 9.116661 320.716600
v 442.050000 9.116661 309.516700
v 441.000000 9.116661 308.350000
v 418.133300 9.116661 298.666700
v 418.133300 9.116661 328.533300
v 448.000000 9.116661 328.533300
v 464.800000 10.225000 309.516700
v 464.100000 10.516660 299.950000
v 461.766700 10.399990 298.666700
v 456.750000 9.641663 309.516700
v 452.550000 9.233330 311.966600
v 449.633300 9.116661 315.116700
v 448.000000 9.116661 319.783300
v 448.000000 9.116661 328.533300
v 459.316700 9.466667 328.533300
v 459.316700 9.699997 320.250000
v 455.816700 9.524994 309.516700
v 456.750000 9.641663 309.516700
v 461.766700 10.399990 298.666700
v 452.316700 9.233330 310.450000
v 452.666700 9.291664 310.450000
v 454.066700 9.349998 309.983300
v 454.066700 9.349998 309.983300
v 455.350000 9.408333 309.866700
v 455.816700 9.524994 309.516700
v 451.850000 9.233330 310.450000
v 452.316700 9.233330 310.450000
v 454.066700 9.349998 309.983300
v 459.316700 9.699997 320.250000
v 459.550000 9.699997 320.016700
v 462.583300 9.933334 316.866700
v 463.283300 9.933334 314.066700
v 462.466700 9.816666 311.966600
v 452.550000 9.233330 311.966600
v 456.750000 9.641663 309.516700
v 456.983300 9.641663 309.866700
v 458.150000 9.524994 309.866700
v 456.750000 9.641663 309.516700
v 458.150000 9.524994 309.866700
v 459.200000 9.466667 309.866700
v 459.200000 9.466667 309.866700
v 464.800000 10.166660 309.866700
v 464.800000 10.225000 309.516700
v 456.750000 9.641663 309.516700
v 458.150000 9.524994 309.866700
v 456.983300 9.641663 309.866700
v 456.983300 9.641663 310.100000
v 463.983300 10.050000 310.333300
v 464.800000 10.108330 310.333300
v 464.800000 10.166660 309.866700
v 463.166700 9.991661 310.333300
v 463.983300 10.050000 310.333300
v 464.800000 10.166660 309.866700
v 462.583300 9.933334 310.333300
v 463.166700 9.991661 310.333300
v 464.800000 10.166660 309.866700
v 459.200000 9.466667 309.866700
v 460.250000 9.641663 310.216600
v 464.800000 10.108330 310.333300
v 463.983300 10.050000 310.333300
v 464.683300 10.050000 310.566700
v 459.550000 9.699997 320.016700
v 462.583300 9.991661 318.150000
v 462.583300 9.933334 316.866700
v 459.550000 9.699997 320.016700
v 463.166700 9.991661 320.016700
v 462.583300 9.991661 318.150000
v 449.633300 9.116661 315.116700
v 448.583300 9.116661 317.566700
v 448.000000 9.116661 319.783300
v 463.283300 9.933334 314.066700
v 464.566700 9.933334 312.900000
v 463.283300 9.875000 311.966600
v 462.466700 9.816666 311.966600
v 452.666700 9.291664 310.450000
v 452.316700 9.233330 310.450000
v 452.433300 9.233330 310.683300
v 460.716700 9.641663 311.616700
v 459.550000 9.466667 311.150000
v 459.433300 9.466667 311.383300
v 457.216700 9.583328 311.616700
v 460.716700 9.641663 311.616700
v 459.433300 9.466667 311.383300
v 453.833300 9.291664 311.383300
v 453.133300 9.233330 311.383300
v 452.783300 9.233330 311.616700
v 454.300000 9.349998 311.383300
v 453.833300 9.291664 311.383300
v 452.783300 9.233330 311.616700
v 455.933300 9.466667 311.616700
v 455.116700 9.408333 311.383300
v 454.300000 9.349998 311.383300
v 452.783300 9.233330 311.616700
v 455.933300 9.466667 311.616700
v 452.783300 9.233330 311.616700
v 452.550000 9.233330 311.966600
v 457.216700 9.583328 311.616700
v 455.933300 9.466667 311.616700
v 452.550000 9.233330 311.966600
v 462.466700 9.816666 311.966600
v 460.716700 9.641663 311.616700
v 457.216700 9.583328 311.616700
v 452.550000 9.233330 311.966600
v 463.283300 9.875000 311.966600
v 464.800000 9.991661 311.966600
v 464.566700 9.991661 311.733300
v 463.516700 9.875000 311.616700
v 464.566700 9.933334 312.900000
v 464.800000 9.991661 311.966600
v 463.283300 9.875000 311.966600
v 448.000000 9.116661 315.350000
v 448.583300 9.116661 314.416700
v 448.700000 9.174995 313.483300
v 448.000000 9.641663 298.666700
v 449.166700 9.174995 313.016700
v 449.516700 9.233330 313.016700
v 450.916700 9.174995 311.616700
v 451.266700 9.174995 310.800000
v 451.266700 9.174995 310.800000
v 451.850000 9.233330 310.450000
v 448.000000 9.641663 298.666700
v 448.700000 9.174995 313.483300
v 449.166700 9.174995 313.016700
v 451.266700 9.174995 310.800000
v 448.000000 9.641663 298.666700
v 451.850000 9.233330 310.450000
v 454.066700 9.349998 309.983300
v 455.816700 9.524994 309.516700
v 461.766700 10.399990 298.666700
v 448.000000 9.641663 298.666700
v 206.500000 10.691670 346.616700
v 205.916700 10.575000 346.383300
v 205.333300 10.166660 346.500000
v 205.333300 10.108330 350.933300
v 205.683300 10.399990 350.933300
v 206.500000 10.691670 347.666700
v 205.683300 10.399990 350.933300
v 205.800000 10.516660 351.166700
v 206.500000 10.691670 347.666700
v 209.183300 32.566670 347.550000
v 209.183300 32.566670 348.250000
v 210.116700 32.566670 350.466700
v 212.100000 32.566670 352.216700
v 219.566700 32.566670 348.600000
v 219.566700 32.566670 347.900000
v 219.333300 32.508330 345.450000
v 218.050000 32.508330 343.583300
v 216.883300 32.508330 342.650000
v 212.100000 32.566670 352.216700
v 216.883300 32.508330 352.216700
v 219.566700 32.566670 348.600000
v 216.883300 32.508330 342.650000
v 212.100000 32.566670 343.466600
v 209.183300 32.566670 347.550000
v 216.883300 32.508330 352.216700
v 218.400000 32.508330 351.166700
v 219.566700 32.566670 348.600000
v 212.100000 32.566670 343.466600
v 210.116700 32.566670 345.100000
v 209.183300 32.566670 347.550000
v 212.100000 32.566670 352.216700
v 212.450000 32.450000 353.266700
v 216.883300 32.508330 352.216700
v 216.883300 32.391660 328.533300
v 212.450000 32.100000 328.533300
v 212.450000 32.566670 342.533300
v 216.883300 32.508330 342.650000
v 212.450000 32.450000 353.266700
v 212.450000 32.100000 358.400000
v 216.883300 32.333330 358.400000
v 216.883300 32.508330 352.216700
v 212.450000 32.566670 342.533300
v 212.100000 32.566670 343.466600
v 216.883300 32.508330 342.650000
v 218.866700 23.816670 328.533300
v 217.933300 23.816670 328.533300
v 217.933300 23.816670 329.000000
v 218.866700 23.816670 329.000000
v 224.466700 9.174995 344.750000
v 228.200000 9.116661 344.750000
v 227.383300 9.116661 343.816700
v 224.466700 9.174995 344.750000
v 227.383300 9.116661 343.816700
v 227.383300 9.116661 343.350000
v 224.466700 9.174995 344.750000
v 227.383300 9.116661 343.350000
v 227.850000 9.116661 343.116700
v 227.500000 9.116661 328.533300
v 224.233300 9.349998 328.533300
v 217.933300 10.225000 357.933300
v 217.933300 10.166660 354.783300
v 216.300000 10.399990 354.550000
v 212.683300 10.750000 355.016700
v 210.466700 10.691670 357.816700
v 216.300000 10.399990 354.550000
v 216.066700 10.399990 354.083300
v 212.916700 10.750000 354.316700
v 212.683300 10.750000 355.016700
v 211.516700 32.041660 358.400000
v 211.633300 32.041660 358.400000
v 211.516700 32.041660 353.616700
v 233.216700 9.116661 344.750000
v 233.216700 9.116661 344.516700
v 232.516700 9.116661 344.516700
v 228.666700 9.116661 344.750000
v 234.150000 9.524994 345.450000
v 234.150000 9.524994 345.333300
v 233.450000 9.116661 345.333300
v 228.200000 9.116661 344.750000
v 224.466700 9.174995 344.750000
v 224.466700 9.174995 345.450000
v 228.666700 9.116661 344.750000
v 228.200000 9.116661 344.750000
v 224.466700 9.174995 345.450000
v 234.150000 9.524994 345.450000
v 233.450000 9.116661 345.333300
v 233.450000 9.116661 345.333300
v 233.216700 9.116661 344.750000
v 228.666700 9.116661 344.750000
v 235.550000 9.524994 345.450000
v 236.250000 9.524994 345.333300
v 236.016700 9.641663 344.983300
v 235.666700 9.641663 344.983300
v 234.150000 9.524994 345.333300
v 234.150000 9.524994 345.450000
v 219.683300 10.108330 351.750000
v 218.750000 10.166660 352.450000
v 218.750000 10.108330 358.400000
v 238.933300 9.116661 344.400000
v 237.300000 9.116661 344.400000
v 237.300000 9.116661 344.983300
v 234.150000 9.524994 345.450000
v 224.466700 9.174995 345.450000
v 224.466700 9.174995 346.616700
v 221.783300 9.466667 346.850000
v 223.416700 9.174995 346.850000
v 223.300000 9.174995 346.616700
v 221.900000 9.408333 346.616700
v 221.783300 9.466667 346.850000
v 220.850000 9.699997 346.733300
v 220.966700 9.816666 348.950000
v 223.416700 9.174995 346.850000
v 221.783300 9.466667 346.850000
v 220.966700 9.816666 348.950000
v 224.233300 9.174995 346.850000
v 223.416700 9.174995 346.850000
v 220.966700 9.816666 348.950000
v 237.066700 9.116661 345.216700
v 236.250000 9.524994 345.333300
v 235.550000 9.524994 345.450000
v 238.933300 9.116661 358.400000
v 238.933300 9.116661 344.400000
v 237.300000 9.116661 344.983300
v 237.066700 9.116661 345.216700
v 238.933300 9.116661 358.400000
v 224.233300 9.174995 346.850000
v 220.966700 9.816666 348.950000
v 219.683300 10.108330 351.750000
v 224.466700 9.174995 346.616700
v 224.233300 9.174995 346.850000
v 219.683300 10.108330 351.750000
v 235.550000 9.524994 345.450000
v 234.150000 9.524994 345.450000
v 224.466700 9.174995 346.616700
v 219.683300 10.108330 351.750000
v 218.750000 10.108330 358.400000
v 238.933300 9.116661 358.400000
v 263.783300 9.466667 328.533300
v 242.783300 9.116661 328.533300
v 242.783300 9.116661 329.350000
v 264.133300 9.349998 329.000000
v 242.783300 9.116661 329.350000
v 264.833300 9.408333 329.350000
v 264.133300 9.349998 329.000000
v 257.366700 9.524994 357.466700
v 257.366700 9.524994 355.133300
v 257.250000 9.583328 355.366700
v 257.366700 9.524994 355.133300
v 257.016700 9.524994 355.133300
v 257.250000 9.583328 355.366700
v 243.016700 9.116661 340.083300
v 243.250000 9.116661 341.833300
v 248.733300 9.116661 341.833300
v 243.016700 9.116661 340.083300
v 248.733300 9.116661 341.833300
v 249.433300 9.116661 341.833300
v 255.966700 9.524994 355.133300
v 255.033300 9.524994 355.133300
v 255.150000 9.641663 355.366700
v 255.850000 9.641663 355.366700
v 268.800000 9.116661 328.533300
v 267.050000 9.466667 328.533300
v 266.466700 9.349998 329.116700
v 253.750000 9.583328 355.366700
v 253.983300 9.524994 355.133300
v 253.750000 9.524994 355.133300
v 247.100000 9.116661 342.300000
v 248.150000 9.116661 342.416700
v 248.733300 9.116661 341.833300
v 247.100000 9.116661 342.300000
v 248.733300 9.116661 341.833300
v 243.250000 9.116661 341.833300
v 243.600000 9.116661 342.300000
v 244.533300 9.116661 349.650000
v 241.966700 9.116661 349.650000
v 238.933300 9.116661 358.400000
v 253.750000 9.583328 358.400000
v 253.750000 9.583328 355.366700
v 242.783300 9.116661 329.350000
v 243.016700 9.116661 340.083300
v 249.433300 9.116661 341.833300
v 258.650000 9.116661 357.466700
v 260.633300 9.116661 358.400000
v 261.450000 9.116661 358.400000
v 248.266700 9.116661 343.466600
v 248.616700 9.116661 343.466600
v 248.266700 9.116661 343.116700
v 248.616700 9.116661 343.466600
v 248.266700 9.116661 343.466600
v 248.500000 9.116661 349.300000
v 249.433300 9.116661 343.466600
v 248.616700 9.116661 343.466600
v 248.500000 9.116661 349.300000
v 257.366700 9.524994 355.133300
v 257.366700 9.524994 357.466700
v 258.650000 9.116661 357.466700
v 242.783300 9.116661 329.350000
v 249.433300 9.116661 341.833300
v 249.900000 9.116661 342.416700
v 264.833300 9.408333 329.350000
v 258.650000 9.116661 357.466700
v 259.816700 9.116661 358.400000
v 260.633300 9.116661 358.400000
v 253.750000 9.583328 355.366700
v 253.750000 9.524994 355.133300
v 244.533300 9.116661 349.650000
v 265.766700 9.349998 329.350000
v 264.833300 9.408333 329.350000
v 249.900000 9.116661 342.416700
v 248.500000 9.116661 349.300000
v 248.266700 9.116661 349.533300
v 256.433300 9.116661 355.016700
v 241.616700 9.116661 348.716700
v 241.500000 9.116661 344.283300
v 238.933300 9.116661 344.400000
v 258.650000 9.116661 357.466700
v 259.466700 9.116661 358.400000
v 259.816700 9.116661 358.400000
v 244.533300 9.116661 349.650000
v 254.566700 9.116661 355.016700
v 254.916700 9.116661 355.016700
v 244.533300 9.116661 349.650000
v 254.916700 9.116661 355.016700
v 256.083300 9.116661 355.016700
v 244.533300 9.116661 349.650000
v 256.083300 9.116661 355.016700
v 256.433300 9.116661 355.016700
v 248.266700 9.116661 349.533300
v 244.533300 9.116661 349.650000
v 256.433300 9.116661 355.016700
v 249.900000 9.116661 342.883300
v 249.433300 9.116661 343.466600
v 248.500000 9.116661 349.300000
v 256.433300 9.116661 355.016700
v 268.800000 9.116661 328.533300
v 266.466700 9.349998 329.116700
v 265.766700 9.349998 329.350000
v 255.033300 9.524994 355.133300
v 255.966700 9.524994 355.133300
v 256.083300 9.116661 355.016700
v 254.916700 9.116661 355.016700
v 241.966700 9.116661 349.650000
v 241.616700 9.116661 348.716700
v 238.933300 9.116661 344.400000
v 238.933300 9.116661 358.400000
v 253.750000 9.524994 355.133300
v 253.983300 9.524994 355.133300
v 254.566700 9.116661 355.016700
v 244.533300 9.116661 349.650000
v 256.433300 9.116661 355.016700
v 257.016700 9.524994 355.133300
v 257.366700 9.524994 355.133300
v 249.900000 9.116661 342.416700
v 249.900000 9.116661 342.883300
v 257.366700 9.524994 355.133300
v 258.650000 9.116661 357.466700
v 261.450000 9.116661 358.400000
v 257.366700 9.524994 355.133300
v 261.450000 9.116661 358.400000
v 268.800000 9.116661 358.400000
v 268.800000 9.116661 328.533300
v 265.766700 9.349998 329.350000
v 249.900000 9.116661 342.416700
v 287.700000 9.116661 358.400000
v 290.850000 9.116661 358.400000
v 291.433300 9.116661 357.816700
v 291.433300 9.116661 357.816700
v 293.300000 9.116661 357.816700
v 293.533300 9.116661 357.466700
v 294.933300 9.116661 341.716600
v 294.933300 9.116661 341.250000
v 287.816700 9.116661 341.250000
v 287.583300 9.116661 341.716600
v 295.983300 9.116661 341.250000
v 294.933300 9.116661 341.250000
v 294.933300 9.116661 341.716600
v 294.933300 9.116661 341.716600
v 294.933300 9.116661 343.233300
v 295.983300 9.116661 343.233300
v 295.983300 9.116661 341.250000
v 294.700000 9.000000 343.466600
v 294.933300 9.116661 343.233300
v 294.933300 9.116661 341.716600
v 287.583300 9.116661 341.716600
v 294.933300 9.116661 356.066700
v 294.933300 9.174995 353.383300
v 294.700000 9.000000 353.150000
v 293.533300 9.116661 357.466700
v 284.550000 9.116661 357.466700
v 286.416700 9.116661 357.466700
v 294.700000 9.000000 351.750000
v 293.533300 9.116661 357.466700
v 294.700000 9.000000 353.150000
v 294.700000 9.000000 351.750000
v 286.416700 9.116661 357.466700
v 286.416700 9.116661 357.466700
v 287.350000 9.116661 358.400000
v 287.700000 9.116661 358.400000
v 291.433300 9.116661 357.816700
v 293.533300 9.116661 357.466700
v 294.700000 9.000000 344.866700
v 294.700000 9.000000 343.466600
v 287.583300 9.116661 341.716600
v 286.883300 9.116661 341.716600
v 295.750000 8.941666 345.566700
v 295.400000 9.116661 345.100000
v 294.700000 9.000000 344.866700
v 294.700000 9.000000 351.750000
v 295.750000 8.941666 351.166700
v 297.150000 8.241661 345.216700
v 296.683300 8.241661 345.100000
v 296.450000 8.299995 345.450000
v 296.450000 8.299995 351.166700
v 296.683300 8.241661 351.633300
v 297.150000 8.241661 351.516700
v 296.100000 8.416664 345.450000
v 296.100000 8.416664 351.166700
v 296.450000 8.299995 351.166700
v 296.450000 8.299995 345.450000
v 297.150000 8.241661 345.216700
v 297.150000 8.241661 351.516700
v 297.500000 7.774994 351.633300
v 297.500000 7.774994 345.100000
v 297.500000 7.774994 351.633300
v 298.550000 7.658333 351.516700
v 298.550000 7.658333 345.216700
v 297.500000 7.774994 345.100000
v 298.550000 7.658333 351.516700
v 298.666700 7.483330 351.516700
v 298.666700 7.483330 345.216700
v 298.550000 7.658333 345.216700
v 295.750000 8.941666 345.566700
v 295.750000 8.941666 351.166700
v 296.100000 8.416664 351.166700
v 296.100000 8.416664 345.450000
v 295.983300 9.116661 355.366700
v 295.983300 9.174995 353.383300
v 294.933300 9.174995 353.383300
v 294.933300 9.116661 356.066700
v 283.266700 9.116661 358.400000
v 283.733300 9.116661 358.283300
v 284.550000 9.116661 357.466700
v 281.633300 9.116661 358.400000
v 284.550000 9.116661 357.466700
v 286.883300 9.116661 341.716600
v 286.416700 9.116661 341.016700
v 280.816700 9.116661 358.400000
v 281.633300 9.116661 358.400000
v 284.550000 9.116661 357.466700
v 294.700000 9.000000 351.750000
v 294.700000 9.000000 344.866700
v 286.883300 9.116661 341.716600
v 284.550000 9.116661 357.466700
v 268.800000 9.116661 358.400000
v 280.816700 9.116661 358.400000
v 284.550000 9.116661 357.466700
v 286.416700 9.116661 341.016700
v 286.416700 9.116661 328.533300
v 268.800000 9.116661 328.533300
v 327.250000 4.333328 330.400000
v 326.316700 4.333328 328.533300
v 310.216600 4.333328 335.766700
v 309.633300 4.333328 328.533300
v 309.633300 4.333328 330.750000
v 310.216600 4.333328 330.983300
v 326.316700 4.333328 328.533300
v 310.216600 4.333328 335.766700
v 309.633300 4.333328 336.000000
v 309.633300 4.333328 341.133300
v 328.533300 4.333328 331.916700
v 327.250000 4.333328 330.400000
v 310.216600 4.333328 335.766700
v 309.633300 4.333328 341.133300
v 304.966600 4.333328 353.500000
v 303.566700 4.333328 353.500000
v 308.350000 4.333328 355.250000
v 326.316700 4.333328 328.533300
v 310.216600 4.333328 330.983300
v 310.216600 4.333328 335.766700
v 298.783300 4.391663 341.950000
v 307.883300 4.333328 341.950000
v 307.650000 4.333328 341.366700
v 298.783300 4.391663 341.366700
v 298.783300 4.391663 341.950000
v 298.783300 4.391663 343.233300
v 303.566700 4.508331 343.233300
v 307.883300 4.333328 341.950000
v 303.566700 4.333328 353.500000
v 302.516700 4.333328 353.500000
v 308.350000 4.333328 355.250000
v 307.883300 4.333328 341.950000
v 303.566700 4.508331 343.233300
v 304.850000 4.508331 343.233300
v 308.583300 4.333328 341.950000
v 298.783300 4.391663 343.233300
v 298.783300 4.391663 343.700000
v 303.333300 4.333328 343.700000
v 303.566700 4.508331 343.233300
v 304.850000 4.508331 345.100000
v 303.800000 5.033333 345.100000
v 303.800000 5.033333 351.516700
v 304.966600 4.333328 351.516700
v 308.583300 4.333328 341.950000
v 305.083300 4.333328 343.466600
v 305.083300 4.333328 344.866700
v 305.083300 4.333328 344.866700
v 304.850000 4.508331 345.100000
v 304.966600 4.333328 351.516700
v 305.200000 4.333328 351.750000
v 302.516700 4.333328 353.500000
v 303.566700 4.333328 353.500000
v 303.450000 4.508331 353.383300
v 302.050000 4.333328 353.383300
v 301.700000 4.333328 353.383300
v 298.783300 4.391663 353.383300
v 298.783300 4.391663 354.083300
v 308.583300 4.333328 341.950000
v 304.850000 4.508331 343.233300
v 305.083300 4.333328 343.466600
v 300.300000 6.491661 345.100000
v 300.300000 6.491661 351.633300
v 301.350000 6.375000 351.633300
v 301.350000 6.375000 345.100000
v 298.666700 7.483330 345.216700
v 298.666700 7.483330 351.516700
v 299.016700 7.074997 351.633300
v 299.016700 7.074997 345.100000
v 299.016700 7.074997 351.633300
v 299.950000 6.958328 351.516700
v 299.950000 6.958328 345.216700
v 299.016700 7.074997 345.100000
v 299.950000 6.958328 345.216700
v 299.950000 6.958328 351.516700
v 300.300000 6.491661 351.633300
v 300.300000 6.491661 345.100000
v 301.350000 6.375000 351.633300
v 301.700000 5.791664 351.633300
v 301.700000 5.791664 345.100000
v 301.350000 6.375000 345.100000
v 301.700000 5.791664 351.633300
v 302.633300 5.674995 351.516700
v 302.633300 5.674995 345.216700
v 301.700000 5.791664 345.100000
v 302.633300 5.674995 345.216700
v 302.633300 5.674995 351.516700
v 303.100000 5.149994 351.633300
v 303.100000 5.149994 345.100000
v 303.800000 5.033333 351.516700
v 303.800000 5.033333 345.100000
v 303.100000 5.149994 345.100000
v 303.100000 5.149994 351.633300
v 302.050000 4.333328 353.383300
v 303.450000 4.508331 353.383300
v 303.333300 4.333328 353.033300
v 301.700000 4.333328 353.383300
v 302.050000 4.333328 353.383300
v 303.333300 4.333328 353.033300
v 301.700000 4.333328 353.383300
v 303.333300 4.333328 353.033300
v 298.783300 4.391663 353.033300
v 298.783300 4.391663 353.383300
v 309.633300 4.333328 341.133300
v 308.933300 4.333328 341.366700
v 308.583300 4.333328 341.950000
v 305.200000 4.333328 353.266700
v 304.966600 4.333328 353.500000
v 308.350000 4.333328 355.250000
v 305.200000 4.333328 351.750000
v 305.200000 4.333328 353.266700
v 308.350000 4.333328 355.250000
v 309.633300 4.333328 341.133300
v 308.583300 4.333328 341.950000
v 305.083300 4.333328 344.866700
v 305.200000 4.333328 351.750000
v 308.350000 4.333328 355.250000
v 311.383300 4.333328 358.400000
v 309.633300 4.333328 341.133300
v 305.083300 4.333328 344.866700
v 305.200000 4.333328 351.750000
v 311.383300 4.333328 358.400000
v 328.533300 4.333328 358.400000
v 328.533300 4.333328 331.916700
v 357.466700 4.449997 342.766700
v 357.700000 4.508331 342.883300
v 357.816700 4.799995 342.650000
v 356.300000 4.333328 331.100000
v 356.883300 4.333328 331.100000
v 358.400000 4.333328 328.533300
v 356.300000 4.333328 331.100000
v 358.400000 4.333328 328.533300
v 348.600000 4.333328 328.533300
v 347.083300 4.333328 331.100000
v 357.116700 4.333328 333.900000
v 356.650000 4.333328 333.316700
v 355.833300 4.333328 333.200000
v 345.800000 4.333328 332.616700
v 344.166700 4.333328 333.900000
v 355.600000 4.333328 331.566700
v 356.300000 4.333328 331.100000
v 347.083300 4.333328 331.100000
v 355.483300 4.333328 332.616700
v 355.600000 4.333328 331.566700
v 347.083300 4.333328 331.100000
v 355.833300 4.333328 333.200000
v 355.483300 4.333328 332.616700
v 347.083300 4.333328 331.100000
v 345.800000 4.333328 332.616700
v 358.400000 4.333328 328.533300
v 356.883300 4.333328 331.100000
v 357.583300 4.333328 331.683300
v 357.583300 4.333328 331.683300
v 357.700000 4.333328 332.500000
v 358.166700 4.333328 332.966600
v 358.400000 4.333328 328.533300
v 358.400000 4.974998 342.650000
v 358.400000 5.033333 342.533300
v 357.933300 4.974998 342.416700
v 358.400000 5.033333 342.533300
v 358.400000 5.033333 342.300000
v 357.933300 4.974998 342.416700
v 358.400000 4.333328 358.400000
v 358.400000 4.391663 343.583300
v 357.816700 4.333328 343.350000
v 331.916700 4.333328 334.600000
v 330.400000 4.333328 333.666700
v 328.533300 4.333328 358.400000
v 330.400000 4.333328 333.666700
v 328.533300 4.333328 331.916700
v 328.533300 4.333328 358.400000
v 334.716600 4.333328 335.650000
v 331.916700 4.333328 334.600000
v 328.533300 4.333328 358.400000
v 356.883300 4.333328 342.650000
v 356.650000 4.333328 342.066700
v 355.483300 4.333328 341.016700
v 355.366700 4.333328 339.150000
v 355.600000 4.333328 337.400000
v 355.366700 4.333328 335.883300
v 338.450000 4.333328 335.883300
v 356.766700 4.333328 334.483300
v 357.116700 4.333328 333.900000
v 344.166700 4.333328 333.900000
v 343.233300 4.333328 334.483300
v 357.350000 4.333328 334.483300
v 357.700000 4.333328 333.900000
v 357.116700 4.333328 333.900000
v 356.766700 4.333328 334.483300
v 355.833300 4.333328 334.716600
v 356.650000 4.333328 334.716600
v 356.766700 4.333328 334.483300
v 343.233300 4.333328 334.483300
v 338.450000 4.333328 335.883300
v 355.366700 4.333328 335.883300
v 340.200000 4.333328 335.650000
v 355.600000 4.333328 334.950000
v 355.833300 4.333328 334.716600
v 343.233300 4.333328 334.483300
v 355.366700 4.333328 335.883300
v 355.600000 4.333328 334.950000
v 343.233300 4.333328 334.483300
v 340.200000 4.333328 335.650000
v 358.400000 4.333328 358.400000
v 356.883300 4.333328 342.650000
v 355.483300 4.333328 341.016700
v 336.466600 4.333328 335.883300
v 334.716600 4.333328 335.650000
v 328.533300 4.333328 358.400000
v 357.816700 4.333328 343.350000
v 357.700000 4.508331 342.883300
v 357.466700 4.449997 342.766700
v 356.883300 4.333328 342.650000
v 358.400000 4.333328 358.400000
v 355.483300 4.333328 341.016700
v 355.483300 4.333328 340.550000
v 355.366700 4.333328 339.150000
v 338.450000 4.333328 335.883300
v 336.466600 4.333328 335.883300
v 355.483300 4.333328 340.550000
v 356.066700 4.333328 339.966600
v 355.366700 4.333328 339.150000
v 355.366700 4.333328 339.150000
v 355.833300 4.741661 337.633300
v 355.600000 4.333328 337.400000
v 357.700000 4.333328 333.900000
v 357.350000 4.333328 334.483300
v 358.400000 4.333328 334.600000
v 358.050000 4.333328 333.550000
v 358.400000 4.333328 328.533300
v 358.166700 4.333328 332.966600
v 358.400000 4.333328 334.600000
v 358.166700 4.333328 332.966600
v 358.050000 4.333328 333.550000
v 358.400000 4.333328 334.600000
v 387.566700 8.358330 351.516700
v 387.800000 8.883331 351.400000
v 387.800000 8.883331 346.266700
v 387.566700 8.358330 346.150000
v 358.400000 4.333328 328.533300
v 358.750000 4.333328 329.583300
v 359.216700 4.333328 329.583300
v 359.216700 4.333328 329.583300
v 365.050000 4.333328 329.583300
v 365.050000 4.333328 328.533300
v 358.400000 4.333328 328.533300
v 387.800000 8.883331 346.266700
v 387.800000 8.883331 351.400000
v 388.266700 8.883331 351.633300
v 388.266700 8.883331 346.033300
v 359.800000 4.333328 332.850000
v 359.916700 4.333328 332.266700
v 359.333300 4.333328 332.266700
v 358.516700 4.333328 330.283300
v 358.750000 4.333328 329.583300
v 358.400000 4.333328 328.533300
v 360.966700 4.333328 334.483300
v 360.966700 4.333328 333.550000
v 360.266700 4.333328 333.550000
v 359.333300 4.333328 334.483300
v 387.100000 8.241661 346.150000
v 386.866700 8.241661 345.800000
v 386.516700 8.241661 345.916700
v 386.516700 8.241661 351.866700
v 386.866700 8.241661 351.983300
v 387.100000 8.241661 351.516700
v 387.100000 8.241661 351.516700
v 387.566700 8.358330 351.516700
v 387.566700 8.358330 346.150000
v 387.100000 8.241661 346.150000
v 358.866700 4.333328 334.483300
v 359.333300 4.333328 334.483300
v 360.266700 4.333328 333.550000
v 386.166700 7.716667 351.983300
v 386.516700 8.241661 351.866700
v 386.516700 8.241661 345.916700
v 386.166700 7.716667 345.800000
v 359.216700 4.333328 329.583300
v 359.333300 4.333328 329.700000
v 361.200000 4.333328 329.700000
v 359.216700 4.333328 329.583300
v 361.200000 4.333328 329.700000
v 361.783300 4.333328 329.700000
v 361.783300 4.333328 329.700000
v 365.050000 4.333328 329.700000
v 365.050000 4.333328 329.583300
v 359.216700 4.333328 329.583300
v 359.333300 4.333328 329.700000
v 359.450000 4.333328 330.050000
v 360.966700 4.333328 330.050000
v 361.200000 4.333328 329.700000
v 364.350000 4.333328 332.733300
v 365.633300 4.625000 332.733300
v 364.933300 4.333328 332.383300
v 361.666700 4.333328 332.033300
v 361.783300 4.333328 332.733300
v 362.133300 4.333328 332.733300
v 361.316700 4.449997 330.633300
v 361.316700 4.333328 331.800000
v 361.666700 4.333328 332.033300
v 362.016700 4.333328 330.400000
v 365.050000 4.333328 329.700000
v 361.783300 4.333328 329.700000
v 362.016700 4.333328 330.400000
v 362.016700 4.333328 330.400000
v 361.666700 4.333328 332.033300
v 362.133300 4.333328 332.733300
v 364.350000 4.333328 332.733300
v 364.933300 4.333328 332.383300
v 365.050000 4.333328 329.700000
v 362.133300 4.333328 332.733300
v 361.783300 4.333328 332.733300
v 361.666700 4.333328 333.083300
v 365.633300 4.625000 332.733300
v 364.350000 4.333328 332.733300
v 364.466700 4.333328 332.966600
v 365.516700 4.333328 332.966600
v 385.116700 7.599998 345.916700
v 385.116700 7.599998 351.866700
v 386.166700 7.716667 351.983300
v 386.166700 7.716667 345.800000
v 359.450000 4.333328 338.800000
v 359.683300 4.333328 338.916700
v 360.733300 4.333328 338.916700
v 360.966700 4.333328 334.483300
v 359.333300 4.333328 334.483300
v 359.566700 4.333328 334.716600
v 359.450000 4.333328 338.800000
v 360.733300 4.333328 338.916700
v 361.316700 4.333328 338.916700
v 361.316700 4.333328 336.233300
v 360.966700 4.333328 334.483300
v 359.566700 4.333328 334.716600
v 361.316700 4.333328 338.916700
v 362.016700 4.333328 338.916700
v 362.016700 4.333328 336.466600
v 361.316700 4.333328 336.233300
v 380.683300 4.333328 343.700000
v 380.800000 4.508331 338.450000
v 377.533300 4.566666 338.333300
v 371.233300 4.333328 343.466600
v 371.000000 4.333328 343.700000
v 377.533300 4.566666 338.333300
v 371.233300 4.566666 338.450000
v 371.233300 4.333328 343.466600
v 362.016700 4.333328 338.916700
v 361.316700 4.333328 338.916700
v 361.666700 4.333328 339.500000
v 362.016700 4.333328 339.500000
v 360.966700 5.266663 342.183300
v 360.850000 5.441666 341.950000
v 360.033300 5.266663 341.833300
v 359.566700 4.916664 342.183300
v 361.316700 4.858330 342.183300
v 361.550000 4.625000 342.183300
v 361.550000 4.625000 342.066700
v 362.016700 4.333328 342.183300
v 361.550000 4.625000 342.066700
v 361.550000 4.625000 342.183300
v 361.433300 4.625000 342.766700
v 361.316700 4.683334 343.000000
v 361.433300 4.333328 343.466600
v 362.016700 4.333328 342.183300
v 361.550000 4.625000 342.183300
v 361.433300 4.625000 342.766700
v 361.433300 4.333328 343.466600
v 362.016700 4.333328 343.466600
v 361.433300 4.333328 343.466600
v 361.200000 4.333328 343.700000
v 362.250000 4.333328 343.700000
v 362.016700 4.333328 343.466600
v 359.566700 4.916664 342.183300
v 359.216700 4.683334 342.650000
v 359.566700 4.974998 342.766700
v 359.800000 5.266663 342.766700
v 361.433300 4.625000 342.766700
v 361.550000 4.625000 342.183300
v 361.316700 4.858330 342.183300
v 361.083300 4.974998 342.766700
v 361.433300 4.625000 342.766700
v 361.316700 4.858330 342.183300
v 360.966700 5.266663 342.183300
v 360.500000 5.558334 342.766700
v 360.966700 5.266663 342.183300
v 359.566700 4.916664 342.183300
v 359.800000 5.266663 342.766700
v 360.733300 5.383331 342.766700
v 361.083300 4.974998 342.766700
v 360.966700 5.266663 342.183300
v 360.500000 5.558334 342.766700
v 360.733300 5.383331 342.766700
v 360.966700 5.266663 342.183300
v 358.983300 4.799995 343.000000
v 359.100000 4.625000 342.883300
v 359.100000 4.625000 342.766700
v 358.633300 4.625000 343.350000
v 358.983300 4.683334 343.116700
v 358.983300 4.799995 343.000000
v 358.400000 4.974998 342.650000
v 358.633300 4.625000 343.350000
v 358.983300 4.799995 343.000000
v 359.100000 4.625000 342.766700
v 358.400000 5.033333 342.533300
v 361.316700 4.683334 343.000000
v 361.433300 4.625000 342.766700
v 361.083300 4.974998 342.766700
v 358.400000 4.333328 334.600000
v 358.633300 4.333328 330.866700
v 358.516700 4.333328 330.283300
v 358.983300 4.683334 343.116700
v 358.633300 4.625000 343.350000
v 358.633300 4.391663 343.583300
v 359.333300 4.333328 343.700000
v 358.400000 4.333328 334.600000
v 358.516700 4.333328 330.283300
v 358.400000 4.333328 328.533300
v 358.400000 4.391663 343.583300
v 358.633300 4.391663 343.583300
v 358.633300 4.625000 343.350000
v 362.250000 4.333328 343.700000
v 361.200000 4.333328 343.700000
v 360.733300 4.333328 343.816700
v 380.683300 4.333328 343.816700
v 380.683300 4.333328 343.700000
v 371.000000 4.333328 343.700000
v 360.733300 4.333328 343.816700
v 380.683300 4.333328 343.816700
v 371.000000 4.333328 343.700000
v 362.250000 4.333328 343.700000
v 379.983300 4.333328 343.933300
v 380.683300 4.333328 343.933300
v 380.683300 4.333328 343.816700
v 359.100000 4.333328 332.033300
v 359.100000 4.333328 331.100000
v 358.633300 4.333328 330.866700
v 358.400000 4.333328 334.600000
v 378.700000 4.333328 343.933300
v 379.983300 4.333328 343.933300
v 380.683300 4.333328 343.816700
v 359.800000 4.333328 332.850000
v 359.333300 4.333328 332.266700
v 359.100000 4.333328 332.033300
v 358.400000 4.333328 334.600000
v 358.866700 4.333328 334.483300
v 360.266700 4.333328 333.550000
v 384.650000 7.016663 351.983300
v 385.116700 7.599998 351.866700
v 385.116700 7.599998 345.916700
v 384.650000 7.016663 345.800000
v 374.500000 4.333328 355.366700
v 379.633300 4.333328 353.850000
v 378.700000 4.333328 353.733300
v 374.500000 4.333328 355.366700
v 378.700000 4.333328 353.733300
v 378.466700 4.333328 353.500000
v 374.500000 4.333328 355.366700
v 378.466700 4.333328 353.500000
v 378.466700 4.333328 352.100000
v 374.500000 4.333328 355.366700
v 378.466700 4.333328 352.100000
v 378.700000 4.449997 351.866700
v 378.700000 4.333328 345.916700
v 378.466700 4.333328 345.683300
v 378.700000 4.449997 351.866700
v 379.750000 5.033333 351.866700
v 379.750000 5.033333 345.916700
v 378.700000 4.333328 345.916700
v 383.716700 6.899994 351.866700
v 384.650000 7.016663 351.983300
v 384.650000 7.016663 345.800000
v 383.716700 6.899994 345.800000
v 383.716700 6.899994 351.866700
v 383.716700 6.899994 345.800000
v 383.366700 6.433334 345.800000
v 383.366700 6.433334 351.983300
v 380.683300 4.333328 343.933300
v 379.983300 4.333328 343.933300
v 380.216700 4.333328 344.400000
v 380.800000 4.333328 344.400000
v 379.750000 5.033333 345.916700
v 379.750000 5.033333 351.866700
v 380.566700 5.149994 351.983300
v 380.566700 5.149994 345.800000
v 380.566700 5.149994 351.983300
v 380.916700 5.616661 351.866700
v 380.916700 5.616661 345.916700
v 380.566700 5.149994 345.800000
v 380.916700 5.616661 345.916700
v 380.916700 5.616661 351.866700
v 381.966700 5.791664 351.983300
v 381.966700 5.791664 345.800000
v 381.966700 5.791664 351.983300
v 382.316700 6.316666 351.866700
v 382.316700 6.316666 345.916700
v 381.966700 5.791664 345.800000
v 382.316700 6.316666 345.916700
v 382.316700 6.316666 351.866700
v 383.366700 6.433334 351.983300
v 383.366700 6.433334 345.800000
v 359.333300 4.333328 343.700000
v 358.633300 4.391663 343.583300
v 358.400000 4.391663 343.583300
v 360.033300 4.333328 343.816700
v 359.333300 4.333328 343.700000
v 358.400000 4.391663 343.583300
v 358.400000 4.333328 358.400000
v 374.500000 4.333328 355.366700
v 378.466700 4.333328 345.683300
v 378.466700 4.333328 344.166700
v 378.700000 4.333328 343.933300
v 380.683300 4.333328 343.816700
v 360.733300 4.333328 343.816700
v 360.733300 4.333328 343.816700
v 360.033300 4.333328 343.816700
v 358.400000 4.333328 358.400000
v 371.700000 4.333328 358.400000
v 374.500000 4.333328 355.366700
v 378.466700 4.333328 344.166700
v 378.466700 4.333328 344.166700
v 378.700000 4.333328 343.933300
v 360.733300 4.333328 343.816700
v 388.266700 9.233330 328.533300
v 388.266700 9.233330 330.866700
v 389.316700 9.233330 330.866700
v 388.266700 9.233330 328.533300
v 389.316700 9.233330 330.866700
v 390.016700 9.233330 330.866700
v 393.516700 9.233330 330.866700
v 396.083300 9.116661 330.866700
v 396.083300 9.116661 328.533300
v 392.816700 9.233330 330.866700
v 393.516700 9.233330 330.866700
v 396.083300 9.116661 328.533300
v 392.816700 9.233330 330.866700
v 396.083300 9.116661 328.533300
v 388.266700 9.233330 328.533300
v 390.016700 9.233330 330.866700
v 396.083300 9.116661 330.866700
v 396.083300 9.116661 331.100000
v 396.550000 9.116661 331.333300
v 396.550000 9.116661 331.333300
v 396.550000 9.116661 332.616700
v 396.783300 9.116661 332.733300
v 418.133300 9.116661 328.533300
v 396.083300 9.116661 328.533300
v 396.083300 9.116661 330.866700
v 396.550000 9.116661 331.333300
v 418.133300 9.116661 328.533300
v 389.316700 9.000000 352.450000
v 389.316700 9.000000 357.350000
v 389.783300 9.116661 357.700000
v 397.833300 9.116661 357.700000
v 389.316700 9.000000 345.333300
v 389.083300 8.941666 345.566700
v 389.083300 8.941666 352.216700
v 389.316700 9.000000 352.450000
v 396.316700 9.116661 344.516700
v 396.316700 9.116661 344.516700
v 389.316700 9.000000 344.516700
v 389.316700 9.000000 345.333300
v 397.016700 9.116661 358.400000
v 397.716700 9.116661 357.816700
v 392.816700 9.116661 357.816700
v 393.400000 9.116661 358.400000
v 396.550000 9.116661 344.283300
v 396.316700 9.116661 344.516700
v 389.316700 9.000000 352.450000
v 397.833300 9.116661 357.700000
v 399.816700 9.116661 357.700000
v 388.266700 9.233330 330.866700
v 388.266700 9.233330 331.100000
v 389.200000 9.233330 331.100000
v 389.316700 9.233330 330.866700
v 396.083300 9.116661 330.866700
v 393.516700 9.233330 330.866700
v 393.633300 9.233330 331.100000
v 396.083300 9.116661 331.100000
v 388.266700 8.883331 346.033300
v 388.266700 8.883331 351.633300
v 388.733300 8.883331 351.750000
v 388.733300 8.883331 351.750000
v 389.083300 8.941666 352.216700
v 389.083300 8.941666 345.566700
v 388.266700 8.883331 346.033300
v 389.783300 9.116661 357.700000
v 389.900000 9.116661 357.816700
v 390.716700 9.116661 357.816700
v 389.783300 9.116661 357.700000
v 390.716700 9.116661 357.816700
v 392.816700 9.116661 357.816700
v 392.816700 9.116661 357.816700
v 397.716700 9.116661 357.816700
v 397.833300 9.116661 357.700000
v 389.783300 9.116661 357.700000
v 390.716700 9.116661 357.816700
v 389.900000 9.116661 357.816700
v 390.250000 9.116661 358.283300
v 399.816700 9.116661 357.700000
v 400.166700 9.116661 358.166700
v 400.750000 9.116661 358.400000
v 396.550000 9.116661 344.283300
v 399.816700 9.116661 357.700000
v 400.750000 9.116661 358.400000
v 418.133300 9.116661 358.400000
v 418.133300 9.116661 328.533300
v 396.783300 9.116661 332.733300
v 445.083300 9.116661 334.716600
v 445.550000 9.116661 333.900000
v 448.000000 9.116661 328.533300
v 418.133300 9.116661 328.533300
v 445.550000 9.116661 333.900000
v 446.366700 9.116661 333.900000
v 448.000000 9.116661 328.533300
v 445.316700 9.116661 347.666700
v 445.316700 9.116661 346.500000
v 444.733300 9.116661 338.100000
v 418.133300 9.116661 328.533300
v 418.133300 9.116661 358.400000
v 425.600000 9.116661 357.700000
v 447.183300 9.116661 344.166700
v 448.000000 9.116661 344.283300
v 448.000000 9.116661 343.466600
v 446.833300 9.116661 342.416700
v 446.833300 9.116661 342.416700
v 446.716700 9.116661 341.833300
v 446.250000 9.116661 341.483300
v 418.133300 9.116661 358.400000
v 424.783300 9.116661 358.400000
v 425.600000 9.116661 357.700000
v 447.183300 9.116661 344.166700
v 446.833300 9.116661 342.416700
v 446.250000 9.116661 341.483300
v 424.783300 9.116661 358.400000
v 425.016700 9.116661 358.400000
v 425.600000 9.116661 357.700000
v 446.250000 9.116661 341.483300
v 445.550000 9.116661 339.150000
v 444.733300 9.116661 338.100000
v 446.133300 9.116661 344.983300
v 447.183300 9.116661 344.166700
v 446.250000 9.116661 341.483300
v 448.000000 9.116661 328.533300
v 446.600000 9.116661 334.133300
v 446.600000 9.116661 335.183300
v 448.000000 9.116661 341.483300
v 446.600000 9.116661 335.183300
v 446.483300 9.116661 337.633300
v 448.000000 9.116661 341.483300
v 446.600000 9.116661 335.183300
v 446.250000 9.116661 337.516700
v 446.483300 9.116661 337.633300
v 444.733300 9.116661 338.100000
v 445.200000 9.116661 335.416700
v 445.083300 9.116661 334.716600
v 418.133300 9.116661 328.533300
v 448.000000 9.116661 328.533300
v 446.366700 9.116661 333.900000
v 446.600000 9.116661 334.133300
v 445.316700 9.116661 346.500000
v 445.900000 9.116661 345.800000
v 446.133300 9.116661 344.983300
v 445.316700 9.116661 346.500000
v 446.133300 9.116661 344.983300
v 446.250000 9.116661 341.483300
v 444.733300 9.116661 338.100000
v 425.600000 9.116661 357.700000
v 427.350000 9.116661 357.700000
v 445.316700 9.116661 347.666700
v 446.483300 9.116661 347.783300
v 447.416700 9.116661 347.783300
v 446.716700 9.116661 347.316700
v 447.416700 9.116661 347.783300
v 446.483300 9.116661 347.783300
v 446.250000 9.116661 348.016700
v 448.000000 9.116661 358.400000
v 448.000000 9.116661 358.400000
v 448.000000 9.116661 347.666700
v 447.416700 9.116661 347.783300
v 448.000000 9.116661 358.400000
v 445.783300 9.116661 348.016700
v 445.316700 9.116661 347.666700
v 427.350000 9.116661 357.700000
v 428.050000 9.116661 358.400000
v 448.000000 9.116661 358.400000
v 446.250000 9.116661 348.016700
v 445.783300 9.116661 348.016700
v 448.000000 9.116661 341.483300
v 449.750000 9.116661 343.583300
v 450.333300 9.116661 343.583300
v 450.333300 9.116661 343.583300
v 451.850000 9.116661 344.166700
v 453.716700 9.116661 344.166700
v 450.333300 9.116661 343.583300
v 453.716700 9.116661 344.166700
v 454.883300 9.058334 344.166700
v 450.333300 9.116661 343.583300
v 454.883300 9.058334 344.166700
v 457.333300 9.058334 344.166700
v 450.333300 9.116661 343.583300
v 457.333300 9.058334 344.166700
v 458.033300 9.116661 344.166700
v 450.333300 9.116661 343.583300
v 458.033300 9.116661 344.166700
v 459.200000 9.174995 344.166700
v 459.316700 9.466667 328.533300
v 448.000000 9.116661 328.533300
v 448.000000 9.116661 341.483300
v 448.000000 9.116661 343.466600
v 448.000000 9.116661 344.283300
v 448.233300 9.116661 344.516700
v 449.516700 9.116661 345.100000
v 448.233300 9.116661 344.516700
v 448.116700 9.116661 345.100000
v 449.516700 9.116661 345.100000
v 453.716700 9.116661 344.166700
v 451.850000 9.116661 344.166700
v 453.250000 9.116661 344.866700
v 453.483300 9.116661 344.866700
v 459.200000 9.174995 344.166700
v 458.033300 9.116661 344.166700
v 458.266700 9.116661 344.400000
v 458.266700 9.116661 345.216700
v 457.800000 9.058334 345.683300
v 459.200000 9.174995 345.683300
v 459.200000 9.174995 344.166700
v 458.266700 9.116661 344.400000
v 458.266700 9.116661 345.216700
v 459.200000 9.174995 345.683300
v 448.116700 9.116661 345.100000
v 448.000000 9.116661 345.216700
v 448.000000 9.116661 345.450000
v 448.816700 9.116661 346.150000
v 449.516700 9.116661 345.100000
v 449.983300 9.116661 345.100000
v 449.516700 9.116661 345.100000
v 448.816700 9.116661 346.150000
v 450.216700 9.116661 345.100000
v 449.983300 9.116661 345.100000
v 448.816700 9.116661 346.150000
v 452.900000 9.116661 346.150000
v 451.733300 9.116661 345.450000
v 455.000000 9.116661 345.683300
v 454.066700 9.116661 345.683300
v 453.600000 9.116661 346.150000
v 459.316700 9.174995 346.150000
v 459.200000 9.174995 345.683300
v 457.800000 9.058334 345.683300
v 459.316700 9.174995 346.150000
v 457.800000 9.058334 345.683300
v 456.750000 9.000000 345.683300
v 453.600000 9.116661 346.150000
v 459.316700 9.174995 346.150000
v 456.750000 9.000000 345.683300
v 455.000000 9.116661 345.683300
v 460.250000 9.174995 346.266700
v 461.766700 9.233330 346.266700
v 461.650000 9.233330 346.033300
v 460.366700 9.174995 346.033300
v 452.900000 9.116661 346.150000
v 448.816700 9.116661 346.150000
v 448.816700 9.116661 346.266700
v 453.600000 9.116661 346.150000
v 452.900000 9.116661 346.150000
v 448.816700 9.116661 346.266700
v 459.433300 9.174995 346.266700
v 459.316700 9.174995 346.150000
v 453.600000 9.116661 346.150000
v 448.816700 9.116661 346.266700
v 462.466700 9.174995 347.783300
v 462.700000 9.291664 346.150000
v 461.766700 9.233330 346.266700
v 462.466700 9.174995 347.783300
v 461.766700 9.233330 346.266700
v 460.250000 9.174995 346.266700
v 462.466700 9.174995 347.783300
v 460.250000 9.174995 346.266700
v 459.433300 9.174995 346.266700
v 463.400000 9.233330 350.816700
v 459.433300 9.174995 346.266700
v 448.816700 9.116661 346.266700
v 448.000000 9.116661 347.666700
v 448.000000 9.116661 358.400000
v 464.800000 9.291664 358.400000
v 463.400000 9.233330 350.816700
v 464.800000 9.291664 358.400000
v 464.800000 9.349998 352.100000
v 463.400000 9.233330 350.816700
v 211.633300 32.041660 358.400000
v 211.516700 32.041660 358.400000
v 211.516700 32.041660 371.700000
v 212.450000 32.100000 361.900000
v 217.233300 32.508330 361.900000
v 216.883300 32.508330 361.550000
v 216.883300 32.508330 361.550000
v 216.883300 32.333330 358.400000
v 212.450000 32.100000 358.400000
v 212.450000 32.100000 361.900000
v 235.083300 9.116661 358.516700
v 238.933300 9.116661 358.516700
v 238.933300 9.116661 358.400000
v 218.750000 10.108330 358.400000
v 218.750000 10.108330 358.400000
v 218.750000 10.050000 360.733300
v 222.250000 9.058334 360.033300
v 218.750000 10.108330 358.400000
v 222.250000 9.058334 360.033300
v 227.500000 9.174995 359.566700
v 235.083300 9.116661 358.516700
v 236.133300 32.216670 361.083300
v 236.133300 32.625000 359.916700
v 235.433300 32.625000 359.916700
v 217.816700 32.508330 361.900000
v 230.766700 9.174995 385.350000
v 227.033300 9.174995 383.950000
v 226.450000 9.291664 384.416700
v 217.816700 32.508330 361.900000
v 236.366700 32.274990 361.316700
v 236.133300 32.216670 361.083300
v 217.233300 32.508330 361.900000
v 212.450000 32.100000 361.900000
v 212.450000 32.100000 369.950000
v 217.233300 32.216670 369.950000
v 222.133300 9.641663 386.283300
v 222.133300 9.641663 386.516700
v 222.833300 9.699997 386.633300
v 233.800000 9.291664 387.566700
v 230.766700 9.174995 385.350000
v 226.450000 9.291664 384.416700
v 217.233300 32.508330 361.900000
v 217.233300 32.216670 369.950000
v 217.700000 31.925000 369.950000
v 217.816700 32.508330 361.900000
v 212.450000 32.100000 369.950000
v 212.450000 32.100000 371.116700
v 213.500000 32.100000 370.300000
v 217.233300 32.216670 369.950000
v 212.450000 32.100000 369.950000
v 213.500000 32.100000 370.300000
v 222.366700 32.041660 370.416700
v 222.600000 32.041660 370.650000
v 224.933300 32.041660 370.650000
v 222.366700 32.041660 370.416700
v 224.933300 32.041660 370.650000
v 225.283300 32.100000 370.650000
v 220.266700 33.208330 378.466700
v 211.983300 33.266660 378.466700
v 219.216700 33.208330 378.700000
v 224.700000 32.450000 371.233300
v 224.933300 32.041660 370.650000
v 222.600000 32.041660 370.650000
v 222.366700 32.450000 371.233300
v 217.700000 31.925000 369.950000
v 222.366700 32.041660 370.416700
v 225.283300 32.100000 370.650000
v 226.216700 32.100000 371.000000
v 225.983300 32.508330 371.583300
v 236.366700 32.274990 371.583300
v 217.000000 33.208330 370.883300
v 215.833300 33.208330 370.883300
v 213.733300 33.149990 371.116700
v 212.450000 33.208330 372.050000
v 221.200000 33.208330 375.316700
v 220.966700 33.149990 374.033300
v 219.566700 33.149990 372.050000
v 217.000000 33.208330 370.883300
v 221.783300 32.800000 375.783300
v 221.200000 33.208330 375.316700
v 221.083300 33.149990 378.233300
v 221.433300 33.149990 378.233300
v 221.433300 33.149990 378.233300
v 231.466700 32.916660 378.233300
v 227.733300 32.916660 376.716700
v 221.783300 32.800000 375.783300
v 212.450000 33.208330 372.050000
v 211.516700 33.266660 375.666700
v 211.866700 33.266660 378.233300
v 221.083300 33.149990 378.233300
v 221.200000 33.208330 375.316700
v 217.000000 33.208330 370.883300
v 219.800000 32.450000 371.233300
v 221.083300 32.450000 371.233300
v 219.333300 32.450000 371.000000
v 221.083300 32.450000 371.233300
v 219.800000 32.450000 371.233300
v 222.833300 32.450000 371.583300
v 222.366700 32.450000 371.233300
v 221.083300 32.450000 371.233300
v 222.833300 32.450000 371.583300
v 222.833300 32.450000 371.583300
v 225.050000 32.508330 371.583300
v 224.700000 32.450000 371.233300
v 222.366700 32.450000 371.233300
v 235.433300 32.625000 372.983300
v 236.133300 32.625000 372.983300
v 236.133300 32.216670 371.816700
v 225.983300 32.508330 371.583300
v 225.050000 32.508330 371.583300
v 236.133300 32.216670 371.816700
v 236.366700 32.274990 371.583300
v 225.983300 32.508330 371.583300
v 225.050000 32.508330 371.583300
v 222.833300 32.450000 371.583300
v 235.433300 32.625000 372.983300
v 221.783300 9.408333 372.633300
v 221.783300 9.408333 372.866700
v 222.366700 9.291664 372.983300
v 230.883300 9.116661 374.383300
v 235.083300 9.116661 374.383300
v 238.933300 9.116661 377.416700
v 238.933300 9.116661 374.383300
v 235.083300 9.116661 374.383300
v 230.883300 9.116661 374.383300
v 238.933300 9.116661 377.416700
v 235.083300 9.116661 374.383300
v 222.950000 9.233330 377.650000
v 221.433300 9.408333 380.683300
v 221.666700 9.408333 381.033300
v 231.233300 9.116661 384.533300
v 230.533300 9.116661 375.316700
v 229.483300 9.116661 375.316700
v 224.933300 9.000000 374.383300
v 222.600000 9.233330 374.150000
v 222.950000 9.233330 377.650000
v 229.483300 9.116661 375.316700
v 231.233300 9.116661 384.533300
v 236.016700 9.291664 388.033300
v 236.366700 9.233330 387.800000
v 231.233300 9.116661 384.533300
v 236.366700 9.233330 387.800000
v 238.466700 9.174995 387.800000
v 238.583300 9.116661 378.466700
v 230.533300 9.116661 375.316700
v 220.266700 33.208330 378.466700
v 220.850000 33.208330 378.583300
v 221.083300 33.149990 378.233300
v 220.266700 33.208330 378.466700
v 221.083300 33.149990 378.233300
v 211.866700 33.266660 378.233300
v 211.983300 33.266660 378.466700
v 235.783300 32.683330 383.950000
v 238.933300 32.625000 386.283300
v 238.933300 32.916660 381.500000
v 237.183300 32.916660 380.216700
v 231.466700 32.916660 378.233300
v 226.216700 32.683330 379.750000
v 231.583300 32.683330 381.733300
v 221.433300 33.149990 378.233300
v 221.666700 32.625000 378.700000
v 226.216700 32.683330 379.750000
v 231.466700 32.916660 378.233300
v 237.183300 32.916660 380.216700
v 231.466700 32.916660 378.233300
v 231.583300 32.683330 381.733300
v 235.783300 32.683330 383.950000
v 213.966700 33.208330 380.450000
v 214.666700 33.208330 380.683300
v 217.000000 33.208330 380.566700
v 219.216700 33.208330 378.700000
v 211.983300 33.266660 378.466700
v 236.366700 32.274990 371.583300
v 238.933300 33.500000 371.583300
v 238.933300 33.500000 361.316700
v 236.366700 32.274990 361.316700
v 217.816700 32.508330 361.900000
v 217.700000 31.925000 369.950000
v 225.283300 32.100000 370.650000
v 236.366700 32.274990 371.583300
v 236.366700 32.274990 361.316700
v 225.283300 32.100000 370.650000
v 226.216700 32.100000 371.000000
v 236.366700 32.274990 371.583300
v 238.933300 9.116661 358.516700
v 253.750000 9.583328 358.400000
v 238.933300 9.116661 358.400000
v 241.150000 32.625000 388.266700
v 246.750000 32.916660 388.266700
v 243.833300 32.916660 384.883300
v 238.933300 32.916660 381.500000
v 238.933300 32.625000 386.283300
v 268.800000 9.116661 358.400000
v 261.450000 9.116661 358.400000
v 262.500000 9.116661 359.800000
v 250.366700 9.116661 386.750000
v 251.183300 9.116661 388.266700
v 268.800000 9.116661 388.266700
v 247.333300 9.116661 379.166700
v 246.050000 9.116661 379.166700
v 245.933300 9.116661 379.283300
v 238.933300 33.500000 371.583300
v 268.800000 48.550000 371.583300
v 268.800000 48.550000 361.316700
v 238.933300 33.500000 361.316700
v 243.600000 9.116661 374.850000
v 246.050000 9.116661 374.733300
v 238.933300 9.116661 374.383300
v 247.566700 9.116661 374.733300
v 256.316700 9.116661 374.733300
v 255.966700 9.116661 374.383300
v 247.566700 9.116661 374.733300
v 255.966700 9.116661 374.383300
v 238.933300 9.116661 374.383300
v 246.050000 9.116661 374.733300
v 244.533300 9.116661 374.850000
v 245.933300 9.116661 374.850000
v 246.050000 9.116661 374.733300
v 243.600000 9.116661 374.850000
v 244.533300 9.116661 374.850000
v 246.050000 9.116661 374.733300
v 238.933300 9.116661 374.383300
v 238.933300 9.116661 377.416700
v 239.983300 9.116661 377.883300
v 243.366700 9.116661 375.083300
v 243.600000 9.116661 374.850000
v 247.800000 9.116661 375.433300
v 256.900000 9.116661 375.433300
v 256.316700 9.116661 374.733300
v 247.566700 9.116661 374.733300
v 241.966700 9.116661 379.283300
v 243.600000 9.116661 379.283300
v 243.366700 9.116661 379.050000
v 243.600000 9.116661 379.283300
v 241.966700 9.116661 379.283300
v 246.633300 9.116661 382.550000
v 239.983300 9.116661 377.883300
v 241.966700 9.116661 379.283300
v 243.366700 9.116661 379.050000
v 243.366700 9.116661 375.083300
v 244.766700 9.583328 375.200000
v 245.700000 9.641663 375.200000
v 245.933300 9.116661 374.850000
v 244.533300 9.116661 374.850000
v 247.800000 9.116661 375.433300
v 247.683300 9.116661 377.533300
v 247.916700 9.116661 377.650000
v 256.900000 9.116661 375.433300
v 245.933300 9.116661 379.283300
v 243.600000 9.116661 379.283300
v 246.633300 9.116661 382.550000
v 256.900000 9.116661 375.433300
v 247.916700 9.116661 377.650000
v 247.916700 9.116661 378.933300
v 247.683300 9.116661 379.166700
v 247.333300 9.116661 379.166700
v 245.933300 9.116661 379.283300
v 246.400000 9.641663 378.816700
v 246.166700 9.641663 378.816700
v 246.050000 9.116661 379.166700
v 247.333300 9.116661 379.166700
v 247.100000 9.583328 378.816700
v 246.400000 9.641663 378.816700
v 246.050000 9.116661 379.166700
v 261.450000 9.116661 374.383300
v 259.700000 9.116661 374.383300
v 258.533300 9.116661 375.433300
v 250.366700 9.116661 386.750000
v 268.800000 9.116661 388.266700
v 247.683300 9.116661 379.166700
v 245.933300 9.116661 379.283300
v 246.633300 9.116661 382.550000
v 247.916700 9.116661 378.933300
v 247.683300 9.116661 379.166700
v 246.633300 9.116661 382.550000
v 250.366700 9.116661 386.750000
v 258.533300 9.116661 375.433300
v 256.900000 9.116661 375.433300
v 268.800000 9.116661 358.400000
v 262.500000 9.116661 359.800000
v 262.500000 9.116661 373.216700
v 268.800000 9.116661 388.266700
v 268.800000 9.116661 388.266700
v 262.500000 9.116661 373.216700
v 261.450000 9.116661 374.383300
v 295.050000 9.116661 377.183300
v 286.416700 9.116661 375.433300
v 284.550000 9.116661 375.433300
v 279.766700 9.116661 359.683300
v 280.816700 9.116661 358.400000
v 268.800000 9.116661 358.400000
v 295.050000 9.116661 377.183300
v 293.416700 9.116661 375.433300
v 286.416700 9.116661 375.433300
v 286.416700 9.116661 375.433300
v 293.416700 9.116661 375.433300
v 291.433300 9.116661 375.316700
v 290.850000 9.116661 358.400000
v 287.700000 9.116661 358.400000
v 288.983300 9.116661 358.633300
v 290.733300 9.116661 358.633300
v 283.383300 51.466660 370.416700
v 283.850000 51.466660 370.300000
v 284.083300 51.466660 369.716700
v 284.200000 51.466660 362.716700
v 292.133300 51.466660 366.216700
v 292.716600 51.466660 364.350000
v 292.716600 51.466660 363.300000
v 284.200000 51.466660 362.716700
v 274.983300 51.466660 361.316700
v 268.800000 48.550000 361.316700
v 268.800000 48.550000 371.583300
v 274.983300 51.466660 371.583300
v 283.383300 51.466660 370.416700
v 284.200000 51.466660 362.716700
v 284.083300 51.466660 369.716700
v 292.483300 51.466660 368.550000
v 292.133300 51.466660 366.216700
v 284.200000 51.466660 362.716700
v 293.650000 51.466660 366.216700
v 294.116700 51.466660 368.316700
v 294.350000 51.524990 368.550000
v 297.150000 51.524990 363.766700
v 294.466600 51.524990 363.533300
v 291.433300 9.116661 375.316700
v 290.850000 9.116661 374.383300
v 287.700000 9.116661 374.383300
v 286.416700 9.116661 375.433300
v 284.550000 9.116661 375.433300
v 283.266700 9.116661 374.383300
v 280.700000 9.116661 374.383300
v 268.800000 9.116661 388.266700
v 298.666700 9.116661 388.266700
v 298.666700 9.116661 388.266700
v 298.666700 9.116661 378.233300
v 295.050000 9.116661 377.183300
v 284.550000 9.116661 375.433300
v 279.766700 9.116661 373.216700
v 279.766700 9.116661 359.683300
v 268.800000 9.116661 358.400000
v 268.800000 9.116661 388.266700
v 280.700000 9.116661 374.383300
v 279.766700 9.116661 373.216700
v 268.800000 9.116661 388.266700
v 303.333300 9.116661 388.266700
v 301.700000 9.116661 378.933300
v 300.883300 9.116661 378.933300
v 298.666700 9.116661 388.266700
v 314.650000 4.333328 367.033300
v 313.950000 4.333328 369.366700
v 325.500000 4.333328 369.366700
v 328.300000 4.333328 369.366700
v 327.716600 4.625000 368.083300
v 326.783300 4.625000 367.383300
v 325.500000 4.333328 369.366700
v 313.133300 4.333328 360.266700
v 314.300000 4.333328 365.050000
v 326.433300 4.566666 365.400000
v 325.500000 4.333328 369.366700
v 326.783300 4.625000 367.383300
v 326.433300 4.683334 366.683300
v 325.500000 4.333328 369.366700
v 326.433300 4.683334 366.683300
v 326.433300 4.566666 365.400000
v 314.300000 4.333328 365.050000
v 314.650000 4.333328 367.033300
v 327.833300 4.683334 364.116700
v 328.533300 4.683334 364.116700
v 328.533300 4.333328 358.400000
v 327.133300 4.625000 364.466700
v 327.833300 4.683334 364.116700
v 328.533300 4.333328 358.400000
v 326.433300 4.566666 365.400000
v 327.133300 4.625000 364.466700
v 328.533300 4.333328 358.400000
v 311.383300 4.333328 358.400000
v 313.133300 4.333328 360.266700
v 313.950000 4.333328 369.366700
v 313.133300 4.333328 371.933300
v 324.216600 4.333328 371.466700
v 325.500000 4.333328 369.366700
v 300.883300 9.116661 378.933300
v 298.666700 9.116661 378.933300
v 298.666700 9.116661 388.266700
v 298.666700 9.116661 378.933300
v 300.883300 9.116661 378.933300
v 298.666700 9.116661 378.233300
v 303.100000 9.116661 378.933300
v 303.100000 9.116661 378.583300
v 302.633300 9.116661 378.583300
v 301.700000 9.116661 378.933300
v 303.333300 9.116661 388.266700
v 303.100000 9.116661 378.933300
v 301.700000 9.116661 378.933300
v 328.533300 4.683334 368.083300
v 327.716600 4.625000 368.083300
v 328.300000 4.333328 369.366700
v 328.533300 4.333328 369.483300
v 354.200000 4.566666 363.183300
v 355.016700 4.508331 362.716700
v 358.400000 4.333328 358.400000
v 328.533300 4.333328 358.400000
v 329.116700 4.625000 364.116700
v 332.383300 4.333328 365.983300
v 355.016700 4.508331 362.716700
v 356.183300 4.508331 362.716700
v 358.400000 4.333328 358.400000
v 357.700000 4.333328 369.250000
v 357.466700 4.333328 369.250000
v 357.816700 4.333328 369.716700
v 357.933300 4.333328 369.366700
v 352.800000 4.333328 365.983300
v 353.966700 4.625000 365.983300
v 353.616700 4.566666 365.283300
v 330.400000 4.625000 365.400000
v 330.400000 4.683334 365.983300
v 331.450000 4.333328 365.983300
v 342.533300 4.333328 369.250000
v 342.766700 4.333328 369.483300
v 353.266700 4.333328 370.300000
v 354.550000 4.333328 369.250000
v 351.983300 4.333328 365.983300
v 352.800000 4.333328 365.983300
v 353.616700 4.566666 365.283300
v 353.616700 4.508331 364.116700
v 330.400000 4.625000 365.400000
v 331.450000 4.333328 365.983300
v 332.383300 4.333328 365.983300
v 342.766700 4.333328 369.483300
v 342.766700 4.333328 370.300000
v 353.266700 4.333328 370.300000
v 351.983300 4.333328 365.983300
v 353.616700 4.508331 364.116700
v 354.200000 4.566666 363.183300
v 332.383300 4.333328 365.983300
v 329.466600 4.333328 370.300000
v 340.433300 4.333328 370.300000
v 340.433300 4.333328 369.483300
v 328.533300 4.333328 358.400000
v 328.533300 4.683334 364.116700
v 329.116700 4.625000 364.116700
v 358.400000 4.333328 358.400000
v 356.183300 4.508331 362.716700
v 357.350000 4.625000 363.533300
v 329.700000 4.625000 364.466700
v 330.400000 4.625000 365.400000
v 332.383300 4.333328 365.983300
v 357.350000 4.625000 363.533300
v 357.700000 4.508331 364.933300
v 358.400000 4.333328 367.616700
v 358.400000 4.333328 358.400000
v 329.116700 4.625000 364.116700
v 329.700000 4.625000 364.466700
v 332.383300 4.333328 365.983300
v 331.100000 4.333328 366.450000
v 331.450000 4.333328 365.983300
v 330.400000 4.683334 365.983300
v 330.400000 4.683334 366.800000
v 330.400000 4.683334 366.800000
v 329.933300 4.683334 367.500000
v 329.933300 4.625000 367.616700
v 331.566700 4.333328 367.616700
v 331.100000 4.333328 367.266700
v 331.100000 4.333328 367.266700
v 331.100000 4.333328 366.450000
v 330.400000 4.683334 366.800000
v 351.516700 4.333328 366.450000
v 351.983300 4.333328 365.983300
v 332.383300 4.333328 365.983300
v 332.733300 4.333328 366.333300
v 332.266700 4.333328 367.616700
v 351.983300 4.333328 367.616700
v 351.516700 4.333328 367.150000
v 332.733300 4.333328 367.150000
v 351.516700 4.333328 366.450000
v 332.733300 4.333328 366.333300
v 332.733300 4.333328 367.150000
v 351.516700 4.333328 367.150000
v 353.966700 4.625000 365.983300
v 352.800000 4.333328 365.983300
v 353.150000 4.333328 366.800000
v 354.783300 4.566666 366.683300
v 353.150000 4.333328 366.800000
v 355.366700 4.508331 366.800000
v 354.783300 4.566666 366.683300
v 355.366700 4.508331 366.800000
v 353.150000 4.333328 366.800000
v 353.266700 4.333328 367.266700
v 342.533300 4.333328 369.250000
v 351.983300 4.333328 367.616700
v 332.266700 4.333328 367.616700
v 340.666700 4.333328 369.250000
v 355.366700 4.508331 366.800000
v 353.266700 4.333328 367.266700
v 352.683300 4.333328 367.616700
v 358.400000 4.333328 367.616700
v 356.066700 4.508331 366.800000
v 357.466700 4.333328 369.250000
v 357.700000 4.333328 369.250000
v 357.466700 4.333328 368.433300
v 329.933300 4.625000 367.616700
v 329.816700 4.683334 367.616700
v 329.116700 4.625000 368.083300
v 357.700000 4.508331 364.933300
v 357.583300 4.508331 365.633300
v 358.400000 4.333328 367.616700
v 357.583300 4.508331 365.633300
v 357.116700 4.566666 366.216700
v 358.400000 4.333328 367.616700
v 354.550000 4.333328 369.250000
v 357.466700 4.333328 369.250000
v 357.466700 4.333328 368.433300
v 354.550000 4.333328 369.250000
v 352.683300 4.333328 367.616700
v 351.983300 4.333328 367.616700
v 342.533300 4.333328 369.250000
v 357.116700 4.566666 366.216700
v 356.066700 4.508331 366.800000
v 358.400000 4.333328 367.616700
v 354.550000 4.333328 369.250000
v 357.466700 4.333328 368.433300
v 358.400000 4.333328 367.616700
v 352.683300 4.333328 367.616700
v 329.116700 4.625000 368.083300
v 328.533300 4.683334 368.083300
v 328.533300 4.333328 369.483300
v 329.466600 4.333328 370.300000
v 332.266700 4.333328 367.616700
v 331.566700 4.333328 367.616700
v 329.116700 4.625000 368.083300
v 329.466600 4.333328 370.300000
v 340.433300 4.333328 369.483300
v 340.666700 4.333328 369.250000
v 331.566700 4.333328 367.616700
v 329.933300 4.625000 367.616700
v 329.116700 4.625000 368.083300
v 358.400000 4.333328 358.400000
v 358.400000 4.333328 367.616700
v 358.866700 4.333328 367.500000
v 358.866700 4.333328 367.500000
v 368.433300 4.333328 367.500000
v 368.316700 4.333328 366.800000
v 369.716700 4.333328 360.500000
v 371.700000 4.333328 358.400000
v 358.400000 4.333328 358.400000
v 358.866700 4.333328 367.500000
v 368.316700 4.333328 366.800000
v 369.716700 4.333328 360.500000
v 358.400000 4.333328 358.400000
v 358.866700 4.333328 367.500000
v 359.333300 4.333328 367.966700
v 359.800000 4.333328 367.966700
v 358.866700 4.333328 367.500000
v 359.800000 4.333328 367.966700
v 360.150000 4.333328 367.966700
v 360.150000 4.333328 367.966700
v 368.550000 4.333328 367.966700
v 368.433300 4.333328 367.500000
v 358.866700 4.333328 367.500000
v 359.800000 4.333328 367.966700
v 359.333300 4.333328 367.966700
v 359.450000 4.333328 368.200000
v 359.100000 4.333328 371.116700
v 358.516700 4.333328 371.116700
v 358.516700 4.333328 371.350000
v 361.083300 4.333328 369.483300
v 360.150000 4.333328 370.183300
v 359.916700 4.333328 370.650000
v 368.550000 4.333328 367.966700
v 368.550000 4.333328 367.966700
v 360.150000 4.333328 367.966700
v 360.966700 4.333328 368.900000
v 368.550000 4.333328 367.966700
v 360.966700 4.333328 368.900000
v 361.083300 4.333328 369.483300
v 368.550000 4.333328 367.966700
v 359.100000 4.333328 371.116700
v 358.516700 4.333328 371.350000
v 369.833300 4.333328 371.933300
v 368.550000 4.333328 367.966700
v 359.916700 4.333328 370.650000
v 359.100000 4.333328 371.116700
v 393.400000 9.116661 358.400000
v 393.400000 9.116661 358.633300
v 396.666700 9.116661 358.633300
v 397.016700 9.116661 358.400000
v 400.750000 9.116661 358.400000
v 400.866700 9.116661 358.633300
v 403.550000 9.116661 358.633300
v 418.133300 9.116661 358.400000
v 399.816700 9.116661 375.550000
v 397.833300 9.116661 375.550000
v 394.916700 9.116661 381.266700
v 394.800000 9.116661 375.550000
v 394.566700 9.116661 381.033300
v 394.916700 9.116661 381.266700
v 397.833300 9.116661 375.550000
v 418.133300 9.116661 358.400000
v 403.550000 9.116661 358.633300
v 404.483300 9.116661 359.800000
v 394.800000 9.116661 375.550000
v 397.833300 9.116661 375.550000
v 396.666700 9.116661 374.616700
v 394.450000 9.116661 374.500000
v 403.550000 9.116661 374.616700
v 400.866700 9.116661 374.616700
v 399.816700 9.116661 375.550000
v 394.916700 9.116661 381.266700
v 394.683300 9.116661 386.166700
v 395.033300 9.116661 388.266700
v 418.133300 9.116661 358.400000
v 404.483300 9.116661 359.800000
v 404.483300 9.116661 373.450000
v 418.133300 9.116661 388.266700
v 404.483300 9.116661 373.450000
v 403.550000 9.116661 374.616700
v 395.033300 9.116661 388.266700
v 418.133300 9.116661 388.266700
v 423.616700 9.116661 375.666700
v 423.733300 9.116661 374.616700
v 422.800000 9.116661 374.616700
v 422.800000 9.116661 358.633300
v 424.550000 9.116661 358.633300
v 424.783300 9.116661 358.400000
v 418.133300 9.116661 358.400000
v 437.966700 9.116661 382.316700
v 444.616700 9.116661 377.650000
v 424.783300 9.116661 376.016700
v 424.783300 9.116661 376.016700
v 434.466700 9.116661 386.166700
v 437.966700 9.116661 382.316700
v 421.866700 9.116661 359.800000
v 422.800000 9.116661 358.633300
v 418.133300 9.116661 358.400000
v 424.783300 9.116661 376.016700
v 423.966700 9.116661 376.016700
v 418.133300 9.116661 388.266700
v 433.183300 9.116661 388.266700
v 434.466700 9.116661 386.166700
v 446.250000 9.116661 358.633300
v 448.000000 9.116661 358.633300
v 448.000000 9.116661 358.400000
v 445.550000 9.116661 358.633300
v 446.250000 9.116661 358.633300
v 448.000000 9.116661 358.400000
v 428.050000 9.116661 358.400000
v 428.166700 9.116661 358.633300
v 431.083300 9.116661 358.633300
v 428.050000 9.116661 358.400000
v 431.083300 9.116661 358.633300
v 431.666700 9.116661 358.633300
v 431.666700 9.116661 358.633300
v 445.550000 9.116661 358.633300
v 448.000000 9.116661 358.400000
v 428.050000 9.116661 358.400000
v 421.866700 9.116661 373.450000
v 421.866700 9.116661 359.800000
v 418.133300 9.116661 358.400000
v 418.133300 9.116661 388.266700
v 425.250000 9.116661 375.550000
v 425.600000 9.116661 375.550000
v 425.250000 9.116661 375.200000
v 425.600000 9.116661 375.550000
v 425.250000 9.116661 375.550000
v 424.783300 9.116661 376.016700
v 427.350000 9.116661 375.550000
v 425.600000 9.116661 375.550000
v 424.783300 9.116661 376.016700
v 418.133300 9.116661 388.266700
v 423.966700 9.116661 376.016700
v 423.616700 9.116661 375.666700
v 423.616700 9.116661 375.666700
v 422.800000 9.116661 374.616700
v 421.866700 9.116661 373.450000
v 418.133300 9.116661 388.266700
v 444.616700 9.116661 377.650000
v 448.000000 9.116661 376.483300
v 448.000000 9.116661 374.616700
v 428.283300 9.116661 374.616700
v 427.350000 9.116661 375.550000
v 427.350000 9.116661 375.550000
v 424.783300 9.116661 376.016700
v 444.616700 9.116661 377.650000
v 457.916700 9.000000 359.683300
v 464.800000 9.524994 360.733300
v 464.800000 9.291664 358.400000
v 457.916700 9.000000 359.683300
v 464.800000 9.291664 358.400000
v 448.000000 9.116661 358.400000
v 448.000000 9.116661 358.633300
v 448.000000 9.116661 374.616700
v 448.000000 9.116661 376.483300
v 453.716700 9.116661 374.266700
v 448.000000 9.116661 374.616700
v 453.716700 9.116661 374.266700
v 456.750000 9.000000 373.683300
v 207.433300 -14.508340 402.266700
v 206.500000 -15.033330 403.316700
v 208.366700 -14.158330 403.316700
v 208.600000 -13.108340 399.466700
v 207.783300 -13.808330 399.933300
v 207.433300 -14.508340 402.266700
v 208.366700 -14.158330 403.316700
v 203.233300 -15.383340 403.316700
v 204.750000 -15.266670 403.316700
v 203.816700 -15.325000 402.616700
v 208.950000 -14.275000 404.483300
v 208.950000 -14.158330 404.133300
v 208.366700 -14.158330 403.316700
v 206.500000 -15.033330 403.316700
v 203.233300 -15.383340 403.316700
v 201.600000 -15.558330 404.483300
v 202.066700 -15.500000 404.483300
v 203.233300 -15.383340 403.316700
v 202.066700 -15.500000 404.483300
v 203.000000 -15.383340 404.483300
v 204.750000 -15.266670 403.316700
v 203.000000 -15.383340 404.483300
v 208.950000 -14.275000 404.483300
v 206.500000 -15.033330 403.316700
v 204.750000 -15.266670 403.316700
v 201.600000 -15.558330 404.483300
v 200.900000 -15.791670 404.950000
v 201.716700 -15.616670 404.833300
v 202.066700 -15.500000 404.483300
v 204.400000 -15.850010 407.516700
v 203.816700 -15.966670 407.866700
v 203.583300 -16.258340 408.450000
v 208.716700 -15.325000 408.566700
v 208.600000 -15.033330 407.283300
v 208.600000 -15.033330 407.283300
v 208.950000 -14.858340 407.050000
v 208.950000 -14.275000 404.483300
v 203.700000 -15.325000 405.066700
v 204.633300 -15.558330 406.583300
v 203.583300 -16.258340 408.450000
v 203.000000 -16.375000 408.566700
v 208.716700 -15.325000 408.566700
v 204.633300 -15.558330 406.583300
v 204.400000 -15.850010 407.516700
v 208.600000 -15.033330 407.283300
v 208.950000 -14.275000 404.483300
v 203.000000 -15.383340 404.483300
v 203.700000 -15.325000 405.066700
v 201.483300 -16.725010 409.033300
v 200.900000 -16.783330 409.033300
v 200.666700 -16.958340 409.383300
v 202.650000 -16.375000 408.566700
v 202.416700 -16.433330 408.566700
v 201.716700 -16.550000 408.683300
v 201.483300 -16.725010 409.033300
v 206.033300 -16.900000 410.550000
v 206.850000 -16.725010 410.550000
v 208.716700 -15.325000 408.566700
v 203.000000 -16.375000 408.566700
v 202.650000 -16.375000 408.566700
v 201.483300 -16.725010 409.033300
v 200.666700 -16.958340 409.383300
v 199.266700 -17.541670 410.550000
v 204.166700 -17.250000 410.550000
v 200.666700 -16.958340 409.383300
v 200.083300 -17.016670 409.383300
v 199.266700 -17.541670 410.550000
v 208.950000 -15.908330 410.550000
v 208.950000 -15.266670 408.683300
v 208.716700 -15.325000 408.566700
v 206.850000 -16.725010 410.550000
v 206.033300 -16.900000 410.550000
v 208.716700 -15.325000 408.566700
v 203.000000 -16.375000 408.566700
v 205.216700 -17.075000 410.550000
v 204.166700 -17.250000 410.550000
v 205.216700 -17.075000 410.550000
v 203.000000 -16.375000 408.566700
v 199.266700 -17.541670 410.550000
v 197.983300 -17.950000 411.366700
v 197.866700 -18.125000 411.833300
v 200.550000 -18.241670 411.833300
v 202.300000 -18.066670 411.833300
v 204.166700 -17.250000 410.550000
v 199.266700 -17.541670 410.550000
v 200.900000 -18.241670 411.833300
v 199.266700 -17.541670 410.550000
v 200.550000 -18.241670 411.833300
v 200.900000 -18.241670 411.833300
v 206.500000 -18.416670 416.616700
v 206.383300 -18.533330 417.200000
v 206.616700 -18.416670 417.316700
v 207.083300 -18.125000 416.150000
v 207.550000 -17.833340 415.333300
v 207.083300 -18.008340 415.683300
v 207.083300 -18.125000 416.150000
v 208.950000 -15.908330 410.550000
v 208.250000 -16.958340 412.650000
v 208.250000 -17.366670 414.166700
v 208.950000 -17.425000 416.733300
v 208.250000 -17.366670 414.166700
v 207.550000 -17.716670 414.750000
v 207.550000 -17.833340 415.333300
v 208.950000 -15.908330 410.550000
v 206.850000 -16.725010 410.550000
v 207.900000 -16.725010 411.483300
v 207.083300 -18.125000 416.150000
v 206.616700 -18.416670 417.316700
v 208.483300 -17.600010 417.316700
v 208.950000 -17.425000 416.733300
v 208.250000 -17.366670 414.166700
v 207.550000 -17.833340 415.333300
v 208.950000 -15.908330 410.550000
v 207.900000 -16.725010 411.483300
v 208.250000 -16.958340 412.650000
v 196.933300 -18.708340 413.466700
v 196.816700 -19.000000 414.516700
v 197.050000 -19.000000 414.633300
v 199.266700 -19.058330 414.283300
v 199.733300 -18.883340 413.700000
v 199.733300 -18.591670 412.766700
v 197.866700 -18.125000 411.833300
v 196.933300 -18.708340 413.466700
v 197.050000 -19.000000 414.633300
v 197.516700 -19.350010 416.500000
v 198.683300 -19.525000 416.733300
v 199.150000 -19.641670 416.733300
v 199.266700 -19.058330 414.283300
v 197.050000 -19.000000 414.633300
v 199.733300 -18.591670 412.766700
v 200.550000 -18.241670 411.833300
v 197.866700 -18.125000 411.833300
v 202.300000 -18.066670 411.833300
v 200.900000 -18.241670 411.833300
v 201.250000 -18.533330 412.533300
v 246.750000 32.916660 388.266700
v 241.150000 32.625000 388.266700
v 242.900000 32.625000 390.133300
v 247.450000 32.916660 389.083300
v 246.750000 32.916660 388.266700
v 242.900000 32.625000 390.133300
v 244.883300 32.625000 392.816700
v 252.700000 32.916660 401.100000
v 248.266700 32.625000 399.700000
v 250.133300 32.625000 406.233300
v 254.216700 32.916660 408.566700
v 250.250000 32.916660 393.983300
v 247.450000 32.916660 389.083300
v 244.883300 32.625000 392.816700
v 246.633300 32.625000 395.850000
v 254.216700 32.916660 408.566700
v 250.133300 32.625000 406.233300
v 251.416700 32.625000 413.350000
v 250.250000 32.916660 393.983300
v 246.633300 32.625000 395.850000
v 248.266700 32.625000 399.700000
v 252.700000 32.916660 401.100000
v 255.500000 32.916660 418.133300
v 254.216700 32.916660 408.566700
v 251.416700 32.625000 413.350000
v 252.000000 32.625000 418.133300
v 268.800000 9.116661 388.266700
v 251.183300 9.116661 388.266700
v 253.516700 9.116661 392.233300
v 257.366700 9.116661 406.583300
v 258.883300 9.174995 418.133300
v 268.800000 9.116661 418.133300
v 268.800000 9.116661 388.266700
v 253.516700 9.116661 392.233300
v 255.850000 9.116661 399.116700
v 268.800000 9.116661 388.266700
v 255.850000 9.116661 399.116700
v 257.366700 9.116661 406.583300
v 268.800000 9.116661 418.133300
v 295.866700 9.116661 408.100000
v 298.666700 9.116661 407.400000
v 298.666700 9.116661 388.266700
v 268.800000 9.116661 418.133300
v 289.566700 9.116661 418.133300
v 291.083300 9.116661 412.650000
v 291.083300 9.116661 412.650000
v 295.866700 9.116661 408.100000
v 298.666700 9.116661 388.266700
v 268.800000 9.116661 388.266700
v 268.800000 9.116661 418.133300
v 314.183300 17.750000 418.133300
v 325.500000 17.750000 414.166700
v 325.500000 17.750000 413.350000
v 313.133300 17.750000 413.933300
v 302.400000 9.116661 406.583300
v 302.866700 9.116661 406.583300
v 303.450000 9.116661 395.966700
v 301.816700 9.116661 406.583300
v 302.400000 9.116661 406.583300
v 303.450000 9.116661 395.966700
v 328.533300 17.750000 418.133300
v 325.733300 17.750000 414.400000
v 325.500000 17.750000 414.166700
v 314.183300 17.750000 418.133300
v 328.533300 17.750000 418.133300
v 328.533300 17.750000 414.516700
v 325.733300 17.750000 414.400000
v 303.450000 9.116661 395.966700
v 303.333300 9.116661 388.266700
v 298.666700 9.116661 388.266700
v 298.666700 9.116661 407.400000
v 301.816700 9.116661 406.583300
v 328.533300 17.750000 418.133300
v 358.400000 17.750000 418.133300
v 348.483300 17.750000 414.516700
v 334.483300 17.750000 414.516700
v 358.400000 17.750000 418.133300
v 355.250000 17.750000 414.516700
v 348.483300 17.750000 414.516700
v 334.483300 17.750000 414.516700
v 328.533300 17.750000 414.516700
v 328.533300 17.750000 418.133300
v 348.483300 17.750000 414.516700
v 346.383300 17.750000 414.283300
v 345.450000 17.750000 414.283300
v 337.633300 17.750000 414.283300
v 336.583300 17.750000 414.283300
v 334.483300 17.750000 414.516700
v 348.483300 17.750000 414.516700
v 345.450000 17.750000 414.283300
v 337.633300 17.750000 414.283300
v 334.483300 17.750000 414.516700
v 358.400000 17.750000 413.350000
v 357.466700 17.750000 413.350000
v 357.466700 17.750000 414.166700
v 358.400000 17.750000 413.350000
v 357.466700 17.750000 414.166700
v 357.233300 17.750000 414.400000
v 358.400000 17.750000 418.133300
v 357.233300 17.750000 414.400000
v 355.250000 17.750000 414.516700
v 358.400000 17.750000 418.133300
v 382.900000 9.116661 393.750000
v 385.933300 9.116661 393.750000
v 385.700000 9.116661 393.050000
v 382.783300 9.116661 393.050000
v 358.400000 17.750000 418.133300
v 369.250000 17.750000 418.133300
v 369.600000 17.750000 416.500000
v 382.666700 9.116661 394.566700
v 381.966700 9.116661 394.566700
v 381.616700 9.116661 395.383300
v 369.600000 17.750000 416.500000
v 370.533300 17.575000 414.283300
v 370.300000 17.633330 413.933300
v 358.400000 17.750000 413.350000
v 358.400000 17.750000 418.133300
v 381.616700 9.116661 395.383300
v 381.033300 9.116661 395.500000
v 381.850000 9.116661 406.700000
v 385.933300 9.116661 393.750000
v 382.900000 9.116661 393.750000
v 382.900000 9.116661 394.333300
v 385.933300 9.116661 393.750000
v 382.900000 9.116661 394.333300
v 382.666700 9.116661 394.566700
v 386.750000 9.116661 393.750000
v 385.933300 9.116661 393.750000
v 382.666700 9.116661 394.566700
v 379.750000 9.116661 395.500000
v 380.100000 9.116661 395.500000
v 379.866700 9.116661 395.266700
v 379.866700 9.116661 395.266700
v 379.866700 9.116661 394.100000
v 379.633300 9.116661 393.983300
v 379.750000 9.116661 395.500000
v 380.100000 9.116661 395.500000
v 379.750000 9.116661 395.500000
v 380.216700 9.116661 406.700000
v 380.100000 9.116661 395.500000
v 380.216700 9.116661 406.700000
v 380.683300 9.116661 406.700000
v 381.033300 9.116661 395.500000
v 380.683300 9.116661 406.700000
v 380.216700 9.116661 406.700000
v 380.216700 9.116661 406.933300
v 381.033300 9.116661 395.500000
v 380.683300 9.116661 406.700000
v 381.850000 9.116661 406.700000
v 388.266700 9.116661 393.516700
v 387.100000 9.116661 393.516700
v 386.750000 9.116661 393.750000
v 386.750000 9.116661 393.750000
v 382.666700 9.116661 394.566700
v 381.616700 9.116661 395.383300
v 387.450000 9.116661 408.100000
v 388.266700 9.116661 408.916700
v 388.266700 9.116661 393.516700
v 381.616700 9.116661 395.383300
v 381.850000 9.116661 406.700000
v 387.450000 9.116661 408.100000
v 395.150000 9.116661 390.366700
v 394.800000 9.116661 390.600000
v 394.916700 9.116661 391.300000
v 395.266700 9.116661 391.533300
v 389.200000 9.116661 393.750000
v 388.616700 9.116661 393.750000
v 388.266700 9.116661 408.916700
v 392.233300 9.116661 412.650000
v 388.616700 9.116661 393.750000
v 388.266700 9.116661 393.750000
v 388.266700 9.116661 408.916700
v 394.683300 9.116661 392.816700
v 389.550000 9.116661 392.933300
v 389.550000 9.116661 393.400000
v 388.266700 9.116661 393.750000
v 388.616700 9.116661 393.750000
v 388.266700 9.116661 393.516700
v 395.033300 9.116661 388.266700
v 395.150000 9.116661 390.366700
v 395.266700 9.116661 391.533300
v 418.133300 9.116661 388.266700
v 394.683300 9.116661 392.816700
v 389.550000 9.116661 393.400000
v 389.200000 9.116661 393.750000
v 392.233300 9.116661 412.650000
v 418.133300 9.116661 388.266700
v 395.266700 9.116661 391.533300
v 395.266700 9.116661 392.350000
v 395.033300 9.116661 392.583300
v 394.683300 9.116661 392.816700
v 392.233300 9.116661 412.650000
v 395.266700 9.116661 392.350000
v 395.033300 9.116661 392.583300
v 392.233300 9.116661 412.650000
v 393.750000 9.116661 418.133300
v 418.133300 9.116661 418.133300
v 418.133300 9.116661 388.266700
v 430.850000 9.116661 392.233300
v 433.183300 9.116661 388.266700
v 418.133300 9.116661 388.266700
v 418.133300 9.116661 418.133300
v 425.366700 9.058334 418.133300
v 426.883300 9.116661 407.283300
v 428.516700 9.116661 399.116700
v 430.850000 9.116661 392.233300
v 418.133300 9.116661 388.266700
v 426.883300 9.116661 407.283300
v 428.516700 9.116661 399.116700
v 418.133300 9.116661 388.266700
v 418.133300 9.116661 418.133300
v 259.233300 32.625000 445.783300
v 260.750000 32.625000 448.000000
v 266.116700 32.916660 448.000000
v 261.683300 32.916660 441.583300
v 257.366700 32.625000 442.050000
v 255.500000 32.916660 418.133300
v 252.000000 32.625000 418.133300
v 253.166700 32.625000 426.650000
v 257.250000 32.916660 428.866700
v 255.033300 32.625000 435.400000
v 259.466700 32.916660 436.566700
v 257.250000 32.916660 428.866700
v 253.166700 32.625000 426.650000
v 257.366700 32.625000 442.050000
v 261.683300 32.916660 441.583300
v 259.466700 32.916660 436.566700
v 255.033300 32.625000 435.400000
v 268.800000 9.116661 418.133300
v 258.883300 9.174995 418.133300
v 260.400000 9.174995 426.883300
v 262.733300 9.233330 434.933300
v 265.066700 9.291664 440.066700
v 268.800000 9.408333 445.550000
v 289.800000 9.116661 435.516700
v 290.033300 9.116661 435.516700
v 290.033300 9.116661 433.883300
v 289.450000 9.116661 435.516700
v 289.800000 9.116661 435.516700
v 290.033300 9.116661 433.883300
v 291.900000 9.116661 430.500000
v 293.883300 9.174995 428.050000
v 290.850000 9.116661 425.133300
v 290.616700 9.116661 432.716700
v 291.900000 9.116661 430.500000
v 290.850000 9.116661 425.133300
v 290.033300 9.116661 433.883300
v 290.616700 9.116661 432.716700
v 290.850000 9.116661 425.133300
v 293.416700 9.875000 447.416700
v 293.416700 9.875000 447.183300
v 293.183300 9.524994 447.183300
v 289.450000 9.116661 419.300000
v 289.566700 9.116661 418.133300
v 268.800000 9.116661 418.133300
v 298.666700 17.750000 430.850000
v 298.316700 17.633330 430.616700
v 298.083300 17.691670 431.316700
v 268.800000 9.408333 445.550000
v 270.550000 9.408333 447.183300
v 289.216600 9.116661 440.416700
v 289.216600 9.116661 435.750000
v 298.083300 17.691670 431.316700
v 297.266700 17.341670 431.316700
v 297.266700 17.691670 432.833300
v 289.216600 9.116661 435.750000
v 290.033300 9.116661 433.883300
v 290.850000 9.116661 425.133300
v 289.450000 9.116661 419.300000
v 268.800000 9.116661 418.133300
v 268.800000 9.408333 445.550000
v 296.333300 17.341670 433.066700
v 296.683300 17.575000 433.066700
v 296.333300 17.225000 432.716700
v 296.683300 17.575000 433.066700
v 296.333300 17.341670 433.066700
v 296.333300 17.691670 435.516700
v 297.033300 17.691670 433.066700
v 296.683300 17.575000 433.066700
v 296.333300 17.691670 435.516700
v 289.216600 9.116661 435.750000
v 289.450000 9.116661 435.516700
v 290.033300 9.116661 433.883300
v 293.183300 9.524994 447.183300
v 293.416700 9.875000 447.183300
v 293.416700 9.875000 440.650000
v 293.183300 9.524994 447.183300
v 293.416700 9.875000 440.650000
v 289.450000 9.116661 440.650000
v 289.566700 9.116661 447.183300
v 271.366700 9.466667 448.000000
v 289.333300 9.116661 447.416700
v 289.566700 9.116661 447.183300
v 270.550000 9.408333 447.183300
v 289.566700 9.116661 447.183300
v 289.450000 9.116661 440.650000
v 289.216600 9.116661 440.416700
v 270.550000 9.408333 447.183300
v 271.366700 9.466667 448.000000
v 289.333300 9.116661 448.000000
v 289.333300 9.116661 447.416700
v 297.383300 11.508330 440.300000
v 297.383300 11.508330 448.000000
v 298.200000 12.091670 448.000000
v 298.200000 12.091670 440.183300
v 298.200000 12.091670 448.000000
v 298.666700 12.091670 448.000000
v 298.666700 12.091670 440.183300
v 298.200000 12.091670 440.183300
v 295.750000 10.750000 440.416700
v 295.750000 10.750000 448.000000
v 296.566700 11.391660 448.000000
v 296.566700 11.391660 440.300000
v 296.566700 11.391660 448.000000
v 297.383300 11.508330 448.000000
v 297.383300 11.508330 440.300000
v 296.566700 11.391660 440.300000
v 294.116700 9.991661 440.533300
v 294.116700 9.991661 448.000000
v 294.933300 10.633330 448.000000
v 294.933300 10.633330 440.533300
v 294.933300 10.633330 440.533300
v 294.933300 10.633330 448.000000
v 295.750000 10.750000 448.000000
v 295.750000 10.750000 440.416700
v 293.416700 9.875000 447.416700
v 293.416700 9.875000 448.000000
v 294.116700 9.991661 448.000000
v 293.416700 9.875000 447.183300
v 293.416700 9.875000 447.416700
v 294.116700 9.991661 448.000000
v 293.416700 9.875000 447.183300
v 294.116700 9.991661 448.000000
v 294.116700 9.991661 440.533300
v 293.416700 9.875000 440.650000
v 298.666700 17.750000 430.850000
v 298.083300 17.691670 431.316700
v 297.266700 17.691670 432.833300
v 296.333300 17.691670 435.516700
v 298.666700 17.750000 435.633300
v 297.266700 17.691670 432.833300
v 297.033300 17.691670 433.066700
v 296.333300 17.691670 435.516700
v 328.533300 17.750000 418.133300
v 314.183300 17.750000 418.133300
v 314.416700 17.750000 419.766700
v 298.666700 12.091670 448.000000
v 298.900000 12.208330 448.000000
v 298.900000 12.208330 440.183300
v 298.666700 12.091670 440.183300
v 298.900000 12.208330 440.183300
v 298.900000 12.208330 448.000000
v 299.833300 12.908330 448.000000
v 299.833300 12.908330 440.066700
v 300.650000 13.024990 439.833300
v 300.066700 12.908330 439.833300
v 299.833300 12.908330 440.066700
v 299.833300 12.908330 448.000000
v 300.650000 13.024990 448.000000
v 298.666700 17.691670 431.783300
v 301.350000 17.750000 431.783300
v 298.666700 17.750000 430.850000
v 301.816700 17.750000 431.783300
v 301.350000 17.750000 431.783300
v 298.666700 17.750000 435.633300
v 310.683300 17.750000 435.516700
v 310.916700 17.750000 434.933300
v 312.666700 17.750000 425.716700
v 307.883300 17.750000 430.266700
v 313.250000 17.750000 434.933300
v 300.650000 13.024990 439.833300
v 300.650000 13.024990 448.000000
v 301.466600 13.666660 448.000000
v 301.466600 13.666660 439.716700
v 301.816700 17.750000 431.783300
v 310.916700 17.750000 434.933300
v 313.250000 17.750000 434.933300
v 307.883300 17.750000 430.266700
v 301.816700 17.750000 431.783300
v 313.250000 17.750000 434.933300
v 313.483300 17.750000 435.166700
v 313.483300 17.750000 436.566700
v 314.300000 17.750000 436.566700
v 301.350000 17.750000 431.783300
v 298.666700 17.691670 431.783300
v 298.666700 17.750000 435.633300
v 312.666700 17.750000 425.716700
v 313.250000 17.750000 434.933300
v 313.483300 17.750000 435.166700
v 313.483300 17.750000 435.166700
v 314.300000 17.750000 436.566700
v 314.650000 17.750000 437.150000
v 302.400000 13.783330 448.000000
v 303.100000 14.366660 448.000000
v 303.100000 14.366660 439.833300
v 302.400000 13.783330 439.600000
v 314.183300 17.750000 438.200000
v 313.366700 17.750000 438.083300
v 313.366700 17.750000 439.483300
v 313.133300 17.750000 439.716700
v 311.266700 17.458330 439.716700
v 311.266700 17.458330 448.000000
v 313.366700 17.750000 439.483300
v 313.133300 17.750000 439.716700
v 311.266700 17.458330 448.000000
v 301.466600 13.666660 439.716700
v 301.466600 13.666660 448.000000
v 302.400000 13.783330 448.000000
v 302.400000 13.783330 439.600000
v 309.050000 16.875000 439.366700
v 309.166700 16.700000 439.016700
v 308.350000 16.700000 439.016700
v 308.350000 16.700000 439.483300
v 309.050000 16.875000 439.366700
v 308.350000 16.700000 439.483300
v 308.000000 16.641660 439.833300
v 308.000000 16.641660 448.000000
v 308.933300 16.816670 448.000000
v 310.683300 17.458330 439.483300
v 310.683300 17.458330 439.016700
v 309.983300 17.458330 439.016700
v 309.983300 17.458330 439.483300
v 310.683300 17.458330 439.483300
v 309.983300 17.458330 439.483300
v 309.633300 17.458330 439.833300
v 309.633300 17.458330 448.000000
v 311.266700 17.458330 448.000000
v 311.266700 17.458330 439.716700
v 307.416700 16.116660 439.366700
v 307.533300 15.941670 439.133300
v 306.716600 15.941670 439.133300
v 306.716600 15.941670 439.483300
v 307.416700 16.116660 439.366700
v 306.716600 15.941670 439.483300
v 306.366700 15.941670 439.716700
v 306.366700 15.941670 448.000000
v 307.300000 16.058330 448.000000
v 305.433300 15.241660 439.366700
v 305.900000 15.416660 439.366700
v 305.083300 15.125000 439.250000
v 305.433300 15.241660 439.366700
v 305.083300 15.125000 439.250000
v 304.733300 15.125000 439.716700
v 304.733300 15.125000 448.000000
v 305.433300 15.241660 448.000000
v 306.366700 15.941670 439.716700
v 305.900000 15.416660 439.366700
v 305.433300 15.241660 439.366700
v 305.433300 15.241660 448.000000
v 306.366700 15.941670 448.000000
v 308.000000 16.641660 448.000000
v 308.000000 16.641660 439.833300
v 307.650000 16.233330 439.833300
v 307.300000 16.058330 448.000000
v 307.300000 16.058330 448.000000
v 307.650000 16.233330 439.833300
v 307.416700 16.116660 439.366700
v 309.633300 17.458330 448.000000
v 309.633300 17.458330 439.833300
v 309.283300 16.991660 439.833300
v 308.933300 16.816670 448.000000
v 308.933300 16.816670 448.000000
v 309.283300 16.991660 439.833300
v 309.050000 16.875000 439.366700
v 303.800000 14.483330 439.483300
v 303.333300 14.366660 439.483300
v 303.100000 14.366660 439.833300
v 303.100000 14.366660 448.000000
v 303.800000 14.483330 448.000000
v 303.800000 14.483330 448.000000
v 304.733300 15.125000 448.000000
v 304.733300 15.125000 439.716700
v 303.800000 14.483330 439.483300
v 314.650000 17.750000 437.616700
v 314.183300 17.750000 438.200000
v 313.366700 17.750000 439.483300
v 311.266700 17.458330 448.000000
v 328.533300 17.750000 448.000000
v 314.650000 17.750000 437.150000
v 314.650000 17.750000 437.616700
v 328.533300 17.750000 448.000000
v 312.666700 17.750000 425.716700
v 313.483300 17.750000 435.166700
v 314.650000 17.750000 437.150000
v 328.533300 17.750000 448.000000
v 328.533300 17.750000 418.133300
v 314.416700 17.750000 419.766700
v 328.533300 17.750000 448.000000
v 358.400000 17.750000 448.000000
v 358.400000 17.750000 418.133300
v 328.533300 17.750000 418.133300
v 369.016700 17.750000 419.883300
v 369.250000 17.750000 418.133300
v 358.400000 17.750000 418.133300
v 387.683300 10.633330 448.000000
v 388.266700 10.166660 448.000000
v 388.266700 10.166660 440.650000
v 387.683300 10.633330 440.533300
v 386.983300 10.750000 448.000000
v 387.683300 10.633330 448.000000
v 387.683300 10.633330 440.533300
v 386.983300 10.750000 440.533300
v 386.050000 11.391660 448.000000
v 386.983300 10.750000 448.000000
v 386.983300 10.750000 440.533300
v 386.050000 11.391660 440.416700
v 386.516700 17.691670 431.666700
v 385.583300 17.750000 430.733300
v 385.116700 17.750000 430.733300
v 382.200000 17.750000 431.666700
v 368.783300 17.750000 437.733300
v 368.900000 17.750000 437.033300
v 370.650000 17.750000 425.600000
v 369.016700 17.750000 419.883300
v 358.400000 17.750000 418.133300
v 358.400000 17.750000 448.000000
v 387.683300 17.633330 434.116700
v 387.566700 17.516660 432.833300
v 386.516700 17.691670 431.666700
v 382.200000 17.750000 431.666700
v 385.350000 11.508330 448.000000
v 386.050000 11.391660 448.000000
v 386.050000 11.391660 440.416700
v 385.350000 11.508330 440.300000
v 384.416700 12.091670 448.000000
v 385.350000 11.508330 448.000000
v 385.350000 11.508330 440.300000
v 384.416700 12.091670 440.183300
v 369.483300 17.750000 439.483300
v 369.483300 17.750000 438.316700
v 368.783300 17.750000 437.733300
v 369.716700 17.750000 434.933300
v 372.050000 17.750000 434.933300
v 375.433300 17.750000 430.266700
v 370.650000 17.750000 425.600000
v 371.466700 17.575000 448.000000
v 371.466700 17.575000 439.716700
v 369.716700 17.750000 439.716700
v 371.466700 17.575000 448.000000
v 369.716700 17.750000 439.716700
v 369.483300 17.750000 439.483300
v 372.050000 17.750000 434.933300
v 381.150000 17.750000 431.666700
v 375.433300 17.750000 430.266700
v 383.833300 12.208330 448.000000
v 384.416700 12.091670 448.000000
v 384.416700 12.091670 440.183300
v 383.833300 12.208330 440.183300
v 382.900000 12.908330 448.000000
v 383.833300 12.208330 448.000000
v 383.833300 12.208330 440.183300
v 382.900000 12.908330 440.066700
v 368.900000 17.750000 437.033300
v 369.483300 17.750000 435.166700
v 370.650000 17.750000 425.600000
v 372.633300 17.458330 439.483300
v 372.633300 17.458330 439.016700
v 372.166700 17.458330 439.016700
v 371.933300 17.458330 439.716700
v 371.933300 17.458330 439.716700
v 371.466700 17.575000 439.716700
v 371.466700 17.575000 448.000000
v 372.983300 17.458330 439.716700
v 372.633300 17.458330 439.483300
v 371.933300 17.458330 439.716700
v 371.466700 17.575000 448.000000
v 372.983300 17.458330 448.000000
v 373.450000 16.700000 439.016700
v 373.450000 17.050000 439.366700
v 373.916700 16.816670 439.366700
v 374.266700 16.700000 439.016700
v 374.616700 16.700000 439.716700
v 374.266700 16.700000 439.483300
v 373.916700 16.816670 439.366700
v 373.916700 16.816670 448.000000
v 374.616700 16.700000 448.000000
v 374.266700 16.700000 439.483300
v 374.266700 16.700000 439.016700
v 373.916700 16.816670 439.366700
v 375.083300 15.941670 439.133300
v 375.083300 16.291660 439.366700
v 375.550000 16.058330 439.366700
v 376.016700 15.941670 439.133300
v 376.366700 15.941670 439.833300
v 376.016700 15.941670 439.483300
v 375.550000 16.058330 439.366700
v 375.550000 16.058330 448.000000
v 376.366700 15.941670 448.000000
v 376.016700 15.941670 439.483300
v 376.016700 15.941670 439.133300
v 375.550000 16.058330 439.366700
v 377.650000 15.125000 439.250000
v 376.950000 15.416660 439.366700
v 377.300000 15.241660 439.366700
v 378.000000 15.125000 439.716700
v 377.650000 15.125000 439.250000
v 377.300000 15.241660 439.366700
v 377.300000 15.241660 448.000000
v 378.000000 15.125000 448.000000
v 373.916700 16.816670 439.366700
v 373.450000 17.050000 439.366700
v 372.983300 17.458330 439.716700
v 372.983300 17.458330 448.000000
v 373.916700 16.816670 448.000000
v 375.550000 16.058330 439.366700
v 375.083300 16.291660 439.366700
v 374.616700 16.700000 439.716700
v 374.616700 16.700000 448.000000
v 375.550000 16.058330 448.000000
v 377.300000 15.241660 439.366700
v 376.950000 15.416660 439.366700
v 376.716700 15.533330 439.833300
v 376.366700 15.941670 448.000000
v 377.300000 15.241660 448.000000
v 376.716700 15.533330 439.833300
v 376.366700 15.941670 439.833300
v 376.366700 15.941670 448.000000
v 378.000000 15.125000 439.716700
v 378.000000 15.125000 448.000000
v 378.933300 14.483330 448.000000
v 378.933300 14.483330 439.483300
v 378.933300 14.483330 448.000000
v 379.516700 14.366660 448.000000
v 379.516700 14.366660 439.716700
v 378.933300 14.483330 439.483300
v 380.450000 13.783330 439.833300
v 380.450000 13.783330 439.600000
v 380.100000 13.958330 439.600000
v 379.983300 14.016660 439.833300
v 381.266700 13.666660 439.716700
v 380.450000 13.783330 439.600000
v 380.450000 13.783330 439.833300
v 380.450000 13.783330 439.833300
v 380.450000 13.783330 448.000000
v 381.266700 13.666660 448.000000
v 381.266700 13.666660 439.716700
v 380.450000 13.783330 448.000000
v 380.450000 13.783330 439.833300
v 379.983300 14.016660 439.833300
v 379.516700 14.366660 448.000000
v 379.516700 14.366660 448.000000
v 379.983300 14.016660 439.833300
v 379.516700 14.366660 439.716700
v 381.266700 13.666660 448.000000
v 382.083300 13.024990 448.000000
v 382.083300 13.024990 439.833300
v 381.266700 13.666660 439.716700
v 382.900000 12.908330 440.066700
v 382.666700 12.908330 439.833300
v 382.083300 13.024990 439.833300
v 382.083300 13.024990 448.000000
v 382.900000 12.908330 448.000000
v 368.900000 17.750000 437.033300
v 369.483300 17.750000 436.683300
v 369.483300 17.750000 435.166700
v 369.483300 17.750000 435.166700
v 369.716700 17.750000 434.933300
v 370.650000 17.750000 425.600000
v 371.466700 17.575000 448.000000
v 369.483300 17.750000 439.483300
v 368.783300 17.750000 437.733300
v 358.400000 17.750000 448.000000
v 388.266700 17.633330 435.516700
v 388.266700 17.516660 434.700000
v 387.683300 17.633330 434.116700
v 387.683300 17.633330 434.116700
v 382.200000 17.750000 431.666700
v 381.150000 17.750000 431.666700
v 372.050000 17.750000 434.933300
v 372.283300 17.750000 435.516700
v 388.266700 17.633330 435.516700
v 389.550000 9.408333 428.050000
v 389.550000 9.466667 428.283300
v 390.250000 9.233330 428.866700
v 392.466700 9.116661 425.250000
v 392.933300 9.174995 434.116700
v 392.933300 9.174995 435.750000
v 393.516700 9.116661 435.750000
v 392.933300 9.174995 434.116700
v 393.516700 9.116661 435.750000
v 393.750000 9.116661 435.983300
v 393.866700 9.116661 419.533300
v 392.466700 9.116661 425.250000
v 390.250000 9.233330 428.866700
v 390.366700 9.524994 430.033300
v 391.300000 9.233330 430.850000
v 392.466700 9.116661 425.250000
v 391.300000 9.233330 430.850000
v 391.300000 9.291664 431.316700
v 392.933300 9.174995 434.116700
v 392.466700 9.116661 425.250000
v 413.000000 10.050000 448.000000
v 413.700000 9.991661 447.300000
v 393.400000 9.116661 447.300000
v 393.633300 9.116661 448.000000
v 389.433300 9.641663 448.000000
v 389.666700 9.524994 447.300000
v 389.200000 9.875000 447.300000
v 389.200000 9.875000 448.000000
v 418.133300 9.116661 418.133300
v 393.750000 9.116661 418.133300
v 393.866700 9.116661 419.533300
v 388.266700 17.633330 435.516700
v 388.616700 17.225000 434.933300
v 388.266700 17.516660 434.700000
v 388.266700 10.166660 448.000000
v 388.616700 9.991661 448.000000
v 388.616700 9.991661 440.650000
v 388.266700 10.166660 440.650000
v 388.616700 9.991661 448.000000
v 389.200000 9.875000 448.000000
v 389.200000 9.875000 447.300000
v 389.200000 9.875000 447.300000
v 389.200000 9.875000 440.766700
v 388.616700 9.991661 440.650000
v 388.616700 9.991661 448.000000
v 393.516700 9.116661 440.883300
v 389.200000 9.875000 440.766700
v 389.666700 9.524994 447.300000
v 393.400000 9.116661 447.300000
v 389.200000 9.875000 440.766700
v 389.200000 9.875000 447.300000
v 389.666700 9.524994 447.300000
v 393.750000 9.116661 440.650000
v 393.516700 9.116661 440.883300
v 393.400000 9.116661 447.300000
v 413.700000 9.991661 447.300000
v 413.700000 9.991661 447.300000
v 415.800000 9.699997 445.433300
v 418.133300 9.233330 441.583300
v 393.866700 9.116661 419.533300
v 393.750000 9.116661 435.983300
v 393.750000 9.116661 440.650000
v 413.700000 9.991661 447.300000
v 418.133300 9.233330 441.583300
v 418.133300 9.116661 418.133300
v 418.133300 9.233330 441.583300
v 419.533300 9.408333 439.716700
v 419.650000 9.349998 439.016700
v 418.133300 9.233330 441.583300
v 419.650000 9.349998 439.016700
v 421.983300 9.291664 433.883300
v 423.966700 9.174995 426.883300
v 425.366700 9.058334 418.133300
v 418.133300 9.116661 418.133300
v 266.116700 32.916660 448.000000
v 260.750000 32.625000 448.000000
v 263.433300 32.625000 451.616700
v 266.816700 32.625000 454.883300
v 268.800000 32.625000 456.283300
v 268.800000 32.916660 450.450000
v 290.150000 9.058334 453.133300
v 290.150000 9.000000 452.200000
v 289.566700 9.058334 452.200000
v 290.150000 9.058334 453.133300
v 289.566700 9.058334 452.200000
v 289.333300 9.058334 451.966700
v 279.766700 9.408333 453.950000
v 280.933300 9.408333 454.766700
v 281.516700 9.408333 454.883300
v 289.333300 9.058334 451.966700
v 292.716600 9.583328 458.966700
v 293.650000 10.166660 458.616700
v 293.650000 9.058334 453.366700
v 290.383300 9.058334 453.366700
v 271.366700 9.466667 448.000000
v 274.983300 9.524994 451.500000
v 279.766700 9.408333 453.950000
v 289.333300 9.058334 451.966700
v 289.333300 9.116661 448.000000
v 292.716600 9.583328 458.966700
v 290.383300 9.058334 453.366700
v 290.150000 9.058334 453.133300
v 292.716600 9.816666 459.550000
v 292.716600 9.583328 458.966700
v 290.150000 9.058334 453.133300
v 289.333300 9.058334 451.966700
v 281.516700 9.408333 454.883300
v 282.800000 9.583328 455.816700
v 294.116700 9.991661 448.000000
v 293.416700 9.875000 448.000000
v 293.416700 9.875000 449.166700
v 294.116700 9.991661 449.283300
v 294.116700 9.991661 449.283300
v 294.933300 10.633330 449.400000
v 294.933300 10.633330 448.000000
v 294.116700 9.991661 448.000000
v 294.933300 10.633330 449.400000
v 295.750000 10.750000 449.400000
v 295.750000 10.750000 448.000000
v 294.933300 10.633330 448.000000
v 295.750000 10.750000 449.400000
v 296.566700 11.391660 449.400000
v 296.566700 11.391660 448.000000
v 295.750000 10.750000 448.000000
v 296.566700 11.391660 449.400000
v 297.383300 11.508330 449.400000
v 297.383300 11.508330 448.000000
v 296.566700 11.391660 448.000000
v 297.383300 11.508330 449.400000
v 298.200000 12.091670 449.516700
v 298.200000 12.091670 448.000000
v 297.383300 11.508330 448.000000
v 298.200000 12.091670 449.516700
v 298.316700 12.091670 449.750000
v 298.666700 12.091670 449.750000
v 298.666700 12.091670 448.000000
v 298.200000 12.091670 448.000000
v 272.300000 32.916660 453.833300
v 268.800000 32.916660 450.450000
v 268.800000 32.625000 456.283300
v 272.300000 32.916660 453.833300
v 268.800000 32.625000 456.283300
v 271.133300 32.625000 458.033300
v 274.400000 32.625000 459.900000
v 280.700000 32.625000 462.933300
v 280.933300 32.916660 458.616700
v 291.550000 32.508330 466.900000
v 294.000000 32.508330 467.483300
v 293.883300 32.916660 463.050000
v 288.866700 32.916660 461.650000
v 285.600000 32.566670 464.916700
v 285.600000 32.566670 464.916700
v 288.866700 32.916660 461.650000
v 280.933300 32.916660 458.616700
v 280.700000 32.625000 462.933300
v 298.550000 23.875000 470.866700
v 298.666700 23.875000 470.866700
v 298.666700 23.875000 470.750000
v 298.666700 23.350000 461.533300
v 297.266700 23.350000 461.533300
v 297.266700 23.641660 462.116700
v 296.800000 23.641660 471.216700
v 298.550000 23.875000 470.866700
v 298.666700 23.875000 470.750000
v 298.666700 23.350000 461.533300
v 297.266700 23.641660 462.116700
v 296.800000 23.583330 462.350000
v 298.666700 12.091670 449.750000
v 298.900000 12.208330 449.750000
v 298.900000 12.208330 448.000000
v 298.666700 12.091670 448.000000
v 298.900000 12.208330 449.750000
v 299.833300 12.908330 449.866700
v 299.833300 12.908330 448.000000
v 298.900000 12.208330 448.000000
v 299.833300 12.908330 449.866700
v 300.650000 13.024990 449.983300
v 300.650000 13.024990 448.000000
v 299.833300 12.908330 448.000000
v 301.466600 13.666660 449.866700
v 301.466600 13.666660 448.000000
v 300.650000 13.024990 448.000000
v 300.650000 13.024990 449.983300
v 301.466600 13.666660 449.866700
v 301.700000 13.666660 450.100000
v 302.400000 13.783330 450.100000
v 302.400000 13.783330 448.000000
v 301.466600 13.666660 448.000000
v 302.750000 13.958330 449.750000
v 303.100000 14.366660 449.750000
v 303.100000 14.366660 448.000000
v 302.400000 13.783330 448.000000
v 302.400000 13.783330 450.100000
v 302.750000 13.958330 449.750000
v 302.400000 13.783330 448.000000
v 303.100000 14.366660 449.750000
v 303.333300 14.366660 450.100000
v 303.800000 14.483330 450.100000
v 303.800000 14.483330 448.000000
v 303.100000 14.366660 448.000000
v 304.733300 15.125000 449.866700
v 304.733300 15.125000 448.000000
v 303.800000 14.483330 448.000000
v 303.800000 14.483330 450.100000
v 304.733300 15.125000 449.866700
v 305.433300 15.241660 450.100000
v 305.433300 15.241660 448.000000
v 304.733300 15.125000 448.000000
v 306.366700 15.941670 449.866700
v 306.366700 15.941670 448.000000
v 305.433300 15.241660 448.000000
v 305.433300 15.241660 450.100000
v 306.366700 15.941670 449.866700
v 306.600000 15.941670 450.100000
v 307.300000 16.058330 450.100000
v 307.300000 16.058330 448.000000
v 306.366700 15.941670 448.000000
v 307.650000 16.233330 449.750000
v 308.000000 16.641660 449.750000
v 308.000000 16.641660 448.000000
v 307.300000 16.058330 448.000000
v 307.300000 16.058330 450.100000
v 307.650000 16.233330 449.750000
v 307.300000 16.058330 448.000000
v 308.000000 16.641660 449.750000
v 308.233300 16.700000 450.100000
v 308.933300 16.816670 450.100000
v 308.933300 16.816670 448.000000
v 308.000000 16.641660 448.000000
v 309.283300 16.991660 449.750000
v 309.633300 17.458330 449.750000
v 309.633300 17.458330 448.000000
v 308.933300 16.816670 448.000000
v 308.933300 16.816670 450.100000
v 309.283300 16.991660 449.750000
v 308.933300 16.816670 448.000000
v 309.633300 17.458330 449.750000
v 309.983300 17.458330 450.100000
v 310.216600 17.458330 449.516700
v 309.633300 17.458330 448.000000
v 310.216600 17.458330 449.516700
v 311.266700 17.516660 449.516700
v 311.266700 17.458330 448.000000
v 309.633300 17.458330 448.000000
v 311.266700 17.458330 448.000000
v 311.266700 17.516660 449.516700
v 312.433300 17.750000 449.516700
v 312.550000 23.641660 477.866700
v 314.300000 23.816670 477.866700
v 313.483300 23.816670 477.283300
v 312.783300 23.641660 477.516700
v 325.266700 17.750000 449.866700
v 327.483300 17.750000 449.866700
v 328.533300 17.750000 448.000000
v 311.266700 17.458330 448.000000
v 312.433300 17.750000 449.516700
v 312.433300 17.750000 449.516700
v 312.666700 17.750000 449.866700
v 325.266700 17.750000 449.866700
v 325.033300 17.750000 450.100000
v 325.266700 17.750000 449.866700
v 312.666700 17.750000 449.866700
v 312.666700 17.983330 451.616700
v 325.033300 17.983330 451.616700
v 325.033300 17.750000 450.100000
v 312.666700 17.750000 449.866700
v 314.066700 23.875000 476.466700
v 313.600000 23.816670 476.816700
v 313.483300 23.816670 477.283300
v 314.300000 23.816670 477.866700
v 315.466600 23.816670 477.866700
v 314.766700 23.816670 476.816700
v 314.066700 23.875000 476.466700
v 313.250000 24.225000 476.466700
v 313.600000 23.816670 476.816700
v 325.033300 18.158330 452.083300
v 325.033300 17.983330 451.616700
v 312.666700 17.983330 451.616700
v 312.550000 18.158330 452.083300
v 327.716600 18.158330 452.083300
v 328.533300 18.158330 452.083300
v 328.533300 17.983330 451.616700
v 327.716600 17.983330 451.616700
v 326.200000 18.916660 452.783300
v 326.200000 18.800000 452.550000
v 325.266700 18.450000 452.550000
v 312.550000 18.158330 452.083300
v 311.733300 18.274990 452.200000
v 311.733300 18.741660 452.783300
v 326.200000 18.916660 452.783300
v 325.266700 18.450000 452.550000
v 325.266700 18.450000 452.550000
v 325.033300 18.158330 452.083300
v 312.550000 18.158330 452.083300
v 327.483300 18.450000 452.550000
v 326.783300 18.800000 452.550000
v 326.783300 18.975000 452.783300
v 328.533300 18.741660 452.783300
v 328.533300 18.741660 452.783300
v 328.533300 18.158330 452.083300
v 327.716600 18.158330 452.083300
v 327.483300 18.450000 452.550000
v 326.783300 18.975000 452.783300
v 326.783300 18.800000 452.550000
v 326.200000 18.800000 452.550000
v 326.200000 18.916660 452.783300
v 326.783300 22.766660 459.200000
v 326.200000 19.675000 454.066700
v 326.200000 19.966670 454.533300
v 328.533300 17.750000 448.000000
v 327.483300 17.750000 449.866700
v 327.716600 17.750000 450.100000
v 326.200000 20.491660 455.350000
v 311.616700 20.491660 455.350000
v 311.616700 20.783330 455.816700
v 326.200000 20.783330 455.816700
v 326.083300 23.350000 460.716700
v 326.900000 23.350000 460.716700
v 326.783300 23.408330 460.366700
v 326.083300 23.350000 460.716700
v 326.783300 23.408330 460.366700
v 326.783300 23.000000 459.666700
v 326.783300 23.000000 459.666700
v 328.533300 22.766660 459.666700
v 328.533300 22.533330 459.200000
v 326.783300 22.766660 459.200000
v 326.200000 23.000000 459.666700
v 326.783300 22.766660 459.200000
v 326.200000 22.708330 459.200000
v 326.083300 23.350000 460.716700
v 326.783300 23.000000 459.666700
v 326.783300 22.766660 459.200000
v 326.200000 23.408330 460.366700
v 326.783300 22.300000 458.383300
v 328.533300 21.950000 458.383300
v 328.533300 21.833330 457.916700
v 326.783300 22.008330 457.916700
v 326.200000 21.250000 456.633300
v 311.616700 21.250000 456.633300
v 311.616700 21.541660 457.100000
v 326.200000 21.483330 457.100000
v 326.783300 21.541660 457.100000
v 328.533300 21.191670 457.100000
v 328.533300 21.075000 456.633300
v 326.783300 21.250000 456.633300
v 326.783300 22.766660 459.200000
v 326.200000 20.783330 455.816700
v 326.200000 21.250000 456.633300
v 326.783300 20.783330 455.816700
v 328.533300 20.433330 455.816700
v 328.533300 20.258330 455.350000
v 326.783300 20.491660 455.350000
v 326.783300 22.766660 459.200000
v 326.200000 20.491660 455.350000
v 326.200000 20.783330 455.816700
v 326.783300 20.024990 454.533300
v 328.533300 19.675000 454.533300
v 328.533300 19.500000 454.066700
v 326.783300 19.733330 454.066700
v 311.616700 23.000000 459.666700
v 326.200000 23.000000 459.666700
v 326.200000 22.708330 459.200000
v 311.616700 22.766660 459.200000
v 326.783300 19.325000 453.366700
v 328.533300 18.975000 453.366700
v 328.533300 18.741660 452.783300
v 326.783300 18.975000 452.783300
v 326.783300 22.766660 459.200000
v 326.200000 21.250000 456.633300
v 326.200000 21.483330 457.100000
v 326.783300 19.325000 453.366700
v 326.783300 18.975000 452.783300
v 326.200000 18.916660 452.783300
v 326.783300 19.733330 454.066700
v 326.783300 19.325000 453.366700
v 326.200000 18.916660 452.783300
v 326.783300 20.024990 454.533300
v 326.783300 19.733330 454.066700
v 326.200000 18.916660 452.783300
v 326.783300 20.491660 455.350000
v 326.783300 20.024990 454.533300
v 326.200000 18.916660 452.783300
v 326.783300 20.783330 455.816700
v 326.783300 20.491660 455.350000
v 326.200000 18.916660 452.783300
v 326.783300 21.250000 456.633300
v 326.783300 20.783330 455.816700
v 326.200000 18.916660 452.783300
v 326.783300 21.541660 457.100000
v 326.783300 21.250000 456.633300
v 326.200000 18.916660 452.783300
v 326.783300 22.008330 457.916700
v 326.783300 21.541660 457.100000
v 326.200000 18.916660 452.783300
v 326.783300 22.300000 458.383300
v 326.783300 22.008330 457.916700
v 326.200000 18.916660 452.783300
v 326.783300 22.766660 459.200000
v 326.783300 22.300000 458.383300
v 326.200000 18.916660 452.783300
v 326.200000 19.266660 453.366700
v 326.200000 23.408330 460.366700
v 311.616700 23.408330 460.366700
v 311.733300 23.350000 460.716700
v 326.083300 23.350000 460.716700
v 326.200000 22.008330 457.916700
v 311.616700 22.008330 457.916700
v 311.616700 22.300000 458.383300
v 326.200000 22.241660 458.383300
v 326.783300 22.766660 459.200000
v 326.200000 19.966670 454.533300
v 326.200000 20.491660 455.350000
v 326.200000 23.000000 459.666700
v 326.200000 23.408330 460.366700
v 326.783300 22.766660 459.200000
v 326.200000 19.675000 454.066700
v 311.733300 19.500000 454.066700
v 311.733300 19.675000 454.533300
v 326.200000 19.966670 454.533300
v 326.783300 22.766660 459.200000
v 326.200000 22.241660 458.383300
v 326.200000 22.708330 459.200000
v 326.200000 18.916660 452.783300
v 311.733300 18.741660 452.783300
v 311.733300 18.975000 453.366700
v 326.200000 19.266660 453.366700
v 326.783300 22.766660 459.200000
v 326.200000 22.008330 457.916700
v 326.200000 22.241660 458.383300
v 326.783300 22.766660 459.200000
v 326.200000 21.483330 457.100000
v 326.200000 22.008330 457.916700
v 326.783300 22.766660 459.200000
v 326.200000 19.266660 453.366700
v 326.200000 19.675000 454.066700
v 311.733300 19.500000 454.066700
v 326.200000 19.675000 454.066700
v 326.200000 19.266660 453.366700
v 311.733300 18.975000 453.366700
v 328.533300 19.500000 454.066700
v 328.533300 18.975000 453.366700
v 326.783300 19.325000 453.366700
v 326.783300 19.733330 454.066700
v 326.200000 20.491660 455.350000
v 326.200000 19.966670 454.533300
v 311.733300 19.675000 454.533300
v 311.616700 20.491660 455.350000
v 328.533300 20.258330 455.350000
v 328.533300 19.675000 454.533300
v 326.783300 20.024990 454.533300
v 326.783300 20.491660 455.350000
v 312.083300 17.750000 455.583300
v 312.083300 17.633330 457.683300
v 325.966600 17.691670 457.683300
v 325.966600 17.750000 455.583300
v 328.533300 17.691670 457.683300
v 328.533300 17.750000 455.583300
v 327.250000 17.750000 455.583300
v 327.250000 17.691670 457.683300
v 311.616700 21.250000 456.633300
v 326.200000 21.250000 456.633300
v 326.200000 20.783330 455.816700
v 311.616700 20.783330 455.816700
v 328.533300 21.075000 456.633300
v 328.533300 20.433330 455.816700
v 326.783300 20.783330 455.816700
v 326.783300 21.250000 456.633300
v 311.616700 22.008330 457.916700
v 326.200000 22.008330 457.916700
v 326.200000 21.483330 457.100000
v 311.616700 21.541660 457.100000
v 328.533300 21.833330 457.916700
v 328.533300 21.191670 457.100000
v 326.783300 21.541660 457.100000
v 326.783300 22.008330 457.916700
v 311.616700 22.766660 459.200000
v 326.200000 22.708330 459.200000
v 326.200000 22.241660 458.383300
v 311.616700 22.300000 458.383300
v 328.533300 22.533330 459.200000
v 328.533300 21.950000 458.383300
v 326.783300 22.300000 458.383300
v 326.783300 22.766660 459.200000
v 311.616700 23.408330 460.366700
v 326.200000 23.408330 460.366700
v 326.200000 23.000000 459.666700
v 311.616700 23.000000 459.666700
v 328.533300 23.350000 460.366700
v 328.533300 22.766660 459.666700
v 326.783300 23.000000 459.666700
v 326.783300 23.408330 460.366700
v 312.666700 23.466670 461.416700
v 325.033300 23.466670 461.416700
v 325.383300 23.350000 460.833300
v 312.316700 23.350000 460.833300
v 325.383300 23.350000 460.833300
v 326.083300 23.350000 460.716700
v 311.733300 23.350000 460.716700
v 312.316700 23.350000 460.833300
v 327.716600 17.750000 450.100000
v 327.716600 17.983330 451.616700
v 328.533300 17.983330 451.616700
v 328.533300 17.750000 448.000000
v 311.383300 25.158330 477.866700
v 312.900000 24.225000 476.466700
v 307.066700 25.741660 476.466700
v 306.366700 25.741660 477.866700
v 325.033300 23.641660 463.166700
v 325.033300 23.466670 461.416700
v 312.666700 23.466670 461.416700
v 312.666700 23.641660 463.166700
v 312.433300 23.641660 463.400000
v 325.266700 23.641660 463.400000
v 325.033300 23.641660 463.166700
v 312.666700 23.641660 463.166700
v 327.366700 23.350000 460.833300
v 327.716600 23.466670 461.416700
v 328.533300 23.466670 461.416700
v 328.533300 23.350000 460.366700
v 326.783300 23.408330 460.366700
v 326.900000 23.350000 460.716700
v 327.366700 23.350000 460.833300
v 328.533300 23.350000 460.366700
v 308.233300 23.641660 463.400000
v 310.216600 23.641660 463.400000
v 309.983300 23.641660 463.166700
v 307.533300 23.758330 463.400000
v 308.233300 23.641660 463.400000
v 309.983300 23.641660 463.166700
v 307.533300 23.758330 463.400000
v 309.983300 23.641660 463.166700
v 309.983300 23.466670 461.533300
v 306.833300 23.700000 463.400000
v 300.883300 23.875000 469.466700
v 305.316700 23.641660 466.550000
v 305.316700 23.641660 466.083300
v 300.883300 23.875000 469.466700
v 305.433300 23.641660 467.483300
v 305.316700 23.641660 466.550000
v 306.483300 23.816670 465.150000
v 306.483300 24.050000 464.916700
v 306.250000 23.991660 464.800000
v 306.483300 23.816670 465.150000
v 306.250000 23.991660 464.800000
v 305.783300 23.641660 464.566700
v 305.316700 23.641660 466.083300
v 305.783300 23.641660 464.100000
v 306.483300 23.641660 463.516700
v 298.666700 23.350000 461.533300
v 306.483300 23.641660 463.516700
v 306.833300 23.700000 463.400000
v 309.983300 23.466670 461.533300
v 298.666700 23.350000 461.533300
v 307.300000 25.741660 475.416700
v 307.300000 25.741660 476.116700
v 312.900000 24.225000 476.466700
v 312.900000 24.225000 476.466700
v 313.250000 24.225000 476.466700
v 314.183300 23.875000 476.000000
v 313.366700 23.875000 474.950000
v 306.483300 25.741660 474.950000
v 307.300000 25.741660 475.416700
v 306.483300 23.641660 463.516700
v 306.833300 23.816670 463.516700
v 306.833300 23.700000 463.400000
v 307.300000 24.108330 463.750000
v 307.533300 23.758330 463.400000
v 306.833300 23.700000 463.400000
v 306.833300 23.816670 463.516700
v 308.816700 23.641660 465.616700
v 308.466600 23.641660 465.966700
v 308.816700 23.641660 466.200000
v 308.933300 23.641660 464.333300
v 308.583300 23.933330 464.800000
v 308.700000 23.816670 464.916700
v 308.700000 23.816670 464.916700
v 308.700000 23.875000 465.150000
v 308.816700 23.641660 465.616700
v 308.933300 23.641660 464.333300
v 305.316700 23.641660 466.083300
v 305.783300 23.641660 464.566700
v 305.783300 23.641660 464.100000
v 298.666700 23.350000 461.533300
v 298.666700 23.875000 470.750000
v 300.883300 23.875000 469.466700
v 307.300000 25.741660 476.116700
v 307.066700 25.741660 476.466700
v 312.900000 24.225000 476.466700
v 310.216600 23.641660 463.400000
v 308.233300 23.641660 463.400000
v 308.933300 23.641660 463.866700
v 310.216600 23.641660 463.400000
v 308.933300 23.641660 463.866700
v 308.933300 23.641660 464.333300
v 308.933300 23.641660 464.333300
v 308.816700 23.641660 465.616700
v 308.816700 23.641660 466.200000
v 308.933300 23.641660 464.333300
v 308.816700 23.641660 466.200000
v 308.816700 23.641660 466.550000
v 312.433300 23.641660 463.400000
v 310.216600 23.641660 463.400000
v 306.716600 23.641660 468.416700
v 306.133300 23.641660 467.716700
v 305.433300 23.641660 467.483300
v 300.883300 23.875000 469.466700
v 306.950000 23.875000 469.466700
v 302.633300 25.158330 472.266700
v 305.083300 25.741660 474.833300
v 306.483300 25.741660 474.950000
v 313.366700 23.875000 474.950000
v 311.966600 23.875000 472.500000
v 309.750000 23.875000 471.216700
v 307.766700 24.399990 464.916700
v 308.116700 24.283330 464.916700
v 306.950000 24.399990 464.566700
v 307.766700 24.399990 464.916700
v 306.950000 24.399990 464.566700
v 307.183300 24.575000 464.916700
v 306.250000 23.991660 464.800000
v 306.483300 24.050000 464.916700
v 306.716600 24.283330 464.683300
v 308.466600 24.050000 464.916700
v 308.700000 23.816670 464.916700
v 308.583300 23.933330 464.800000
v 308.700000 23.875000 465.150000
v 308.700000 23.816670 464.916700
v 308.466600 24.050000 464.916700
v 308.700000 23.875000 465.150000
v 308.466600 24.050000 464.916700
v 308.116700 24.283330 464.916700
v 308.700000 23.875000 465.150000
v 308.116700 24.283330 464.916700
v 307.766700 24.399990 464.916700
v 314.183300 23.875000 476.000000
v 314.066700 23.875000 476.466700
v 314.766700 23.816670 476.816700
v 314.766700 23.816670 476.816700
v 315.466600 23.816670 477.866700
v 315.583300 23.816670 477.866700
v 300.300000 24.225000 471.216700
v 301.583300 24.925000 472.150000
v 302.633300 25.158330 472.266700
v 309.750000 23.875000 471.216700
v 313.250000 24.225000 476.466700
v 314.066700 23.875000 476.466700
v 314.183300 23.875000 476.000000
v 311.966600 23.875000 472.500000
v 313.366700 23.875000 474.950000
v 314.183300 23.875000 476.000000
v 305.083300 25.741660 474.833300
v 306.133300 25.741660 474.950000
v 306.483300 25.741660 474.950000
v 306.133300 25.741660 474.950000
v 305.433300 25.741660 474.950000
v 305.550000 25.741660 475.766700
v 307.183300 23.641660 468.416700
v 306.716600 23.641660 468.416700
v 306.950000 23.875000 469.466700
v 298.666700 23.875000 470.866700
v 298.666700 23.875000 470.983300
v 299.833300 24.225000 471.333300
v 298.666700 23.875000 470.750000
v 298.666700 23.875000 470.866700
v 299.833300 24.225000 471.333300
v 300.300000 24.225000 471.216700
v 300.883300 23.875000 469.466700
v 298.666700 23.875000 470.750000
v 300.300000 24.225000 471.216700
v 309.750000 23.875000 471.216700
v 306.950000 23.875000 469.466700
v 305.083300 25.741660 474.833300
v 305.433300 25.741660 474.950000
v 306.133300 25.741660 474.950000
v 308.816700 23.641660 466.550000
v 308.233300 23.641660 467.133300
v 308.350000 23.641660 467.600000
v 309.750000 23.875000 471.216700
v 311.966600 23.875000 472.500000
v 328.533300 23.466670 461.416700
v 327.716600 23.466670 461.416700
v 327.716600 23.641660 463.166700
v 328.533300 23.641660 477.866700
v 308.350000 23.641660 467.600000
v 307.183300 23.641660 468.416700
v 306.950000 23.875000 469.466700
v 309.750000 23.875000 471.216700
v 314.183300 23.875000 476.000000
v 314.766700 23.816670 476.816700
v 315.583300 23.816670 477.866700
v 311.966600 23.875000 472.500000
v 328.533300 23.641660 477.866700
v 327.716600 23.641660 463.166700
v 327.483300 23.641660 463.400000
v 328.533300 23.641660 477.866700
v 327.483300 23.641660 463.400000
v 325.266700 23.641660 463.400000
v 312.433300 23.641660 463.400000
v 308.816700 23.641660 466.550000
v 311.966600 23.875000 472.500000
v 315.583300 23.816670 477.866700
v 328.533300 23.641660 477.866700
v 325.266700 23.641660 463.400000
v 340.083300 17.750000 450.100000
v 340.316700 17.750000 449.866700
v 328.533300 17.750000 448.000000
v 328.533300 17.983330 451.616700
v 355.366700 17.750000 449.866700
v 357.700000 17.750000 449.866700
v 358.400000 17.750000 448.000000
v 358.400000 23.641660 477.866700
v 355.366700 23.641660 463.400000
v 342.533300 23.641660 463.400000
v 328.533300 23.641660 477.866700
v 328.533300 17.750000 448.000000
v 340.316700 17.750000 449.866700
v 342.650000 17.750000 449.866700
v 342.650000 17.750000 449.866700
v 355.366700 17.750000 449.866700
v 358.400000 17.750000 448.000000
v 328.533300 17.750000 448.000000
v 342.533300 23.641660 463.400000
v 340.316700 23.641660 463.400000
v 328.533300 23.641660 477.866700
v 357.466700 23.350000 460.833300
v 357.816700 23.466670 461.416700
v 358.400000 23.466670 461.416700
v 358.400000 23.350000 460.366700
v 342.883300 17.983330 451.616700
v 355.133300 17.983330 451.616700
v 355.133300 17.750000 450.100000
v 342.883300 17.750000 450.100000
v 355.133300 17.750000 450.100000
v 355.366700 17.750000 449.866700
v 342.650000 17.750000 449.866700
v 342.883300 17.750000 450.100000
v 328.533300 17.983330 451.616700
v 340.083300 17.983330 451.616700
v 340.083300 17.750000 450.100000
v 358.400000 23.641660 477.866700
v 357.583300 23.641660 463.400000
v 355.366700 23.641660 463.400000
v 328.533300 18.158330 452.083300
v 340.083300 18.158330 452.083300
v 340.083300 17.983330 451.616700
v 328.533300 17.983330 451.616700
v 342.883300 18.158330 452.083300
v 355.133300 18.158330 452.083300
v 355.133300 17.983330 451.616700
v 342.883300 17.983330 451.616700
v 357.933300 18.158330 452.083300
v 358.400000 18.158330 452.083300
v 358.400000 17.983330 451.616700
v 357.933300 17.983330 451.616700
v 341.133300 18.916660 452.783300
v 341.133300 18.800000 452.550000
v 340.316700 18.450000 452.550000
v 328.533300 18.741660 452.783300
v 340.083300 18.158330 452.083300
v 328.533300 18.158330 452.083300
v 328.533300 18.741660 452.783300
v 340.316700 18.450000 452.550000
v 356.183300 18.916660 452.783300
v 356.183300 18.800000 452.550000
v 355.366700 18.450000 452.550000
v 342.650000 18.450000 452.550000
v 341.833300 18.800000 452.550000
v 341.833300 18.975000 452.783300
v 355.366700 18.450000 452.550000
v 355.133300 18.158330 452.083300
v 342.883300 18.158330 452.083300
v 342.650000 18.450000 452.550000
v 341.833300 18.975000 452.783300
v 356.183300 18.916660 452.783300
v 355.366700 18.450000 452.550000
v 342.650000 18.450000 452.550000
v 358.400000 18.741660 452.783300
v 358.400000 18.158330 452.083300
v 357.933300 18.158330 452.083300
v 357.700000 18.450000 452.550000
v 356.883300 18.975000 452.783300
v 358.400000 18.741660 452.783300
v 357.700000 18.450000 452.550000
v 356.883300 18.800000 452.550000
v 341.133300 18.800000 452.550000
v 341.133300 18.916660 452.783300
v 341.833300 18.975000 452.783300
v 341.833300 18.800000 452.550000
v 356.883300 18.975000 452.783300
v 356.883300 18.800000 452.550000
v 356.183300 18.800000 452.550000
v 356.183300 18.916660 452.783300
v 341.133300 18.916660 452.783300
v 328.533300 18.741660 452.783300
v 328.533300 18.975000 453.366700
v 341.133300 19.266660 453.366700
v 356.883300 19.325000 453.366700
v 358.400000 18.975000 453.366700
v 358.400000 18.741660 452.783300
v 356.883300 18.975000 452.783300
v 341.133300 19.266660 453.366700
v 341.833300 19.325000 453.366700
v 341.833300 18.975000 452.783300
v 341.133300 18.916660 452.783300
v 356.183300 19.266660 453.366700
v 356.883300 19.325000 453.366700
v 356.883300 18.975000 452.783300
v 356.183300 18.916660 452.783300
v 356.183300 18.916660 452.783300
v 341.833300 18.975000 452.783300
v 341.833300 19.325000 453.366700
v 356.183300 19.266660 453.366700
v 328.533300 19.500000 454.066700
v 341.133300 19.675000 454.066700
v 341.133300 19.266660 453.366700
v 328.533300 18.975000 453.366700
v 356.883300 19.733330 454.066700
v 356.883300 19.325000 453.366700
v 356.183300 19.266660 453.366700
v 356.183300 19.675000 454.066700
v 328.533300 19.500000 454.066700
v 328.533300 19.675000 454.533300
v 341.133300 19.966670 454.533300
v 341.133300 19.675000 454.066700
v 341.833300 19.733330 454.066700
v 341.833300 19.325000 453.366700
v 341.133300 19.266660 453.366700
v 341.133300 19.675000 454.066700
v 356.883300 19.733330 454.066700
v 356.183300 19.675000 454.066700
v 356.183300 19.966670 454.533300
v 356.883300 20.024990 454.533300
v 341.133300 19.966670 454.533300
v 341.133300 20.491660 455.350000
v 341.833300 20.491660 455.350000
v 341.833300 20.024990 454.533300
v 341.833300 19.733330 454.066700
v 341.133300 19.675000 454.066700
v 341.133300 19.966670 454.533300
v 341.833300 20.024990 454.533300
v 356.183300 19.966670 454.533300
v 356.183300 20.491660 455.350000
v 356.883300 20.491660 455.350000
v 356.883300 20.024990 454.533300
v 341.833300 20.024990 454.533300
v 356.183300 19.966670 454.533300
v 356.183300 19.675000 454.066700
v 341.833300 19.733330 454.066700
v 356.883300 20.024990 454.533300
v 358.400000 19.675000 454.533300
v 358.400000 19.500000 454.066700
v 356.883300 19.733330 454.066700
v 356.183300 19.266660 453.366700
v 341.833300 19.325000 453.366700
v 341.833300 19.733330 454.066700
v 356.183300 19.675000 454.066700
v 358.400000 19.500000 454.066700
v 358.400000 18.975000 453.366700
v 356.883300 19.325000 453.366700
v 356.883300 19.733330 454.066700
v 328.533300 20.258330 455.350000
v 341.133300 20.491660 455.350000
v 341.133300 19.966670 454.533300
v 328.533300 19.675000 454.533300
v 341.833300 20.491660 455.350000
v 356.183300 20.491660 455.350000
v 356.183300 19.966670 454.533300
v 341.833300 20.024990 454.533300
v 356.883300 20.491660 455.350000
v 358.400000 20.258330 455.350000
v 358.400000 19.675000 454.533300
v 356.883300 20.024990 454.533300
v 341.133300 20.725000 455.816700
v 341.133300 21.250000 456.633300
v 341.833300 21.250000 456.633300
v 341.833300 20.783330 455.816700
v 341.833300 20.491660 455.350000
v 341.133300 20.491660 455.350000
v 341.133300 20.725000 455.816700
v 341.833300 20.783330 455.816700
v 356.183300 20.725000 455.816700
v 356.183300 21.250000 456.633300
v 356.883300 21.250000 456.633300
v 356.883300 20.783330 455.816700
v 341.833300 20.783330 455.816700
v 356.183300 20.725000 455.816700
v 356.183300 20.491660 455.350000
v 341.833300 20.491660 455.350000
v 356.883300 20.783330 455.816700
v 358.400000 20.433330 455.816700
v 358.400000 20.258330 455.350000
v 356.883300 20.491660 455.350000
v 341.133300 20.491660 455.350000
v 328.533300 20.258330 455.350000
v 328.533300 20.433330 455.816700
v 341.133300 20.725000 455.816700
v 356.183300 20.725000 455.816700
v 356.883300 20.783330 455.816700
v 356.883300 20.491660 455.350000
v 356.183300 20.491660 455.350000
v 341.016700 17.691670 457.683300
v 341.016700 17.750000 455.933300
v 340.900000 17.750000 455.583300
v 328.533300 17.750000 455.583300
v 328.533300 17.691670 457.683300
v 342.300000 17.750000 455.583300
v 342.300000 17.691670 457.683300
v 356.066700 17.691670 457.683300
v 356.066700 17.750000 455.583300
v 358.400000 17.691670 457.683300
v 358.400000 17.750000 455.583300
v 357.350000 17.750000 455.583300
v 357.350000 17.691670 457.683300
v 328.533300 21.075000 456.633300
v 341.133300 21.250000 456.633300
v 341.133300 20.725000 455.816700
v 328.533300 20.433330 455.816700
v 341.833300 21.250000 456.633300
v 356.183300 21.250000 456.633300
v 356.183300 20.725000 455.816700
v 341.833300 20.783330 455.816700
v 356.883300 21.250000 456.633300
v 358.400000 21.075000 456.633300
v 358.400000 20.433330 455.816700
v 356.883300 20.783330 455.816700
v 341.133300 21.483330 457.100000
v 341.133300 21.950000 457.916700
v 341.833300 21.950000 457.916700
v 341.833300 21.541660 457.100000
v 341.833300 21.250000 456.633300
v 341.133300 21.250000 456.633300
v 341.133300 21.483330 457.100000
v 341.833300 21.541660 457.100000
v 356.183300 21.483330 457.100000
v 356.183300 21.950000 457.916700
v 356.883300 22.008330 457.916700
v 356.883300 21.541660 457.100000
v 341.833300 21.541660 457.100000
v 356.183300 21.483330 457.100000
v 356.183300 21.250000 456.633300
v 341.833300 21.250000 456.633300
v 356.883300 21.541660 457.100000
v 358.400000 21.191670 457.100000
v 358.400000 21.075000 456.633300
v 356.883300 21.250000 456.633300
v 341.133300 21.250000 456.633300
v 328.533300 21.075000 456.633300
v 328.533300 21.191670 457.100000
v 341.133300 21.483330 457.100000
v 356.183300 21.483330 457.100000
v 356.883300 21.541660 457.100000
v 356.883300 21.250000 456.633300
v 356.183300 21.250000 456.633300
v 328.533300 21.833330 457.916700
v 341.133300 21.950000 457.916700
v 341.133300 21.483330 457.100000
v 328.533300 21.191670 457.100000
v 341.833300 21.950000 457.916700
v 356.183300 21.950000 457.916700
v 356.183300 21.483330 457.100000
v 341.833300 21.541660 457.100000
v 356.883300 22.008330 457.916700
v 358.400000 21.833330 457.916700
v 358.400000 21.191670 457.100000
v 356.883300 21.541660 457.100000
v 341.133300 22.241660 458.383300
v 341.133300 22.708330 459.200000
v 341.716600 22.766660 459.200000
v 341.716600 22.300000 458.383300
v 341.133300 21.950000 457.916700
v 341.133300 22.241660 458.383300
v 341.716600 22.300000 458.383300
v 341.833300 21.950000 457.916700
v 356.300000 22.241660 458.383300
v 356.300000 22.708330 459.200000
v 356.883300 22.766660 459.200000
v 356.883300 22.300000 458.383300
v 341.716600 22.300000 458.383300
v 356.300000 22.241660 458.383300
v 356.183300 21.950000 457.916700
v 341.833300 21.950000 457.916700
v 356.883300 22.300000 458.383300
v 358.400000 21.950000 458.383300
v 358.400000 21.833330 457.916700
v 356.883300 22.008330 457.916700
v 341.133300 21.950000 457.916700
v 328.533300 21.833330 457.916700
v 328.533300 21.950000 458.383300
v 341.133300 22.241660 458.383300
v 356.300000 22.241660 458.383300
v 356.883300 22.300000 458.383300
v 356.883300 22.008330 457.916700
v 356.183300 21.950000 457.916700
v 328.533300 22.533330 459.200000
v 341.133300 22.708330 459.200000
v 341.133300 22.241660 458.383300
v 328.533300 21.950000 458.383300
v 341.716600 22.766660 459.200000
v 356.300000 22.708330 459.200000
v 356.300000 22.241660 458.383300
v 341.716600 22.300000 458.383300
v 356.883300 22.766660 459.200000
v 358.400000 22.533330 459.200000
v 358.400000 21.950000 458.383300
v 356.883300 22.300000 458.383300
v 341.133300 23.000000 459.666700
v 341.133300 23.408330 460.366700
v 341.716600 23.408330 460.366700
v 341.716600 23.000000 459.666700
v 341.716600 22.766660 459.200000
v 341.133300 22.708330 459.200000
v 341.133300 23.000000 459.666700
v 341.716600 23.000000 459.666700
v 356.300000 23.000000 459.666700
v 356.300000 23.408330 460.366700
v 356.883300 23.408330 460.366700
v 356.883300 23.000000 459.666700
v 341.716600 23.000000 459.666700
v 356.300000 23.000000 459.666700
v 356.300000 22.708330 459.200000
v 341.716600 22.766660 459.200000
v 356.883300 23.000000 459.666700
v 358.400000 22.766660 459.666700
v 358.400000 22.533330 459.200000
v 356.883300 22.766660 459.200000
v 341.133300 22.708330 459.200000
v 328.533300 22.533330 459.200000
v 328.533300 22.766660 459.666700
v 341.133300 23.000000 459.666700
v 356.300000 23.000000 459.666700
v 356.883300 23.000000 459.666700
v 356.883300 22.766660 459.200000
v 356.300000 22.708330 459.200000
v 328.533300 23.350000 460.366700
v 341.133300 23.408330 460.366700
v 341.133300 23.000000 459.666700
v 328.533300 22.766660 459.666700
v 341.716600 23.408330 460.366700
v 356.300000 23.408330 460.366700
v 356.300000 23.000000 459.666700
v 341.716600 23.000000 459.666700
v 356.883300 23.408330 460.366700
v 358.400000 23.350000 460.366700
v 358.400000 22.766660 459.666700
v 356.883300 23.000000 459.666700
v 340.433300 23.350000 460.833300
v 341.016700 23.350000 460.716700
v 341.133300 23.408330 460.366700
v 328.533300 23.350000 460.366700
v 328.533300 23.466670 461.416700
v 336.466600 23.524990 461.533300
v 341.016700 23.350000 460.716700
v 341.833300 23.350000 460.716700
v 341.716600 23.408330 460.366700
v 341.133300 23.408330 460.366700
v 356.183300 23.350000 460.716700
v 357.000000 23.350000 460.716700
v 356.883300 23.408330 460.366700
v 356.300000 23.408330 460.366700
v 341.833300 23.350000 460.716700
v 356.183300 23.350000 460.716700
v 356.300000 23.408330 460.366700
v 341.716600 23.408330 460.366700
v 358.400000 17.750000 448.000000
v 357.700000 17.750000 449.866700
v 357.933300 17.750000 450.100000
v 336.466600 23.524990 461.533300
v 340.200000 23.466670 461.416700
v 340.433300 23.350000 460.833300
v 357.933300 17.750000 450.100000
v 357.933300 17.983330 451.616700
v 358.400000 17.983330 451.616700
v 358.400000 17.750000 448.000000
v 342.533300 23.350000 460.833300
v 342.766700 23.466670 461.416700
v 347.083300 23.524990 461.533300
v 342.533300 23.350000 460.833300
v 347.083300 23.524990 461.533300
v 347.433300 23.524990 461.533300
v 355.483300 23.350000 460.833300
v 356.183300 23.350000 460.716700
v 341.833300 23.350000 460.716700
v 347.433300 23.524990 461.533300
v 355.250000 23.466670 461.416700
v 355.483300 23.350000 460.833300
v 340.316700 23.641660 463.400000
v 340.083300 23.641660 463.166700
v 336.466600 23.524990 461.533300
v 328.533300 23.466670 461.416700
v 328.533300 23.641660 477.866700
v 355.133300 23.641660 463.166700
v 355.250000 23.524990 461.533300
v 347.433300 23.524990 461.533300
v 340.083300 23.641660 463.166700
v 340.200000 23.524990 461.533300
v 336.466600 23.524990 461.533300
v 356.883300 23.408330 460.366700
v 357.000000 23.350000 460.716700
v 357.466700 23.350000 460.833300
v 358.400000 23.350000 460.366700
v 336.466600 23.524990 461.533300
v 340.200000 23.524990 461.533300
v 340.200000 23.466670 461.416700
v 342.766700 23.524990 461.533300
v 347.083300 23.524990 461.533300
v 342.766700 23.466670 461.416700
v 347.433300 23.524990 461.533300
v 355.250000 23.524990 461.533300
v 355.250000 23.466670 461.416700
v 347.083300 23.524990 461.533300
v 342.766700 23.641660 463.166700
v 342.533300 23.641660 463.400000
v 355.366700 23.641660 463.400000
v 355.133300 23.641660 463.166700
v 347.433300 23.524990 461.533300
v 347.083300 23.524990 461.533300
v 342.766700 23.524990 461.533300
v 342.766700 23.641660 463.166700
v 358.400000 23.466670 461.416700
v 357.816700 23.466670 461.416700
v 357.816700 23.641660 463.166700
v 358.400000 23.641660 477.866700
v 357.816700 23.641660 463.166700
v 357.583300 23.641660 463.400000
v 358.400000 23.641660 477.866700
v 370.416700 17.750000 449.866700
v 371.466700 17.575000 449.866700
v 371.466700 17.575000 448.000000
v 370.183300 17.750000 450.100000
v 370.416700 17.750000 449.866700
v 371.466700 17.575000 448.000000
v 358.400000 17.750000 448.000000
v 358.400000 17.983330 451.616700
v 358.400000 17.983330 451.616700
v 370.183300 17.983330 451.616700
v 370.183300 17.750000 450.100000
v 371.466700 17.575000 449.866700
v 372.633300 17.458330 450.100000
v 372.983300 17.458330 449.866700
v 372.983300 17.458330 448.000000
v 371.466700 17.575000 448.000000
v 372.983300 17.458330 449.866700
v 373.450000 17.050000 450.216700
v 373.916700 16.816670 450.216700
v 373.916700 16.816670 448.000000
v 372.983300 17.458330 448.000000
v 373.916700 16.816670 450.216700
v 373.450000 17.050000 450.216700
v 374.266700 16.700000 450.333300
v 373.916700 16.816670 450.216700
v 374.266700 16.700000 450.333300
v 374.616700 16.700000 449.866700
v 374.616700 16.700000 448.000000
v 373.916700 16.816670 448.000000
v 374.616700 16.700000 449.866700
v 375.083300 16.291660 450.216700
v 375.550000 16.058330 450.216700
v 375.550000 16.058330 448.000000
v 374.616700 16.700000 448.000000
v 375.550000 16.058330 450.216700
v 375.083300 16.291660 450.216700
v 376.016700 15.941670 450.333300
v 375.550000 16.058330 450.216700
v 376.016700 15.941670 450.333300
v 376.366700 15.941670 449.750000
v 376.366700 15.941670 448.000000
v 375.550000 16.058330 448.000000
v 376.716700 15.533330 449.750000
v 376.950000 15.416660 450.216700
v 377.300000 15.241660 450.216700
v 377.300000 15.241660 448.000000
v 376.366700 15.941670 448.000000
v 376.366700 15.941670 448.000000
v 376.366700 15.941670 449.750000
v 376.716700 15.533330 449.750000
v 377.300000 15.241660 450.216700
v 376.950000 15.416660 450.216700
v 377.650000 15.125000 450.333300
v 377.300000 15.241660 450.216700
v 377.650000 15.125000 450.333300
v 378.000000 15.125000 449.866700
v 378.000000 15.125000 448.000000
v 377.300000 15.241660 448.000000
v 378.000000 15.125000 449.866700
v 378.466700 14.716670 450.216700
v 378.933300 14.483330 450.216700
v 378.933300 14.483330 448.000000
v 378.000000 15.125000 448.000000
v 378.933300 14.483330 450.216700
v 378.466700 14.716670 450.216700
v 379.166700 14.366660 450.333300
v 378.933300 14.483330 450.216700
v 379.166700 14.366660 450.333300
v 379.516700 14.366660 449.866700
v 379.516700 14.366660 448.000000
v 378.933300 14.483330 448.000000
v 379.983300 14.016660 449.750000
v 380.450000 13.783330 449.750000
v 380.450000 13.783330 448.000000
v 379.516700 14.366660 448.000000
v 379.516700 14.366660 449.866700
v 379.983300 14.016660 449.750000
v 379.516700 14.366660 448.000000
v 380.450000 13.783330 449.750000
v 380.450000 13.783330 450.216700
v 380.916700 13.666660 450.216700
v 380.450000 13.783330 449.750000
v 380.916700 13.666660 450.216700
v 381.266700 13.666660 449.866700
v 381.266700 13.666660 448.000000
v 380.450000 13.783330 448.000000
v 381.266700 13.666660 449.866700
v 382.083300 13.024990 450.216700
v 382.083300 13.024990 448.000000
v 381.266700 13.666660 448.000000
v 382.083300 13.024990 450.216700
v 382.550000 12.908330 450.216700
v 382.900000 12.908330 449.866700
v 382.900000 12.908330 448.000000
v 382.083300 13.024990 448.000000
v 382.900000 12.908330 449.866700
v 383.833300 12.208330 449.983300
v 383.833300 12.208330 448.000000
v 382.900000 12.908330 448.000000
v 384.416700 12.091670 449.866700
v 384.416700 12.091670 448.000000
v 383.833300 12.208330 448.000000
v 383.833300 12.208330 449.983300
v 385.350000 11.508330 449.633300
v 385.350000 11.508330 448.000000
v 384.416700 12.091670 448.000000
v 384.416700 12.091670 449.866700
v 385.350000 11.508330 449.633300
v 386.050000 11.391660 449.633300
v 386.050000 11.391660 448.000000
v 385.350000 11.508330 448.000000
v 386.050000 11.391660 449.633300
v 386.983300 10.750000 449.633300
v 386.983300 10.750000 448.000000
v 386.050000 11.391660 448.000000
v 386.983300 10.750000 449.633300
v 387.683300 10.633330 449.633300
v 387.683300 10.633330 448.000000
v 386.983300 10.750000 448.000000
v 388.266700 10.166660 449.516700
v 388.266700 10.166660 448.000000
v 387.683300 10.633330 448.000000
v 387.683300 10.633330 449.633300
v 380.450000 13.783330 449.750000
v 379.983300 14.016660 449.750000
v 380.216700 13.899990 450.216700
v 380.450000 13.783330 450.216700
v 358.400000 18.158330 452.083300
v 370.183300 18.158330 452.083300
v 370.183300 17.983330 451.616700
v 358.400000 17.983330 451.616700
v 371.233300 18.741660 452.783300
v 371.233300 18.450000 452.550000
v 370.416700 18.450000 452.550000
v 358.400000 18.741660 452.783300
v 370.183300 18.158330 452.083300
v 358.400000 18.158330 452.083300
v 358.400000 18.741660 452.783300
v 370.416700 18.450000 452.550000
v 358.400000 18.975000 453.366700
v 371.233300 18.975000 453.366700
v 371.233300 18.741660 452.783300
v 358.400000 18.741660 452.783300
v 358.400000 19.500000 454.066700
v 371.233300 19.500000 454.066700
v 371.233300 18.975000 453.366700
v 358.400000 18.975000 453.366700
v 358.400000 19.675000 454.533300
v 371.233300 19.675000 454.533300
v 371.233300 19.500000 454.066700
v 358.400000 19.500000 454.066700
v 358.400000 20.258330 455.350000
v 371.233300 20.258330 455.350000
v 371.233300 19.675000 454.533300
v 358.400000 19.675000 454.533300
v 358.400000 20.433330 455.816700
v 371.233300 20.433330 455.816700
v 371.233300 20.258330 455.350000
v 358.400000 20.258330 455.350000
v 358.400000 17.691670 457.683300
v 371.233300 17.633330 457.683300
v 371.233300 17.750000 455.583300
v 358.400000 17.750000 455.583300
v 358.400000 21.075000 456.633300
v 371.233300 21.075000 456.633300
v 371.233300 20.433330 455.816700
v 358.400000 20.433330 455.816700
v 358.400000 21.191670 457.100000
v 371.233300 21.191670 457.100000
v 371.233300 21.075000 456.633300
v 358.400000 21.075000 456.633300
v 358.400000 21.833330 457.916700
v 371.350000 21.833330 457.916700
v 371.233300 21.191670 457.100000
v 358.400000 21.191670 457.100000
v 358.400000 21.950000 458.383300
v 371.350000 21.950000 458.383300
v 371.350000 21.833330 457.916700
v 358.400000 21.833330 457.916700
v 358.400000 22.533330 459.200000
v 371.350000 22.533330 459.200000
v 371.350000 21.950000 458.383300
v 358.400000 21.950000 458.383300
v 358.400000 22.766660 459.666700
v 371.350000 22.766660 459.666700
v 371.350000 22.533330 459.200000
v 358.400000 22.533330 459.200000
v 358.400000 23.350000 460.366700
v 371.350000 23.350000 460.366700
v 371.350000 22.766660 459.666700
v 358.400000 22.766660 459.666700
v 370.533300 23.350000 460.833300
v 371.233300 23.350000 460.833300
v 371.350000 23.350000 460.366700
v 358.400000 23.350000 460.366700
v 358.400000 23.350000 460.366700
v 358.400000 23.466670 461.416700
v 370.183300 23.466670 461.416700
v 370.533300 23.350000 460.833300
v 358.400000 23.641660 477.866700
v 386.166700 23.641660 477.866700
v 372.633300 23.641660 463.400000
v 370.416700 23.641660 463.400000
v 386.166700 23.641660 477.866700
v 386.166700 23.583330 463.400000
v 372.633300 23.641660 463.400000
v 386.166700 23.583330 463.400000
v 386.166700 23.583330 462.350000
v 385.700000 23.641660 462.116700
v 372.866700 23.641660 463.166700
v 372.633300 23.641660 463.400000
v 385.700000 23.641660 462.116700
v 385.700000 23.524990 461.766700
v 372.866700 23.583330 461.766700
v 372.866700 23.641660 463.166700
v 370.183300 23.641660 463.166700
v 370.183300 23.466670 461.416700
v 358.400000 23.466670 461.416700
v 370.416700 23.641660 463.400000
v 370.183300 23.641660 463.166700
v 358.400000 23.466670 461.416700
v 358.400000 23.641660 477.866700
v 388.266700 10.166660 449.516700
v 388.616700 9.991661 449.516700
v 388.616700 9.991661 448.000000
v 388.266700 10.166660 448.000000
v 388.616700 9.991661 449.516700
v 389.200000 9.875000 449.516700
v 389.200000 9.875000 448.000000
v 388.616700 9.991661 448.000000
v 389.200000 9.875000 449.516700
v 389.433300 9.641663 449.516700
v 389.433300 9.641663 448.000000
v 389.200000 9.875000 448.000000
v 393.400000 9.116661 452.316700
v 392.700000 9.116661 452.316700
v 392.700000 9.116661 453.250000
v 394.450000 9.000000 453.250000
v 393.633300 9.116661 448.000000
v 393.633300 9.116661 452.083300
v 395.266700 9.000000 453.250000
v 406.000000 10.225000 453.250000
v 409.616700 10.283330 451.383300
v 413.000000 10.050000 448.000000
v 393.633300 9.116661 452.083300
v 393.400000 9.116661 452.316700
v 394.450000 9.000000 453.250000
v 395.266700 9.000000 453.250000
v 394.450000 9.000000 453.250000
v 392.700000 9.116661 453.250000
v 392.583300 9.116661 453.483300
v 395.500000 9.174995 455.233300
v 395.150000 9.641663 455.466700
v 395.266700 9.583328 456.050000
v 394.100000 9.116661 457.916700
v 391.883300 9.058334 458.150000
v 395.033300 9.174995 458.150000
v 395.033300 9.641663 457.333300
v 394.333300 9.583328 457.450000
v 394.100000 9.116661 457.916700
v 395.033300 9.174995 458.150000
v 395.383300 9.583328 457.333300
v 400.516700 9.466667 456.283300
v 406.000000 10.225000 453.250000
v 395.266700 9.000000 453.250000
v 395.500000 9.058334 453.483300
v 395.383300 9.583328 457.333300
v 395.033300 9.174995 458.150000
v 400.516700 9.466667 456.283300
v 395.266700 9.583328 456.050000
v 395.266700 9.641663 457.100000
v 395.383300 9.583328 457.333300
v 400.516700 9.466667 456.283300
v 395.500000 9.174995 455.233300
v 395.500000 9.058334 453.483300
v 395.500000 9.174995 455.233300
v 400.516700 9.466667 456.283300
v 391.066700 9.174995 454.533300
v 391.416700 9.641663 454.300000
v 391.300000 9.583328 453.950000
v 389.316700 9.174995 453.483300
v 391.300000 9.583328 453.950000
v 392.116700 9.641663 453.950000
v 392.233300 9.174995 453.600000
v 389.316700 9.174995 453.483300
v 389.550000 9.291664 458.150000
v 391.533300 9.000000 458.150000
v 391.183300 9.000000 457.800000
v 389.316700 9.349998 458.033300
v 389.550000 9.291664 458.150000
v 391.183300 9.000000 457.800000
v 391.066700 9.058334 456.283300
v 391.066700 9.058334 456.283300
v 391.066700 9.174995 454.533300
v 389.316700 9.174995 453.483300
v 389.316700 9.349998 458.033300
v 391.416700 9.641663 454.300000
v 392.116700 9.641663 453.950000
v 391.300000 9.583328 453.950000
v 395.266700 9.583328 456.050000
v 395.150000 9.641663 455.466700
v 395.033300 9.699997 455.933300
v 395.033300 9.641663 457.333300
v 395.383300 9.583328 457.333300
v 395.266700 9.641663 457.100000
v 392.583300 9.116661 459.200000
v 395.033300 9.174995 458.150000
v 391.883300 9.058334 458.150000
v 391.533300 9.000000 458.150000
v 389.550000 9.291664 458.150000
v 390.250000 9.233330 458.850000
v 392.583300 9.116661 459.200000
v 391.883300 9.058334 458.150000
v 391.533300 9.000000 458.150000
v 390.250000 9.233330 458.850000
v 390.250000 9.524994 459.783300
v 305.900000 25.741660 482.416700
v 305.900000 25.741660 482.766700
v 306.366700 25.741660 482.650000
v 306.016700 25.741660 477.866700
v 305.900000 25.741660 477.866700
v 305.550000 25.916660 478.450000
v 306.366700 25.741660 477.866700
v 306.016700 25.741660 477.866700
v 305.550000 25.916660 478.450000
v 305.550000 25.916660 482.066700
v 305.900000 25.741660 482.416700
v 306.366700 25.741660 482.650000
v 304.616700 26.091670 481.250000
v 304.733300 26.091670 481.833300
v 305.550000 25.916660 482.066700
v 304.616700 26.091670 481.250000
v 305.550000 25.916660 482.066700
v 306.366700 25.741660 482.650000
v 305.550000 25.916660 478.450000
v 304.733300 26.091670 478.683300
v 304.616700 26.091670 481.250000
v 306.366700 25.741660 477.866700
v 305.550000 25.916660 478.450000
v 304.616700 26.091670 481.250000
v 306.366700 25.741660 482.650000
v 310.100000 25.741660 480.783300
v 310.100000 25.741660 479.733300
v 306.366700 25.741660 482.650000
v 311.266700 25.158330 482.650000
v 310.100000 25.741660 480.783300
v 310.683300 25.450000 478.566700
v 311.383300 25.158330 477.866700
v 306.366700 25.741660 477.866700
v 310.100000 25.741660 479.733300
v 310.683300 25.450000 478.566700
v 306.366700 25.741660 477.866700
v 311.500000 23.641660 478.800000
v 310.916700 23.641660 479.966700
v 310.916700 23.641660 480.550000
v 312.550000 23.641660 477.866700
v 314.416700 23.816670 482.650000
v 315.000000 23.816670 481.716700
v 315.233300 23.816670 480.783300
v 311.966600 23.641660 482.300000
v 313.483300 23.816670 483.350000
v 314.416700 23.816670 482.650000
v 315.000000 23.816670 478.800000
v 314.300000 23.816670 477.866700
v 312.550000 23.641660 477.866700
v 311.966600 23.641660 482.300000
v 314.416700 23.816670 482.650000
v 315.233300 23.816670 480.783300
v 315.000000 23.816670 478.800000
v 312.550000 23.641660 477.866700
v 310.916700 23.641660 480.550000
v 313.600000 24.225000 483.816700
v 313.366700 24.225000 484.050000
v 314.183300 23.816670 484.050000
v 315.933300 23.816670 478.450000
v 315.583300 23.816670 477.866700
v 315.466600 23.816670 477.866700
v 313.483300 23.816670 483.350000
v 313.600000 24.225000 483.816700
v 314.183300 23.816670 484.050000
v 315.000000 23.816670 483.583300
v 314.416700 23.816670 482.650000
v 315.466600 23.816670 477.866700
v 314.300000 23.816670 477.866700
v 315.000000 23.816670 478.800000
v 315.933300 23.816670 478.450000
v 316.283300 23.816670 480.083300
v 315.933300 23.816670 478.450000
v 315.000000 23.816670 478.800000
v 315.233300 23.816670 480.783300
v 314.416700 23.816670 482.650000
v 315.000000 23.816670 483.583300
v 315.933300 23.816670 482.183300
v 315.000000 23.816670 481.716700
v 315.233300 23.816670 480.783300
v 315.000000 23.816670 481.716700
v 315.933300 23.816670 482.183300
v 316.283300 23.816670 480.083300
v 315.000000 23.816670 483.583300
v 314.183300 23.816670 484.050000
v 314.066700 23.875000 484.750000
v 301.000000 24.050000 503.650000
v 300.883300 24.050000 503.416700
v 299.716600 24.983330 503.183300
v 299.250000 25.391660 503.533300
v 299.250000 25.391660 507.733300
v 301.000000 24.050000 507.733300
v 301.583300 23.641660 503.416700
v 301.000000 24.050000 503.650000
v 301.000000 24.050000 507.733300
v 314.066700 23.875000 484.750000
v 313.366700 23.875000 485.566700
v 311.850000 23.875000 488.133300
v 304.266700 23.641660 497.816700
v 303.916700 23.641660 497.816700
v 301.583300 23.641660 499.800000
v 301.583300 23.641660 503.416700
v 328.533300 23.641660 477.866700
v 315.583300 23.816670 477.866700
v 315.933300 23.816670 478.450000
v 328.533300 23.641660 477.866700
v 315.933300 23.816670 478.450000
v 316.283300 23.816670 480.083300
v 328.533300 23.641660 477.866700
v 316.283300 23.816670 480.083300
v 315.933300 23.816670 482.183300
v 328.533300 23.641660 477.866700
v 315.933300 23.816670 482.183300
v 315.000000 23.816670 483.583300
v 307.066700 25.741660 484.050000
v 312.900000 24.225000 484.050000
v 311.266700 25.158330 482.650000
v 306.366700 25.741660 482.650000
v 314.066700 23.875000 484.750000
v 314.183300 23.816670 484.050000
v 313.366700 24.225000 484.050000
v 314.066700 23.875000 484.750000
v 313.366700 24.225000 484.050000
v 312.900000 24.225000 484.050000
v 307.416700 25.741660 485.100000
v 306.600000 25.741660 485.566700
v 313.366700 23.875000 485.566700
v 312.900000 24.225000 484.050000
v 307.066700 25.741660 484.050000
v 307.416700 25.741660 485.100000
v 305.433300 25.741660 485.566700
v 306.133300 25.741660 485.566700
v 305.550000 25.741660 484.750000
v 306.133300 25.741660 485.566700
v 305.433300 25.741660 485.566700
v 304.966600 25.741660 485.800000
v 306.600000 25.741660 485.566700
v 306.133300 25.741660 485.566700
v 304.966600 25.741660 485.800000
v 304.966600 25.741660 485.800000
v 302.750000 25.158330 488.133300
v 303.450000 25.158330 488.133300
v 304.966600 25.741660 485.800000
v 303.450000 25.158330 488.133300
v 303.916700 25.158330 488.133300
v 306.600000 25.741660 485.566700
v 304.966600 25.741660 485.800000
v 303.916700 25.158330 488.133300
v 311.850000 23.875000 488.133300
v 313.366700 23.875000 485.566700
v 302.750000 25.158330 488.133300
v 302.516700 25.158330 488.133300
v 302.750000 24.808330 488.600000
v 302.750000 25.158330 488.133300
v 302.750000 24.808330 488.600000
v 303.100000 24.808330 488.600000
v 303.450000 25.158330 488.133300
v 304.966600 24.808330 488.833300
v 304.966600 23.875000 491.050000
v 306.950000 23.875000 491.050000
v 304.500000 25.158330 488.250000
v 304.966600 24.808330 488.833300
v 306.950000 23.875000 491.050000
v 311.850000 23.875000 488.133300
v 311.850000 23.875000 488.133300
v 303.916700 25.158330 488.133300
v 304.500000 25.158330 488.250000
v 301.233300 23.875000 491.050000
v 301.350000 24.225000 490.350000
v 301.116700 24.225000 490.233300
v 301.000000 24.516660 489.533300
v 301.350000 24.516660 489.300000
v 301.466600 24.808330 488.600000
v 300.300000 24.225000 489.300000
v 301.116700 24.225000 490.233300
v 301.000000 24.516660 489.533300
v 300.300000 24.225000 489.300000
v 299.016700 23.875000 489.533300
v 299.016700 23.875000 490.000000
v 301.233300 23.875000 491.050000
v 299.016700 23.641660 491.750000
v 301.933300 23.641660 491.750000
v 301.233300 23.641660 491.400000
v 299.016700 23.641660 491.750000
v 301.233300 23.641660 491.400000
v 301.233300 23.875000 491.050000
v 299.016700 23.875000 490.000000
v 303.333300 23.641660 492.100000
v 303.100000 23.641660 491.633300
v 301.933300 23.641660 491.750000
v 301.933300 23.641660 491.750000
v 299.016700 23.641660 491.750000
v 299.016700 23.641660 492.100000
v 303.333300 23.641660 492.100000
v 299.016700 23.641660 492.100000
v 299.016700 23.641660 494.316700
v 302.283300 23.641660 494.316700
v 303.333300 23.641660 492.100000
v 303.916700 23.641660 497.816700
v 301.233300 23.641660 499.450000
v 301.583300 23.641660 499.800000
v 303.333300 23.641660 492.100000
v 302.283300 23.641660 494.316700
v 302.866700 23.641660 494.316700
v 303.800000 23.641660 492.100000
v 301.350000 23.641660 495.250000
v 301.933300 23.641660 494.900000
v 302.283300 23.641660 494.316700
v 299.016700 23.641660 494.316700
v 301.466600 23.641660 497.116700
v 301.583300 23.641660 495.950000
v 301.350000 23.641660 495.250000
v 299.016700 23.641660 494.316700
v 299.016700 23.641660 497.466700
v 299.016700 23.641660 497.466700
v 301.933300 23.641660 497.466700
v 301.466600 23.641660 497.116700
v 302.866700 23.641660 494.316700
v 302.983300 23.641660 494.550000
v 303.450000 23.641660 494.433300
v 304.966600 23.875000 491.050000
v 304.383300 23.641660 491.283300
v 303.800000 23.641660 492.100000
v 302.866700 23.641660 494.316700
v 306.950000 23.875000 491.050000
v 306.950000 23.875000 491.050000
v 304.150000 23.641660 494.550000
v 304.500000 23.641660 494.900000
v 302.866700 23.641660 494.316700
v 303.450000 23.641660 494.433300
v 304.150000 23.641660 494.550000
v 306.950000 23.875000 491.050000
v 304.500000 23.641660 494.900000
v 304.383300 23.641660 495.716700
v 304.616700 23.641660 495.833300
v 306.950000 23.875000 491.050000
v 299.016700 23.641660 497.816700
v 299.016700 23.641660 499.450000
v 301.233300 23.641660 499.450000
v 303.916700 23.641660 497.816700
v 299.016700 23.641660 497.816700
v 303.916700 23.641660 497.816700
v 301.933300 23.641660 497.466700
v 299.016700 23.641660 497.466700
v 303.916700 23.641660 497.816700
v 302.633300 23.641660 497.466700
v 301.933300 23.641660 497.466700
v 303.566700 23.641660 497.466700
v 303.566700 23.641660 497.233300
v 303.216600 23.641660 497.233300
v 302.633300 23.641660 497.466700
v 303.916700 23.641660 497.816700
v 303.566700 23.641660 497.466700
v 302.633300 23.641660 497.466700
v 315.000000 23.816670 483.583300
v 314.066700 23.875000 484.750000
v 311.850000 23.875000 488.133300
v 328.533300 23.641660 477.866700
v 306.950000 23.875000 491.050000
v 304.616700 23.641660 495.833300
v 304.616700 23.641660 496.533300
v 304.500000 23.641660 497.583300
v 304.266700 23.641660 497.816700
v 301.583300 23.641660 503.416700
v 306.950000 23.875000 491.050000
v 304.616700 23.641660 496.533300
v 304.500000 23.641660 497.583300
v 311.850000 23.875000 488.133300
v 304.500000 23.641660 497.583300
v 301.583300 23.641660 503.416700
v 301.000000 24.050000 507.733300
v 328.533300 23.641660 507.733300
v 328.533300 23.641660 477.866700
v 311.850000 23.875000 488.133300
v 343.700000 23.758330 483.116700
v 358.400000 23.641660 477.866700
v 328.533300 23.641660 477.866700
v 343.000000 23.700000 483.233300
v 343.700000 23.758330 483.116700
v 344.050000 23.816670 483.116700
v 358.400000 23.641660 477.866700
v 334.016700 23.700000 505.750000
v 333.900000 23.758330 503.416700
v 331.916700 23.933330 503.416700
v 330.633300 23.933330 505.166700
v 330.166700 23.933330 507.733300
v 333.550000 23.700000 507.733300
v 341.833300 23.758330 486.150000
v 341.716600 23.758330 484.750000
v 328.533300 23.641660 477.866700
v 334.016700 23.700000 505.750000
v 334.366700 23.700000 503.416700
v 333.900000 23.758330 503.416700
v 334.016700 23.700000 505.750000
v 335.883300 23.700000 503.416700
v 334.366700 23.700000 503.416700
v 355.250000 23.933330 503.300000
v 353.033300 23.700000 503.300000
v 353.150000 23.700000 505.750000
v 353.616700 23.700000 507.733300
v 357.000000 23.933330 507.733300
v 356.533300 23.933330 505.050000
v 353.033300 23.700000 503.300000
v 352.450000 23.700000 503.300000
v 353.150000 23.700000 505.750000
v 341.716600 23.758330 484.750000
v 342.183300 23.816670 483.816700
v 328.533300 23.641660 477.866700
v 342.183300 23.816670 483.816700
v 343.000000 23.700000 483.233300
v 328.533300 23.641660 477.866700
v 358.400000 23.641660 477.866700
v 345.800000 23.758330 484.866700
v 345.566700 23.816670 486.266700
v 353.033300 23.700000 503.300000
v 355.250000 23.933330 503.300000
v 354.433300 23.933330 502.133300
v 352.450000 23.700000 503.300000
v 351.166700 23.700000 503.300000
v 353.150000 23.700000 505.750000
v 350.816700 23.758330 500.966700
v 351.750000 23.991660 500.150000
v 346.033300 23.700000 500.150000
v 331.916700 23.933330 503.416700
v 333.900000 23.758330 503.416700
v 332.500000 23.933330 502.366700
v 343.700000 23.933330 496.533300
v 344.400000 23.758330 487.200000
v 343.116700 23.758330 487.200000
v 343.466600 23.933330 496.533300
v 334.016700 23.641660 499.450000
v 335.416700 23.933330 499.450000
v 338.216600 23.933330 497.583300
v 333.433300 23.641660 499.450000
v 334.016700 23.641660 499.450000
v 338.216600 23.933330 497.583300
v 358.400000 23.641660 477.866700
v 345.683300 23.758330 484.283300
v 345.800000 23.758330 484.866700
v 358.400000 23.641660 477.866700
v 344.983300 23.816670 483.466700
v 345.683300 23.758330 484.283300
v 351.750000 23.991660 500.150000
v 352.216700 23.933330 499.800000
v 351.633300 23.933330 499.333300
v 348.950000 23.933330 497.583300
v 346.033300 23.700000 500.150000
v 335.416700 23.933330 499.450000
v 334.716600 23.933330 500.033300
v 334.950000 23.991660 500.150000
v 341.133300 23.700000 500.150000
v 338.216600 23.933330 497.583300
v 341.133300 23.700000 500.150000
v 346.033300 23.700000 500.150000
v 348.950000 23.933330 497.583300
v 343.700000 23.933330 496.533300
v 343.466600 23.933330 496.533300
v 338.216600 23.933330 497.583300
v 348.950000 23.933330 497.583300
v 351.633300 23.933330 499.333300
v 352.683300 23.641660 499.333300
v 348.950000 23.933330 497.583300
v 352.683300 23.641660 499.333300
v 353.266700 23.641660 499.333300
v 331.916700 23.641660 501.316700
v 333.433300 23.641660 499.450000
v 341.833300 23.758330 486.150000
v 328.533300 23.641660 477.866700
v 343.466600 23.933330 496.533300
v 343.116700 23.758330 487.200000
v 341.833300 23.758330 486.150000
v 338.216600 23.933330 497.583300
v 352.216700 23.933330 499.800000
v 352.683300 23.641660 499.333300
v 351.633300 23.933330 499.333300
v 354.900000 23.641660 501.666700
v 354.433300 23.933330 502.133300
v 355.250000 23.933330 503.300000
v 354.900000 23.641660 501.316700
v 354.900000 23.641660 501.666700
v 355.250000 23.933330 503.300000
v 356.533300 23.933330 505.050000
v 356.533300 23.933330 505.050000
v 357.000000 23.933330 507.733300
v 357.116700 23.933330 507.733300
v 356.533300 23.933330 505.050000
v 357.116700 23.933330 507.733300
v 358.400000 23.641660 507.733300
v 333.433300 23.641660 499.450000
v 338.216600 23.933330 497.583300
v 341.833300 23.758330 486.150000
v 330.633300 23.933330 505.166700
v 331.916700 23.641660 501.783300
v 331.916700 23.641660 501.316700
v 328.533300 23.641660 477.866700
v 328.533300 23.641660 507.733300
v 331.916700 23.933330 503.416700
v 332.500000 23.933330 502.366700
v 331.916700 23.641660 501.783300
v 330.633300 23.933330 505.166700
v 328.533300 23.641660 507.733300
v 330.166700 23.933330 507.733300
v 330.633300 23.933330 505.166700
v 358.400000 23.641660 477.866700
v 344.050000 23.816670 483.116700
v 344.983300 23.816670 483.466700
v 350.816700 23.758330 500.966700
v 346.033300 23.700000 500.150000
v 350.233300 23.700000 502.133300
v 350.816700 23.700000 501.433300
v 334.716600 23.933330 500.033300
v 335.416700 23.933330 499.450000
v 334.016700 23.641660 499.450000
v 335.883300 23.700000 501.550000
v 334.366700 23.700000 503.416700
v 335.883300 23.700000 503.416700
v 337.166700 23.700000 502.016700
v 337.166700 23.700000 502.016700
v 341.133300 23.700000 500.150000
v 334.950000 23.991660 500.150000
v 335.883300 23.933330 500.966700
v 335.883300 23.933330 500.966700
v 335.883300 23.700000 501.550000
v 337.166700 23.700000 502.016700
v 351.166700 23.700000 503.300000
v 352.450000 23.700000 503.300000
v 350.816700 23.700000 501.433300
v 350.233300 23.700000 502.133300
v 354.900000 23.641660 501.316700
v 356.533300 23.933330 505.050000
v 358.400000 23.641660 507.733300
v 358.400000 23.641660 477.866700
v 345.566700 23.816670 486.266700
v 344.400000 23.758330 487.200000
v 343.700000 23.933330 496.533300
v 348.950000 23.933330 497.583300
v 345.566700 23.816670 486.266700
v 353.266700 23.641660 499.333300
v 354.900000 23.641660 501.316700
v 358.400000 23.641660 477.866700
v 345.566700 23.816670 486.266700
v 348.950000 23.933330 497.583300
v 353.266700 23.641660 499.333300
v 385.816700 24.050000 507.733300
v 385.816700 24.050000 504.233300
v 385.233300 23.641660 504.000000
v 358.400000 23.641660 507.733300
v 387.683300 23.291660 499.800000
v 387.683300 23.350000 479.383300
v 386.400000 23.641660 479.383300
v 385.583300 23.641660 499.800000
v 358.400000 23.641660 507.733300
v 385.233300 23.641660 504.000000
v 385.233300 23.641660 500.150000
v 385.583300 23.641660 499.800000
v 386.400000 23.641660 479.383300
v 386.166700 23.641660 479.150000
v 385.233300 23.641660 500.150000
v 385.583300 23.641660 499.800000
v 386.166700 23.641660 479.150000
v 386.166700 23.641660 477.866700
v 358.400000 23.641660 477.866700
v 358.400000 23.641660 507.733300
v 387.566700 25.391660 503.883300
v 386.633300 24.516660 503.766700
v 385.816700 24.050000 504.233300
v 385.816700 24.050000 507.733300
v 387.566700 25.391660 507.733300
v 299.133300 25.391660 513.450000
v 299.483300 24.983330 513.916700
v 299.716600 24.983330 513.683300
v 299.716600 24.983330 513.683300
v 300.883300 24.050000 513.683300
v 301.000000 24.050000 513.450000
v 301.000000 24.050000 507.733300
v 299.250000 25.391660 507.733300
v 299.133300 25.391660 513.450000
v 301.233300 23.641660 517.883400
v 299.016700 23.641660 517.883400
v 299.016700 23.641660 521.383400
v 302.633300 23.641660 521.383400
v 301.583300 23.641660 513.683300
v 304.150000 23.641660 521.383400
v 305.433300 23.641660 521.733300
v 301.583300 23.641660 517.533300
v 301.233300 23.641660 517.883400
v 302.633300 23.641660 521.383400
v 301.583300 23.641660 517.533300
v 302.633300 23.641660 521.383400
v 304.150000 23.641660 521.383400
v 301.583300 23.641660 513.683300
v 301.000000 24.050000 507.733300
v 301.000000 24.050000 513.450000
v 301.583300 23.641660 513.683300
v 302.400000 23.641660 523.366700
v 302.633300 23.641660 522.083300
v 302.400000 23.641660 521.966700
v 299.016700 23.641660 521.383400
v 299.016700 23.641660 523.600000
v 299.016700 23.641660 523.600000
v 302.633300 23.641660 523.600000
v 302.400000 23.641660 523.366700
v 302.400000 23.641660 521.616700
v 302.633300 23.641660 521.383400
v 299.016700 23.641660 521.383400
v 302.400000 23.641660 521.966700
v 302.400000 23.641660 521.616700
v 299.016700 23.641660 521.383400
v 303.566700 23.641660 524.766700
v 303.333300 23.641660 524.183300
v 302.633300 23.641660 523.600000
v 299.016700 23.641660 523.600000
v 299.016700 23.641660 524.766700
v 303.333300 23.641660 524.183300
v 303.566700 23.641660 523.600000
v 302.633300 23.641660 523.600000
v 304.033300 23.641660 524.766700
v 303.566700 23.641660 524.766700
v 299.016700 23.641660 525.350000
v 308.700000 23.641660 525.350000
v 303.566700 23.641660 524.766700
v 299.016700 23.641660 524.766700
v 299.016700 23.641660 525.350000
v 303.333300 23.641660 524.183300
v 304.033300 23.641660 523.600000
v 303.566700 23.641660 523.600000
v 303.566700 23.641660 523.600000
v 304.033300 23.641660 523.600000
v 303.800000 23.641660 523.366700
v 304.616700 23.641660 524.416700
v 304.033300 23.641660 524.766700
v 308.700000 23.641660 525.350000
v 306.016700 23.641660 522.783300
v 304.616700 23.641660 524.416700
v 308.700000 23.641660 525.350000
v 306.016700 23.641660 522.316700
v 306.016700 23.641660 522.783300
v 308.700000 23.641660 525.350000
v 306.016700 23.641660 522.316700
v 308.700000 23.641660 525.350000
v 308.933300 23.641660 525.583300
v 301.583300 23.641660 513.683300
v 305.433300 23.641660 521.733300
v 306.016700 23.641660 522.316700
v 301.583300 23.641660 513.683300
v 306.016700 23.641660 522.316700
v 308.933300 23.641660 525.583300
v 328.533300 23.641660 537.600000
v 328.533300 23.641660 507.733300
v 301.000000 24.050000 507.733300
v 308.933300 23.641660 525.583300
v 308.933300 23.641660 537.600000
v 328.533300 23.641660 537.600000
v 331.800000 23.641660 519.516700
v 332.500000 23.933330 518.933300
v 331.916700 23.933330 517.883400
v 330.633300 23.933330 516.133400
v 329.583300 23.933330 511.000000
v 330.166700 23.933330 507.733300
v 328.533300 23.641660 507.733300
v 328.533300 23.641660 537.600000
v 333.433300 23.641660 521.850000
v 331.800000 23.641660 519.983300
v 341.833300 23.875000 536.783300
v 342.183300 23.991660 535.966700
v 338.100000 23.933330 523.600000
v 333.433300 23.641660 521.850000
v 328.533300 23.641660 537.600000
v 342.183300 23.991660 535.966700
v 343.350000 23.875000 535.150000
v 338.100000 23.933330 523.600000
v 334.366700 23.700000 517.883400
v 336.000000 23.700000 517.883400
v 333.900000 23.700000 515.316700
v 333.783300 23.875000 517.883400
v 334.366700 23.700000 517.883400
v 333.900000 23.700000 515.316700
v 331.916700 23.933330 517.883400
v 333.783300 23.875000 517.883400
v 333.900000 23.700000 515.316700
v 333.550000 23.700000 513.916700
v 330.633300 23.933330 516.133400
v 332.850000 23.700000 510.416700
v 333.550000 23.700000 507.733300
v 330.166700 23.933330 507.733300
v 329.583300 23.933330 511.000000
v 333.550000 23.700000 513.916700
v 332.850000 23.700000 510.416700
v 329.583300 23.933330 511.000000
v 330.633300 23.933330 516.133400
v 353.383300 23.700000 514.966700
v 351.166700 23.700000 518.000000
v 352.566700 23.700000 518.000000
v 353.383300 23.700000 514.966700
v 352.566700 23.700000 518.000000
v 353.033300 23.700000 518.000000
v 357.583300 23.933330 511.116700
v 357.116700 23.933330 507.733300
v 357.000000 23.933330 507.733300
v 353.383300 23.700000 514.966700
v 353.033300 23.700000 518.000000
v 355.133300 23.933330 518.000000
v 356.533300 23.933330 516.133400
v 357.583300 23.933330 511.116700
v 354.316700 23.700000 510.883300
v 357.000000 23.933330 507.733300
v 353.616700 23.700000 507.733300
v 354.316700 23.700000 510.883300
v 357.583300 23.933330 511.116700
v 355.133300 23.933330 518.000000
v 354.433300 23.933330 519.283300
v 354.900000 23.641660 519.750000
v 330.633300 23.933330 516.133400
v 329.583300 23.933330 511.000000
v 328.533300 23.641660 507.733300
v 328.533300 23.641660 537.600000
v 358.400000 23.641660 507.733300
v 357.116700 23.933330 507.733300
v 357.583300 23.933330 511.116700
v 349.066700 23.933330 523.600000
v 343.816700 23.933330 524.650000
v 344.516700 23.875000 535.150000
v 343.350000 23.875000 535.150000
v 343.350000 23.933330 524.650000
v 338.100000 23.933330 523.600000
v 332.500000 23.933330 518.933300
v 333.783300 23.875000 517.883400
v 331.916700 23.933330 517.883400
v 336.000000 23.700000 517.883400
v 334.366700 23.700000 517.883400
v 335.066700 23.700000 519.050000
v 335.883300 23.700000 519.750000
v 336.933300 23.700000 519.050000
v 336.933300 23.700000 519.050000
v 335.883300 23.700000 519.750000
v 335.883300 23.933330 520.216700
v 341.016700 23.700000 521.033300
v 334.950000 23.991660 521.033300
v 341.016700 23.700000 521.033300
v 335.883300 23.933330 520.216700
v 350.816700 23.700000 519.866700
v 352.566700 23.700000 518.000000
v 351.166700 23.700000 518.000000
v 350.116700 23.700000 519.166700
v 350.116700 23.700000 519.166700
v 346.150000 23.700000 521.033300
v 350.816700 23.758330 520.216700
v 350.816700 23.700000 519.866700
v 346.150000 23.700000 521.033300
v 351.633300 23.991660 521.033300
v 350.816700 23.758330 520.216700
v 354.433300 23.933330 519.283300
v 355.133300 23.933330 518.000000
v 353.033300 23.700000 518.000000
v 334.950000 23.991660 521.033300
v 334.716600 23.933330 521.266700
v 335.533300 23.933330 521.850000
v 338.100000 23.933330 523.600000
v 341.016700 23.700000 521.033300
v 351.283300 23.933330 522.083300
v 352.100000 23.933330 521.500000
v 351.633300 23.991660 521.033300
v 346.150000 23.700000 521.033300
v 349.066700 23.933330 523.600000
v 343.350000 23.933330 524.650000
v 343.816700 23.933330 524.650000
v 349.066700 23.933330 523.600000
v 346.150000 23.700000 521.033300
v 341.016700 23.700000 521.033300
v 338.100000 23.933330 523.600000
v 334.016700 23.641660 521.850000
v 335.533300 23.933330 521.850000
v 334.716600 23.933330 521.266700
v 351.283300 23.933330 522.083300
v 352.683300 23.641660 522.083300
v 352.100000 23.933330 521.500000
v 338.100000 23.933330 523.600000
v 335.533300 23.933330 521.850000
v 334.016700 23.641660 521.850000
v 338.100000 23.933330 523.600000
v 334.016700 23.641660 521.850000
v 333.433300 23.641660 521.850000
v 331.800000 23.641660 519.983300
v 331.800000 23.641660 519.516700
v 330.633300 23.933330 516.133400
v 328.533300 23.641660 537.600000
v 343.350000 23.875000 535.150000
v 344.516700 23.875000 535.150000
v 343.816700 23.933330 524.650000
v 343.350000 23.933330 524.650000
v 352.683300 23.641660 522.083300
v 351.283300 23.933330 522.083300
v 349.066700 23.933330 523.600000
v 353.150000 23.641660 522.083300
v 352.683300 23.641660 522.083300
v 349.066700 23.933330 523.600000
v 328.533300 23.641660 537.600000
v 341.950000 23.991660 537.600000
v 341.833300 23.875000 536.783300
v 355.133300 23.933330 518.000000
v 354.900000 23.641660 519.750000
v 354.900000 23.641660 520.216700
v 358.400000 23.641660 537.600000
v 356.533300 23.933330 516.133400
v 349.066700 23.933330 523.600000
v 345.100000 23.933330 535.383400
v 345.916700 23.816670 536.316700
v 353.150000 23.641660 522.083300
v 358.400000 23.641660 507.733300
v 357.583300 23.933330 511.116700
v 356.533300 23.933330 516.133400
v 358.400000 23.641660 537.600000
v 349.066700 23.933330 523.600000
v 344.516700 23.875000 535.150000
v 345.100000 23.933330 535.383400
v 345.916700 23.816670 536.316700
v 346.033300 23.816670 537.600000
v 358.400000 23.641660 537.600000
v 354.900000 23.641660 520.216700
v 353.150000 23.641660 522.083300
v 385.116700 23.641660 522.433300
v 385.233300 23.641660 521.850000
v 384.766700 23.641660 521.616700
v 386.166700 23.641660 523.833300
v 386.050000 23.641660 522.900000
v 385.116700 23.641660 522.433300
v 384.766700 23.641660 521.616700
v 385.000000 23.641660 521.033300
v 383.600000 23.641660 520.216700
v 376.950000 23.641660 527.683300
v 377.766700 23.641660 527.683300
v 377.766700 23.641660 525.583300
v 385.116700 23.641660 522.433300
v 384.766700 23.641660 521.616700
v 383.600000 23.641660 520.216700
v 375.900000 23.641660 527.683300
v 376.950000 23.641660 527.683300
v 377.766700 23.641660 525.583300
v 386.983300 23.641660 525.350000
v 386.166700 23.641660 523.833300
v 385.116700 23.641660 522.433300
v 383.950000 23.641660 519.166700
v 385.233300 23.641660 517.766700
v 385.233300 23.641660 514.266700
v 386.983300 23.641660 525.350000
v 385.116700 23.641660 522.433300
v 383.600000 23.641660 520.216700
v 378.000000 23.641660 525.350000
v 383.600000 23.641660 520.216700
v 383.950000 23.641660 519.166700
v 385.233300 23.641660 514.266700
v 385.816700 24.050000 507.733300
v 378.000000 23.641660 525.350000
v 385.233300 23.641660 514.266700
v 385.816700 24.050000 513.916700
v 385.816700 24.050000 507.733300
v 373.683300 23.641660 537.600000
v 376.950000 23.641660 537.600000
v 376.950000 23.641660 537.483300
v 373.566700 23.641660 537.483300
v 373.100000 23.641660 528.733300
v 374.733300 23.700000 527.800000
v 378.000000 23.641660 525.350000
v 386.633300 24.516660 514.383400
v 387.450000 24.983330 514.383400
v 387.683300 25.391660 513.800000
v 387.566700 25.391660 507.733300
v 385.816700 24.050000 507.733300
v 385.816700 24.050000 513.916700
v 374.850000 23.700000 527.800000
v 375.433300 23.641660 527.800000
v 375.900000 23.641660 527.683300
v 374.733300 23.700000 527.800000
v 374.850000 23.700000 527.800000
v 375.900000 23.641660 527.683300
v 372.983300 23.641660 537.483300
v 373.216700 23.641660 536.900000
v 372.750000 23.641660 536.900000
v 377.766700 23.641660 527.683300
v 376.950000 23.641660 527.683300
v 377.650000 23.641660 528.033300
v 377.650000 23.641660 528.033300
v 377.533300 23.933330 528.500000
v 377.533300 23.933330 528.733300
v 377.650000 23.933330 529.433300
v 377.766700 23.641660 527.683300
v 374.733300 23.700000 527.800000
v 377.766700 23.641660 525.583300
v 378.000000 23.641660 525.350000
v 371.466700 23.641660 532.116700
v 372.166700 23.641660 531.416700
v 371.583300 23.641660 530.716700
v 374.733300 23.700000 527.800000
v 375.900000 23.641660 527.683300
v 377.766700 23.641660 525.583300
v 373.566700 23.641660 537.483300
v 374.266700 23.641660 536.900000
v 373.216700 23.641660 536.900000
v 372.983300 23.641660 537.483300
v 373.100000 23.641660 528.733300
v 373.683300 23.758330 528.616700
v 374.733300 23.700000 527.800000
v 373.566700 23.641660 537.483300
v 376.950000 23.641660 537.483300
v 375.316700 23.641660 536.900000
v 374.266700 23.641660 536.900000
v 376.950000 23.641660 537.483300
v 376.950000 23.641660 536.900000
v 375.316700 23.641660 536.900000
v 377.766700 23.641660 535.033300
v 377.416700 23.641660 532.583300
v 376.833300 23.641660 532.583300
v 377.766700 23.641660 535.033300
v 377.766700 23.641660 532.583300
v 377.416700 23.641660 532.583300
v 374.266700 24.283330 529.083300
v 374.616700 24.283330 529.083300
v 374.616700 24.283330 528.733300
v 375.083300 23.933330 528.266700
v 374.850000 23.700000 527.800000
v 374.733300 23.700000 527.800000
v 374.616700 24.283330 528.733300
v 375.083300 24.166660 528.500000
v 373.683300 23.758330 528.616700
v 374.266700 24.283330 529.083300
v 374.616700 24.283330 528.733300
v 374.733300 23.700000 527.800000
v 375.083300 23.933330 528.266700
v 375.433300 23.641660 527.800000
v 374.850000 23.700000 527.800000
v 377.300000 24.225000 528.733300
v 377.533300 23.933330 528.733300
v 377.533300 23.933330 528.500000
v 375.666700 24.225000 528.733300
v 375.433300 23.933330 528.733300
v 375.666700 24.166660 529.316700
v 375.900000 24.516660 528.733300
v 375.666700 24.225000 528.733300
v 375.666700 24.166660 529.316700
v 376.133300 24.575000 529.316700
v 377.650000 23.933330 529.433300
v 377.300000 24.225000 528.733300
v 376.950000 24.575000 528.733300
v 376.366700 24.866660 528.733300
v 375.900000 24.516660 528.733300
v 376.133300 24.575000 529.316700
v 377.650000 23.933330 529.433300
v 377.533300 23.933330 528.733300
v 377.300000 24.225000 528.733300
v 376.366700 24.866660 528.733300
v 376.133300 24.575000 529.316700
v 376.250000 24.750000 529.550000
v 377.650000 23.933330 529.433300
v 376.950000 24.575000 528.733300
v 377.416700 23.641660 532.583300
v 377.766700 23.641660 532.583300
v 377.650000 23.641660 532.000000
v 375.550000 23.641660 536.666700
v 375.316700 23.641660 536.900000
v 376.950000 23.641660 536.900000
v 377.183300 23.641660 535.500000
v 375.550000 23.641660 536.666700
v 377.183300 23.641660 535.500000
v 377.766700 23.641660 535.033300
v 376.833300 23.641660 532.583300
v 375.666700 23.641660 532.583300
v 372.866700 23.641660 537.600000
v 372.983300 23.641660 537.483300
v 372.750000 23.641660 536.900000
v 372.400000 23.641660 536.433300
v 371.816700 23.641660 536.433300
v 358.400000 23.641660 537.600000
v 372.750000 23.641660 529.083300
v 373.100000 23.641660 528.733300
v 358.400000 23.641660 537.600000
v 371.350000 23.641660 535.966700
v 371.350000 23.641660 534.916700
v 371.350000 23.641660 534.916700
v 371.816700 23.641660 534.566700
v 371.816700 23.641660 533.283300
v 371.466700 23.641660 532.116700
v 358.400000 23.641660 537.600000
v 371.583300 23.641660 530.366700
v 372.750000 23.641660 529.433300
v 372.750000 23.641660 529.083300
v 358.400000 23.641660 537.600000
v 371.466700 23.641660 532.116700
v 371.583300 23.641660 530.716700
v 371.583300 23.641660 530.366700
v 358.400000 23.641660 537.600000
v 372.866700 23.641660 537.600000
v 371.816700 23.641660 536.433300
v 371.350000 23.641660 535.966700
v 358.400000 23.641660 537.600000
v 358.400000 23.641660 537.600000
v 373.100000 23.641660 528.733300
v 378.000000 23.641660 525.350000
v 385.816700 24.050000 507.733300
v 358.400000 23.641660 507.733300
v 298.666700 23.641660 545.650000
v 292.366700 23.641660 545.650000
v 293.766700 23.641660 551.483300
v 297.033300 23.641660 557.433300
v 298.666700 23.641660 558.950000
v 322.583300 23.991660 557.433300
v 322.583300 23.991660 557.200000
v 322.350000 23.991660 557.200000
v 303.450000 23.641660 563.150000
v 311.616700 23.641660 566.300000
v 313.250000 23.933330 557.083300
v 308.700000 23.641660 545.650000
v 298.666700 23.641660 545.650000
v 298.666700 23.641660 558.950000
v 308.933300 23.641660 545.416600
v 308.700000 23.641660 545.650000
v 313.250000 23.933330 557.083300
v 322.583300 23.933330 557.083300
v 308.350000 23.641660 567.350000
v 308.816700 23.641660 567.466600
v 310.450000 23.641660 567.466600
v 311.616700 23.641660 566.300000
v 311.616700 23.641660 566.300000
v 313.250000 23.991660 557.783300
v 313.250000 23.991660 557.433300
v 313.250000 23.991660 557.433300
v 313.483300 23.991660 557.200000
v 313.250000 23.991660 557.200000
v 311.616700 23.641660 566.300000
v 313.250000 23.991660 557.433300
v 313.250000 23.991660 557.200000
v 311.616700 23.641660 566.300000
v 313.250000 23.991660 565.950000
v 313.250000 23.991660 557.783300
v 311.616700 23.641660 566.300000
v 313.250000 23.991660 557.200000
v 313.250000 23.933330 557.083300
v 322.350000 23.991660 557.200000
v 322.583300 23.991660 557.200000
v 322.583300 23.933330 557.083300
v 313.250000 23.933330 557.083300
v 313.250000 23.991660 557.200000
v 313.483300 23.991660 557.200000
v 313.483300 23.991660 557.200000
v 322.350000 23.991660 557.200000
v 322.583300 23.933330 557.083300
v 313.250000 23.933330 557.083300
v 322.583300 23.991660 567.000000
v 322.583300 23.991660 567.116600
v 322.933300 23.641660 567.466600
v 303.450000 23.641660 563.150000
v 308.350000 23.641660 567.350000
v 311.616700 23.641660 566.300000
v 298.666700 23.641660 558.950000
v 302.633300 23.641660 562.683300
v 303.450000 23.641660 563.150000
v 322.583300 23.991660 567.000000
v 322.933300 23.641660 567.466600
v 328.533300 23.641660 567.466600
v 322.583300 23.991660 557.433300
v 328.533300 23.641660 537.600000
v 308.933300 23.641660 537.600000
v 308.933300 23.641660 545.416600
v 322.583300 23.933330 557.083300
v 322.583300 23.991660 557.200000
v 322.583300 23.991660 557.433300
v 328.533300 23.641660 567.466600
v 322.583300 23.933330 557.083300
v 322.583300 23.991660 557.200000
v 328.533300 23.641660 567.466600
v 328.533300 23.641660 537.600000
v 341.950000 23.875000 537.950000
v 341.950000 23.991660 537.600000
v 328.533300 23.641660 537.600000
v 333.666700 23.641660 566.766700
v 353.266700 23.641660 566.766700
v 352.916700 23.641660 566.416600
v 333.900000 23.641660 566.533300
v 350.816700 23.641660 567.466600
v 352.216700 23.641660 567.350000
v 352.800000 23.641660 566.883300
v 333.900000 23.641660 566.883300
v 334.600000 23.641660 567.350000
v 336.000000 23.641660 567.466600
v 344.283300 23.875000 539.233300
v 353.266700 23.641660 565.250000
v 354.200000 23.641660 565.250000
v 342.533300 23.933330 538.766700
v 341.950000 23.875000 537.950000
v 328.533300 23.641660 537.600000
v 352.800000 23.641660 566.883300
v 353.266700 23.641660 566.766700
v 333.666700 23.641660 566.766700
v 333.900000 23.641660 566.883300
v 328.533300 23.641660 567.466600
v 332.266700 23.641660 565.716600
v 332.733300 23.641660 565.366600
v 328.533300 23.641660 537.600000
v 333.666700 23.641660 566.766700
v 333.550000 23.641660 566.883300
v 333.900000 23.641660 566.883300
v 354.316700 23.641660 566.883300
v 354.200000 23.641660 566.766700
v 353.266700 23.641660 566.766700
v 352.800000 23.641660 566.883300
v 353.266700 23.641660 565.250000
v 344.283300 23.875000 539.233300
v 343.466600 23.875000 539.233300
v 332.733300 23.641660 565.366600
v 333.550000 23.641660 565.366600
v 353.266700 23.641660 565.250000
v 358.400000 23.641660 537.600000
v 345.450000 23.875000 538.650000
v 344.866700 23.875000 539.116600
v 358.400000 23.641660 537.600000
v 346.033300 23.816670 537.600000
v 345.450000 23.875000 538.650000
v 333.550000 23.641660 565.366600
v 353.150000 23.641660 565.366600
v 353.266700 23.641660 565.250000
v 343.466600 23.875000 539.233300
v 342.533300 23.933330 538.766700
v 328.533300 23.641660 537.600000
v 332.733300 23.641660 565.366600
v 353.266700 23.641660 565.250000
v 331.333300 23.641660 567.466600
v 332.266700 23.641660 566.766700
v 332.266700 23.641660 565.716600
v 328.533300 23.641660 567.466600
v 331.333300 23.641660 567.466600
v 332.500000 23.641660 567.000000
v 332.266700 23.641660 566.766700
v 353.150000 23.641660 565.366600
v 333.550000 23.641660 565.366600
v 333.900000 23.641660 565.833300
v 352.916700 23.641660 565.600000
v 333.900000 23.641660 565.833300
v 333.900000 23.641660 566.533300
v 352.916700 23.641660 566.416600
v 352.916700 23.641660 565.600000
v 354.550000 23.641660 566.416600
v 354.200000 23.641660 566.766700
v 354.316700 23.641660 566.883300
v 354.900000 23.641660 567.350000
v 354.200000 23.641660 565.250000
v 354.550000 23.641660 565.600000
v 358.400000 23.641660 567.466600
v 358.400000 23.641660 537.600000
v 344.866700 23.875000 539.116600
v 344.283300 23.875000 539.233300
v 354.550000 23.641660 566.416600
v 354.900000 23.641660 567.350000
v 355.483300 23.641660 567.466600
v 358.400000 23.641660 567.466600
v 354.550000 23.641660 565.600000
v 371.816700 23.641660 538.183300
v 372.516700 23.641660 538.066700
v 372.866700 23.641660 537.600000
v 358.400000 23.641660 537.600000
v 373.800000 23.991660 565.833300
v 375.200000 23.641660 566.066700
v 380.100000 23.641660 564.783300
v 373.800000 23.991660 557.316700
v 375.200000 23.641660 566.066700
v 376.016700 23.641660 566.883300
v 380.100000 23.641660 564.783300
v 371.350000 23.641660 538.766700
v 371.816700 23.641660 538.183300
v 358.400000 23.641660 537.600000
v 376.483300 23.641660 537.833300
v 376.950000 23.641660 537.833300
v 376.950000 23.641660 537.600000
v 373.683300 23.641660 537.600000
v 374.733300 23.641660 540.283300
v 374.966700 23.641660 540.283300
v 374.966700 23.641660 539.350000
v 374.033300 23.641660 538.533300
v 373.566700 23.641660 538.883300
v 373.450000 23.641660 539.700000
v 375.200000 23.641660 539.116600
v 375.783300 23.641660 539.116600
v 375.783300 23.641660 538.300000
v 373.683300 23.641660 537.600000
v 374.033300 23.641660 537.950000
v 375.783300 23.641660 538.300000
v 376.483300 23.641660 537.833300
v 374.966700 23.641660 539.350000
v 375.200000 23.641660 539.116600
v 375.783300 23.641660 538.300000
v 374.033300 23.641660 537.950000
v 374.033300 23.641660 538.533300
v 373.450000 23.641660 539.700000
v 372.633300 23.641660 540.283300
v 374.733300 23.641660 540.283300
v 377.416700 24.050000 541.216600
v 377.416700 24.050000 541.450000
v 377.766700 23.641660 541.450000
v 377.183300 23.641660 539.700000
v 377.183300 24.050000 541.216600
v 377.416700 24.050000 541.216600
v 377.183300 23.641660 539.700000
v 377.416700 24.050000 541.216600
v 377.766700 23.641660 541.450000
v 377.650000 23.641660 539.350000
v 377.766700 23.641660 541.450000
v 377.766700 23.641660 538.416600
v 377.650000 23.641660 539.350000
v 374.383300 23.641660 541.100000
v 374.733300 23.641660 540.283300
v 372.633300 23.641660 540.283300
v 374.383300 23.641660 541.683300
v 374.383300 23.641660 541.100000
v 372.633300 23.641660 540.283300
v 374.616700 23.641660 541.916600
v 374.383300 23.641660 541.683300
v 372.633300 23.641660 540.283300
v 372.166700 23.641660 540.283300
v 371.466700 23.641660 539.816700
v 371.350000 23.641660 538.766700
v 358.400000 23.641660 537.600000
v 358.400000 23.641660 567.466600
v 364.466700 23.933330 557.083300
v 376.950000 23.641660 541.450000
v 377.183300 24.050000 541.450000
v 377.183300 24.050000 541.216600
v 377.183300 24.050000 541.450000
v 377.416700 24.050000 541.450000
v 377.416700 24.050000 541.216600
v 377.183300 24.050000 541.216600
v 377.766700 23.641660 541.916600
v 377.766700 23.641660 541.450000
v 377.416700 24.050000 541.450000
v 377.766700 23.641660 541.916600
v 377.416700 24.050000 541.450000
v 377.183300 24.050000 541.450000
v 377.766700 23.641660 541.916600
v 377.183300 24.050000 541.450000
v 376.950000 23.641660 541.450000
v 375.083300 23.641660 541.916600
v 377.766700 23.641660 541.916600
v 376.950000 23.641660 541.450000
v 375.316700 23.641660 541.450000
v 377.766700 23.641660 545.416600
v 377.766700 23.641660 541.916600
v 375.083300 23.641660 541.916600
v 377.766700 23.641660 545.416600
v 375.083300 23.641660 541.916600
v 374.616700 23.641660 541.916600
v 364.000000 23.641660 567.466600
v 364.583300 23.991660 567.000000
v 364.583300 23.991660 563.500000
v 364.466700 23.933330 557.083300
v 358.400000 23.641660 567.466600
v 373.800000 23.991660 557.316700
v 373.800000 23.991660 557.083300
v 373.566700 23.991660 557.083300
v 373.566700 23.991660 557.083300
v 373.800000 23.991660 557.083300
v 378.000000 23.641660 545.650000
v 373.216700 23.991660 557.083300
v 373.566700 23.991660 557.083300
v 378.000000 23.641660 545.650000
v 377.766700 23.641660 545.416600
v 364.583300 23.991660 563.500000
v 364.583300 23.991660 557.433300
v 364.466700 23.933330 557.083300
v 377.766700 23.641660 545.416600
v 372.166700 23.641660 540.283300
v 371.466700 23.641660 539.816700
v 364.466700 23.933330 557.083300
v 373.216700 23.991660 557.083300
v 364.816700 24.050000 557.200000
v 373.216700 23.991660 557.083300
v 364.466700 23.933330 557.083300
v 364.583300 23.991660 557.433300
v 364.816700 24.050000 557.200000
v 364.466700 23.933330 557.083300
v 377.766700 23.641660 545.416600
v 374.616700 23.641660 541.916600
v 372.166700 23.641660 540.283300
v 373.800000 23.991660 557.083300
v 373.800000 23.991660 557.316700
v 380.100000 23.641660 564.783300
v 380.100000 23.641660 564.783300
v 386.633300 23.641660 560.816700
v 388.266700 23.641660 558.833300
v 388.266700 23.641660 545.650000
v 378.000000 23.641660 545.650000
v 373.800000 23.991660 557.083300
v 394.566700 23.641660 548.333300
v 395.033300 23.641660 545.650000
v 388.266700 23.641660 545.650000
v 388.266700 23.641660 558.833300
v 391.533300 23.641660 554.983300
v 310.450000 23.641660 567.466700
v 308.816700 23.641660 567.466700
v 309.866700 23.641660 568.050000
v 327.250000 23.641660 568.516700
v 328.533300 23.641660 568.283300
v 328.533300 23.641660 567.466700
v 322.933300 23.641660 567.466700
v 325.033300 23.641660 568.516700
v 322.933300 23.641660 567.466700
v 323.983300 23.641660 568.516700
v 324.450000 23.641660 568.516700
v 322.933300 23.641660 567.466700
v 324.450000 23.641660 568.516700
v 325.033300 23.641660 568.516700
v 324.450000 23.641660 568.516700
v 323.983300 23.641660 568.516700
v 324.100000 23.641660 568.750000
v 327.250000 23.641660 568.516700
v 325.033300 23.641660 568.516700
v 326.083300 23.641660 568.866700
v 326.200000 23.641660 581.000000
v 324.450000 23.641660 581.350000
v 323.400000 23.641660 582.400000
v 323.400000 23.641660 597.333300
v 328.533300 23.641660 597.333300
v 328.533300 23.641660 581.700000
v 328.533300 23.641660 568.283300
v 331.333300 23.641660 567.466700
v 328.533300 23.641660 567.466700
v 334.016700 23.641660 582.983300
v 352.800000 23.641660 582.983300
v 352.216700 23.641660 582.516700
v 350.816700 23.641660 582.400000
v 336.000000 23.641660 582.400000
v 334.600000 23.641660 582.516700
v 349.300000 23.641660 581.116700
v 349.300000 23.641660 568.750000
v 337.516700 23.641660 568.866700
v 337.516700 23.641660 581.116700
v 349.300000 23.641660 568.750000
v 350.816700 23.641660 567.466700
v 336.000000 23.641660 567.466700
v 337.516700 23.641660 568.866700
v 350.816700 23.641660 582.400000
v 349.300000 23.641660 581.116700
v 337.516700 23.641660 581.116700
v 336.000000 23.641660 582.400000
v 358.400000 23.641660 568.283300
v 358.400000 23.641660 567.466700
v 355.483300 23.641660 567.466700
v 328.533300 23.641660 597.333300
v 358.400000 23.641660 597.333300
v 346.850000 23.641660 589.983300
v 337.283300 23.641660 589.983300
v 354.433300 23.641660 582.983300
v 352.216700 23.641660 587.066700
v 352.450000 23.641660 587.300000
v 337.283300 23.641660 589.983300
v 331.916700 23.641660 589.983300
v 328.533300 23.641660 597.333300
v 346.850000 23.641660 587.066700
v 347.200000 23.991660 587.066700
v 352.800000 23.641660 582.983300
v 332.383300 23.641660 582.983300
v 331.916700 23.641660 587.066700
v 332.266700 23.991660 587.066700
v 334.016700 23.641660 582.983300
v 332.383300 23.641660 582.983300
v 332.266700 23.991660 587.066700
v 336.933300 23.991660 587.066700
v 347.200000 23.991660 587.066700
v 351.866700 23.991660 587.066700
v 352.800000 23.641660 582.983300
v 334.016700 23.641660 582.983300
v 336.933300 23.991660 587.066700
v 337.283300 23.641660 587.066700
v 358.400000 23.641660 597.333300
v 352.216700 23.641660 589.983300
v 346.850000 23.641660 589.983300
v 346.850000 23.641660 587.066700
v 352.800000 23.641660 582.983300
v 334.016700 23.641660 582.983300
v 337.283300 23.641660 587.066700
v 352.216700 23.641660 587.066700
v 354.433300 23.641660 582.983300
v 352.800000 23.641660 582.983300
v 351.866700 23.991660 587.066700
v 331.683300 23.641660 589.750000
v 331.683300 23.641660 587.300000
v 328.533300 23.641660 581.700000
v 328.533300 23.641660 597.333300
v 328.533300 23.641660 597.333300
v 331.916700 23.641660 589.983300
v 331.683300 23.641660 589.750000
v 332.383300 23.641660 582.983300
v 331.566700 23.641660 582.400000
v 328.533300 23.641660 581.700000
v 331.683300 23.641660 587.300000
v 331.916700 23.641660 587.066700
v 336.700000 24.050000 587.300000
v 336.933300 23.991660 587.066700
v 332.266700 23.991660 587.066700
v 332.500000 24.050000 587.300000
v 332.500000 27.550000 597.333300
v 336.700000 27.550000 597.333300
v 336.700000 24.050000 587.300000
v 332.500000 24.050000 587.300000
v 337.283300 23.641660 589.983300
v 346.850000 23.641660 589.983300
v 346.616700 23.641660 589.750000
v 337.516700 23.641660 589.750000
v 346.616700 23.641660 589.750000
v 346.616700 23.641660 587.300000
v 337.516700 23.641660 587.300000
v 337.516700 23.641660 589.750000
v 346.616700 23.641660 587.300000
v 346.850000 23.641660 587.066700
v 337.283300 23.641660 587.066700
v 337.516700 23.641660 587.300000
v 351.633300 24.050000 587.300000
v 351.866700 23.991660 587.066700
v 347.200000 23.991660 587.066700
v 347.433300 24.050000 587.300000
v 347.433300 27.550000 597.333300
v 351.633300 27.550000 597.333300
v 351.633300 24.050000 587.300000
v 347.433300 24.050000 587.300000
v 358.400000 23.641660 581.583300
v 355.250000 23.641660 582.400000
v 354.433300 23.641660 582.983300
v 352.450000 23.641660 587.300000
v 352.450000 23.641660 589.750000
v 358.400000 23.641660 597.333300
v 352.450000 23.641660 589.750000
v 352.216700 23.641660 589.983300
v 358.400000 23.641660 597.333300
v 358.400000 23.641660 567.466700
v 358.400000 23.641660 568.283300
v 359.450000 23.641660 568.516700
v 361.783300 23.641660 568.516700
v 364.000000 23.641660 567.466700
v 362.366700 23.641660 568.516700
v 362.950000 23.641660 568.516700
v 364.000000 23.641660 567.466700
v 361.783300 23.641660 568.516700
v 362.366700 23.641660 568.516700
v 364.000000 23.641660 567.466700
v 361.783300 23.641660 568.516700
v 359.450000 23.641660 568.516700
v 360.383300 23.641660 568.866700
v 362.950000 23.641660 568.516700
v 362.366700 23.641660 568.516700
v 362.600000 23.641660 568.866700
v 359.566700 23.641660 581.350000
v 361.666700 23.641660 581.350000
v 360.500000 23.641660 581.000000
v 362.366700 23.641660 581.350000
v 362.716700 23.641660 581.350000
v 362.483300 23.641660 581.116700
v 363.416700 23.641660 581.933300
v 362.716700 23.641660 581.350000
v 362.366700 23.641660 581.350000
v 363.416700 23.641660 581.933300
v 362.366700 23.641660 581.350000
v 361.666700 23.641660 581.350000
v 361.666700 23.641660 581.350000
v 359.566700 23.641660 581.350000
v 358.400000 23.641660 581.583300
v 358.400000 23.641660 597.333300
v 363.416700 23.641660 597.333300
v 363.416700 23.641660 581.933300
v 325.383300 23.641660 616.583300
v 327.250000 23.641660 616.583300
v 328.533300 23.641660 616.233300
v 324.450000 23.641660 616.583300
v 325.383300 23.641660 616.583300
v 328.533300 23.641660 616.233300
v 323.400000 23.641660 616.583300
v 324.450000 23.641660 616.583300
v 328.533300 23.641660 616.233300
v 328.533300 23.641660 597.333300
v 323.400000 23.641660 597.333300
v 323.400000 23.641660 616.583300
v 323.633300 23.641660 617.283300
v 323.866700 23.641660 617.283300
v 324.450000 23.641660 616.583300
v 327.250000 23.641660 616.583300
v 325.383300 23.641660 616.583300
v 325.850000 23.641660 616.816700
v 326.783300 23.641660 616.816700
v 328.533300 23.641660 616.233300
v 331.683300 23.641660 615.533300
v 332.616700 23.641660 614.833300
v 328.533300 23.641660 597.333300
v 353.033300 23.641660 614.833300
v 333.900000 23.641660 614.833300
v 334.716600 23.641660 615.416600
v 336.116700 23.641660 615.533300
v 350.816700 23.641660 615.533300
v 352.216700 23.641660 615.416600
v 353.033300 23.641660 614.833300
v 354.316700 23.641660 614.833300
v 358.400000 23.641660 597.333300
v 328.533300 23.641660 597.333300
v 332.616700 23.641660 614.833300
v 333.900000 23.641660 614.833300
v 333.900000 23.641660 614.833300
v 353.033300 23.641660 614.833300
v 358.400000 23.641660 597.333300
v 328.533300 23.641660 597.333300
v 332.500000 30.175000 605.500000
v 337.050000 30.175000 605.500000
v 336.700000 30.175000 605.150000
v 336.700000 30.175000 605.150000
v 336.700000 27.550000 597.333300
v 332.500000 27.550000 597.333300
v 332.500000 30.175000 605.500000
v 347.433300 30.175000 605.150000
v 347.083300 30.175000 605.500000
v 351.633300 30.175000 605.500000
v 351.633300 27.550000 597.333300
v 347.433300 27.550000 597.333300
v 347.433300 30.175000 605.150000
v 351.633300 30.175000 605.500000
v 337.050000 30.175000 605.500000
v 332.500000 30.175000 605.500000
v 332.500000 30.175000 609.700000
v 351.633300 30.175000 609.700000
v 351.633300 30.175000 605.500000
v 347.083300 30.175000 605.500000
v 347.083300 30.175000 605.500000
v 337.050000 30.175000 605.500000
v 332.500000 30.175000 609.700000
v 351.633300 30.175000 609.700000
v 336.116700 23.641660 615.533300
v 337.166700 23.641660 616.583300
v 349.766700 23.641660 616.583300
v 350.816700 23.641660 615.533300
v 354.316700 23.641660 614.833300
v 355.366700 23.641660 615.533300
v 358.400000 23.641660 616.233300
v 358.400000 23.641660 597.333300
v 358.400000 23.641660 616.233300
v 359.800000 23.641660 616.583300
v 361.666700 23.641660 616.583300
v 358.400000 23.641660 616.233300
v 361.666700 23.641660 616.583300
v 362.483300 23.641660 616.583300
v 358.400000 23.641660 616.233300
v 362.483300 23.641660 616.583300
v 363.300000 23.641660 616.583300
v 363.416700 23.641660 597.333300
v 358.400000 23.641660 597.333300
v 361.666700 23.641660 616.583300
v 359.800000 23.641660 616.583300
v 360.266700 23.641660 616.816700
v 363.300000 23.641660 616.583300
v 362.483300 23.641660 616.583300
v 362.833300 23.641660 617.050000
f 1 2 3
f 1 3 4
f 1 4 5
f 6 7 8
f 9 10 11
f 12 13 14
f 15 16 17
f 18 19 20
f 18 20 21
f 18 21 22
f 18 22 23
f 24 25 26
f 27 28 29
f 30 31 32
f 33 34 35
f 36 37 38
f 39 40 41
f 39 41 42
f 39 42 43
f 39 43 44
f 45 46 47
f 45 47 48
f 45 48 49
f 45 49 50
f 51 52 53
f 51 53 54
f 55 56 57
f 55 57 58
f 59 60 61
f 59 61 62
f 63 64 65
f 66 67 68
f 69 70 71
f 69 71 72
f 73 74 75
f 73 75 76
f 73 76 77
f 78 79 80
f 78 80 81
f 82 83 84
f 82 84 85
f 86 87 88
f 89 90 91
f 89 91 92
f 89 92 93
f 89 93 94
f 95 96 97
f 98 99 100
f 101 102 103
f 104 105 106
f 107 108 109
f 107 109 110
f 107 110 111
f 112 113 114
f 115 116 117
f 118 119 120
f 121 122 123
f 124 125 126
f 124 126 127
f 128 129 130
f 128 130 131
f 128 131 132
f 133 134 135
f 136 137 138
f 139 140 141
f 139 141 142
f 143 144 145
f 143 145 146
f 147 148 149
f 150 151 152
f 150 152 153
f 154 155 156
f 157 158 159
f 157 159 160
f 161 162 163
f 164 165 166
f 167 168 169
f 170 171 172
f 170 172 173
f 170 173 174
f 175 176 177
f 175 177 178
f 175 178 179
f 180 181 182
f 183 184 185
f 186 187 188
f 186 188 189
f 186 189 190
f 186 190 191
f 192 193 194
f 195 196 197
f 195 197 198
f 195 198 199
f 195 199 200
f 201 202 203
f 204 205 206
f 207 208 209
f 210 211 212
f 213 214 215
f 216 217 218
f 219 220 221
f 219 221 222
f 223 224 225
f 223 225 226
f 227 228 229
f 227 229 230
f 231 232 233
f 234 235 236
f 234 236 237
f 234 237 238
f 234 238 239
f 240 241 242
f 243 244 245
f 243 245 246
f 247 248 249
f 250 251 252
f 250 252 253
f 254 255 256
f 257 258 259
f 260 261 262
f 263 264 265
f 263 265 266
f 263 266 267
f 263 267 268
f 269 270 271
f 272 273 274
f 275 276 277
f 278 279 280
f 281 282 283
f 281 283 284
f 285 286 287
f 288 289 290
f 291 292 293
f 291 293 294
f 295 296 297
f 298 299 300
f 301 302 303
f 304 305 306
f 307 308 309
f 307 309 310
f 307 310 311
f 312 313 314
f 312 314 315
f 316 317 318
f 319 320 321
f 322 323 324
f 325 326 327
f 325 327 328
f 329 330 331
f 329 331 332
f 329 332 333
f 329 333 334
f 335 336 337
f 338 339 340
f 341 342 343
f 341 343 344
f 341 344 345
f 341 345 346
f 347 348 349
f 347 349 350
f 351 352 353
f 354 355 356
f 354 356 357
f 358 359 360
f 361 362 363
f 361 363 364
f 365 366 367
f 368 369 370
f 368 370 371
f 372 373 374
f 375 376 377
f 375 377 378
f 375 378 379
f 375 379 380
f 381 382 383
f 381 383 384
f 381 384 385
f 381 385 386
f 387 388 389
f 387 389 390
f 391 392 393
f 391 393 394
f 395 396 397
f 395 397 398
f 399 400 401
f 399 401 402
f 399 402 403
f 404 405 406
f 407 408 409
f 407 409 410
f 407 410 411
f 412 413 414
f 412 414 415
f 416 417 418
f 416 418 419
f 416 419 420
f 421 422 423
f 424 425 426
f 427 428 429
f 430 431 432
f 433 434 435
f 433 435 436
f 437 438 439
f 440 441 442
f 443 444 445
f 446 447 448
f 446 448 449
f 450 451 452
f 450 452 453
f 454 455 456
f 454 456 457
f 454 457 458
f 459 460 461
f 462 463 464
f 462 464 465
f 466 467 468
f 469 470 471
f 472 473 474
f 472 474 475
f 472 475 476
f 477 478 479
f 477 479 480
f 477 480 481
f 482 483 484
f 485 486 487
f 488 489 490
f 491 492 493
f 491 493 494
f 495 496 497
f 498 499 500
f 498 500 501
f 502 503 504
f 505 506 507
f 505 507 508
f 509 510 511
f 512 513 514
f 515 516 517
f 518 519 520
f 521 522 523
f 524 525 526
f 527 528 529
f 527 529 530
f 531 532 533
f 531 533 534
f 535 536 537
f 538 539 540
f 541 542 543
f 541 543 544
f 545 546 547
f 545 547 548
f 549 550 551
f 549 551 552
f 549 552 553
f 554 555 556
f 557 558 559
f 557 559 560
f 561 562 563
f 564 565 566
f 567 568 569
f 570 571 572
f 570 572 573
f 574 575 576
f 577 578 579
f 580 581 582
f 583 584 585
f 583 585 586
f 587 588 589
f 590 591 592
f 590 592 593
f 594 595 596
f 597 598 599
f 600 601 602
f 600 602 603
f 604 605 606
f 604 606 607
f 608 609 610
f 611 612 613
f 611 613 614
f 615 616 617
f 618 619 620
f 621 622 623
f 624 625 626
f 627 628 629
f 630 631 632
f 630 632 633
f 634 635 636
f 637 638 639
f 640 641 642
f 640 642 643
f 644 645 646
f 647 648 649
f 647 649 650
f 651 652 653
f 651 653 654
f 655 656 657
f 655 657 658
f 655 658 659
f 660 661 662
f 663 664 665
f 663 665 666
f 667 668 669
f 670 671 672
f 673 674 675
f 676 677 678
f 679 680 681
f 679 681 682
f 683 684 685
f 683 685 686
f 687 688 689
f 690 691 692
f 690 692 693
f 694 695 696
f 697 698 699
f 697 699 700
f 701 702 703
f 701 703 704
f 705 706 707
f 708 709 710
f 708 710 711
f 708 711 712
f 713 714 715
f 713 715 716
f 717 718 719
f 720 721 722
f 723 724 725
f 726 727 728
f 726 728 729
f 730 731 732
f 733 734 735
f 733 735 736
f 737 738 739
f 740 741 742
f 743 744 745
f 743 745 746
f 747 748 749
f 750 751 752
f 753 754 755
f 753 755 756
f 753 756 757
f 758 759 760
f 761 762 763
f 764 765 766
f 764 766 767
f 764 767 768
f 764 768 769
f 770 771 772
f 770 772 773
f 774 775 776
f 777 778 779
f 777 779 780
f 781 782 783
f 784 785 786
f 784 786 787
f 788 789 790
f 791 792 793
f 794 795 796
f 794 796 797
f 798 799 800
f 801 802 803
f 804 805 806
f 804 806 807
f 804 807 808
f 809 810 811
f 809 811 812
f 809 812 813
f 814 815 816
f 817 818 819
f 820 821 822
f 823 824 825
f 823 825 826
f 827 828 829
f 827 829 830
f 831 832 833
f 831 833 834
f 835 836 837
f 838 839 840
f 838 840 841
f 842 843 844
f 842 844 845
f 846 847 848
f 849 850 851
f 849 851 852
f 853 854 855
f 853 855 856
f 857 858 859
f 860 861 862
f 863 864 865
f 866 867 868
f 869 870 871
f 869 871 872
f 873 874 875
f 876 877 878
f 876 878 879
f 880 881 882
f 880 882 883
f 880 883 884
f 885 886 887
f 888 889 890
f 891 892 893
f 894 895 896
f 894 896 897
f 894 897 898
f 894 898 899
f 900 901 902
f 900 902 903
f 904 905 906
f 904 906 907
f 908 909 910
f 911 912 913
f 914 915 916
f 914 916 917
f 918 919 920
f 921 922 923
f 921 923 924
f 925 926 927
f 928 929 930
f 928 930 931
f 928 931 932
f 933 934 935
f 933 935 936
f 937 938 939
f 937 939 940
f 937 940 941
f 937 941 942
f 943 944 945
f 943 945 946
f 947 948 949
f 947 949 950
f 951 952 953
f 951 953 954
f 955 956 957
f 955 957 958
f 959 960 961
f 959 961 962
f 963 964 965
f 963 965 966
f 967 968 969
f 970 971 972
f 973 974 975
f 973 975 976
f 977 978 979
f 980 981 982
f 983 984 985
f 983 985 986
f 983 986 987
f 983 987 988
f 989 990 991
f 992 993 994
f 995 996 997
f 998 999 1000
f 998 1000 1001
f 1002 1003 1004
f 1002 1004 1005
f 1006 1007 1008
f 1009 1010 1011
f 1012 1013 1014
f 1012 1014 1015
f 1016 1017 1018
f 1016 1018 1019
f 1020 1021 1022
f 1023 1024 1025
f 1023 1025 1026
f 1027 1028 1029
f 1030 1031 1032
f 1033 1034 1035
f 1033 1035 1036
f 1037 1038 1039
f 1037 1039 1040
f 1041 1042 1043
f 1044 1045 1046
f 1047 1048 1049
f 1047 1049 1050
f 1047 1050 1051
f 1052 1053 1054
f 1055 1056 1057
f 1055 1057 1058
f 1059 1060 1061
f 1059 1061 1062
f 1063 1064 1065
f 1063 1065 1066
f 1067 1068 1069
f 1067 1069 1070
f 1071 1072 1073
f 1071 1073 1074
f 1075 1076 1077
f 1075 1077 1078
f 1079 1080 1081
f 1079 1081 1082
f 1083 1084 1085
f 1083 1085 1086
f 1087 1088 1089
f 1087 1089 1090
f 1087 1090 1091
f 1092 1093 1094
f 1092 1094 1095
f 1096 1097 1098
f 1096 1098 1099
f 1100 1101 1102
f 1100 1102 1103
f 1104 1105 1106
f 1107 1108 1109
f 1110 1111 1112
f 1110 1112 1113
f 1110 1113 1114
f 1115 1116 1117
f 1118 1119 1120
f 1121 1122 1123
f 1121 1123 1124
f 1125 1126 1127
f 1125 1127 1128
f 1129 1130 1131
f 1129 1131 1132
f 1133 1134 1135
f 1133 1135 1136
f 1137 1138 1139
f 1140 1141 1142
f 1143 1144 1145
f 1146 1147 1148
f 1149 1150 1151
f 1152 1153 1154
f 1152 1154 1155
f 1152 1155 1156
f 1157 1158 1159
f 1160 1161 1162
f 1163 1164 1165
f 1163 1165 1166
f 1167 1168 1169
f 1167 1169 1170
f 1171 1172 1173
f 1174 1175 1176
f 1177 1178 1179
f 1177 1179 1180
f 1181 1182 1183
f 1181 1183 1184
f 1185 1186 1187
f 1185 1187 1188
f 1185 1188 1189
f 1185 1189 1190
f 1191 1192 1193
f 1191 1193 1194
f 1195 1196 1197
f 1195 1197 1198
f 1199 1200 1201
f 1199 1201 1202
f 1203 1204 1205
f 1203 1205 1206
f 1207 1208 1209
f 1207 1209 1210
f 1211 1212 1213
f 1211 1213 1214
f 1215 1216 1217
f 1215 1217 1218
f 1219 1220 1221
f 1219 1221 1222
f 1223 1224 1225
f 1223 1225 1226
f 1227 1228 1229
f 1227 1229 1230
f 1231 1232 1233
f 1231 1233 1234
f 1235 1236 1237
f 1235 1237 1238
f 1239 1240 1241
f 1239 1241 1242
f 1239 1242 1243
f 1239 1243 1244
f 1245 1246 1247
f 1245 1247 1248
f 1249 1250 1251
f 1249 1251 1252
f 1249 1252 1253
f 1249 1253 1254
f 1255 1256 1257
f 1255 1257 1258
f 1255 1258 1259
f 1260 1261 1262
f 1263 1264 1265
f 1266 1267 1268
f 1269 1270 1271
f 1269 1271 1272
f 1269 1272 1273
f 1274 1275 1276
f 1277 1278 1279
f 1280 1281 1282
f 1283 1284 1285
f 1283 1285 1286
f 1283 1286 1287
f 1283 1287 1288
f 1289 1290 1291
f 1289 1291 1292
f 1293 1294 1295
f 1296 1297 1298
f 1299 1300 1301
f 1302 1303 1304
f 1305 1306 1307
f 1308 1309 1310
f 1311 1312 1313
f 1311 1313 1314
f 1315 1316 1317
f 1315 1317 1318
f 1319 1320 1321
f 1319 1321 1322
f 1319 1322 1323
f 1324 1325 1326
f 1324 1326 1327
f 1328 1329 1330
f 1331 1332 1333
f 1331 1333 1334
f 1335 1336 1337
f 1338 1339 1340
f 1341 1342 1343
f 1344 1345 1346
f 1347 1348 1349
f 1347 1349 1350
f 1347 1350 1351
f 1347 1351 1352
f 1353 1354 1355
f 1356 1357 1358
f 1356 1358 1359
f 1360 1361 1362
f 1363 1364 1365
f 1363 1365 1366
f 1367 1368 1369
f 1370 1371 1372
f 1370 1372 1373
f 1370 1373 1374
f 1375 1376 1377
f 1378 1379 1380
f 1381 1382 1383
f 1384 1385 1386
f 1384 1386 1387
f 1384 1387 1388
f 1389 1390 1391
f 1392 1393 1394
f 1392 1394 1395
f 1396 1397 1398
f 1396 1398 1399
f 1400 1401 1402
f 1403 1404 1405
f 1406 1407 1408
f 1409 1410 1411
f 1409 1411 1412
f 1413 1414 1415
f 1416 1417 1418
f 1419 1420 1421
f 1422 1423 1424
f 1422 1424 1425
f 1426 1427 1428
f 1429 1430 1431
f 1432 1433 1434
f 1435 1436 1437
f 1435 1437 1438
f 1439 1440 1441
f 1442 1443 1444
f 1445 1446 1447
f 1448 1449 1450
f 1448 1450 1451
f 1448 1451 1452
f 1453 1454 1455
f 1456 1457 1458
f 1459 1460 1461
f 1462 1463 1464
f 1465 1466 1467
f 1468 1469 1470
f 1471 1472 1473
f 1474 1475 1476
f 1474 1476 1477
f 1478 1479 1480
f 1478 1480 1481
f 1482 1483 1484
f 1485 1486 1487
f 1488 1489 1490
f 1491 1492 1493
f 1494 1495 1496
f 1497 1498 1499
f 1497 1499 1500
f 1501 1502 1503
f 1501 1503 1504
f 1505 1506 1507
f 1508 1509 1510
f 1511 1512 1513
f 1514 1515 1516
f 1514 1516 1517
f 1518 1519 1520
f 1521 1522 1523
f 1521 1523 1524
f 1521 1524 1525
f 1526 1527 1528
f 1526 1528 1529
f 1530 1531 1532
f 1533 1534 1535
f 1533 1535 1536
f 1533 1536 1537
f 1538 1539 1540
f 1538 1540 1541
f 1542 1543 1544
f 1542 1544 1545
f 1546 1547 1548
f 1549 1550 1551
f 1552 1553 1554
f 1552 1554 1555
f 1556 1557 1558
f 1559 1560 1561
f 1562 1563 1564
f 1565 1566 1567
f 1568 1569 1570
f 1571 1572 1573
f 1574 1575 1576
f 1574 1576 1577
f 1578 1579 1580
f 1578 1580 1581
f 1582 1583 1584
f 1585 1586 1587
f 1588 1589 1590
f 1591 1592 1593
f 1591 1593 1594
f 1591 1594 1595
f 1596 1597 1598
f 1599 1600 1601
f 1599 1601 1602
f 1599 1602 1603
f 1599 1603 1604
f 1605 1606 1607
f 1608 1609 1610
f 1611 1612 1613
f 1611 1613 1614
f 1615 1616 1617
f 1618 1619 1620
f 1618 1620 1621
f 1618 1621 1622
f 1623 1624 1625
f 1626 1627 1628
f 1626 1628 1629
f 1630 1631 1632
f 1630 1632 1633
f 1634 1635 1636
f 1634 1636 1637
f 1638 1639 1640
f 1641 1642 1643
f 1644 1645 1646
f 1644 1646 1647
f 1648 1649 1650
f 1648 1650 1651
f 1648 1651 1652
f 1648 1652 1653
f 1654 1655 1656
f 1657 1658 1659
f 1660 1661 1662
f 1660 1662 1663
f 1664 1665 1666
f 1667 1668 1669
f 1670 1671 1672
f 1670 1672 1673
f 1674 1675 1676
f 1674 1676 1677
f 1678 1679 1680
f 1681 1682 1683
f 1681 1683 1684
f 1685 1686 1687
f 1685 1687 1688
f 1685 1688 1689
f 1690 1691 1692
f 1693 1694 1695
f 1693 1695 1696
f 1697 1698 1699
f 1700 1701 1702
f 1703 1704 1705
f 1706 1707 1708
f 1706 1708 1709
f 1710 1711 1712
f 1713 1714 1715
f 1716 1717 1718
f 1719 1720 1721
f 1722 1723 1724
f 1725 1726 1727
f 1725 1727 1728
f 1725 1728 1729
f 1730 1731 1732
f 1733 1734 1735
f 1736 1737 1738
f 1739 1740 1741
f 1742 1743 1744
f 1745 1746 1747
f 1748 1749 1750
f 1751 1752 1753
f 1751 1753 1754
f 1755 1756 1757
f 1758 1759 1760
f 1761 1762 1763
f 1764 1765 1766
f 1767 1768 1769
f 1767 1769 1770
f 1771 1772 1773
f 1771 1773 1774
f 1775 1776 1777
f 1778 1779 1780
f 1778 1780 1781
f 1778 1781 1782
f 1783 1784 1785
f 1786 1787 1788
f 1789 1790 1791
f 1792 1793 1794
f 1795 1796 1797
f 1795 1797 1798
f 1795 1798 1799
f 1800 1801 1802
f 1803 1804 1805
f 1803 1805 1806
f 1807 1808 1809
f 1807 1809 1810
f 1811 1812 1813
f 1814 1815 1816
f 1817 1818 1819
f 1817 1819 1820
f 1821 1822 1823
f 1824 1825 1826
f 1824 1826 1827
f 1828 1829 1830
f 1828 1830 1831
f 1832 1833 1834
f 1835 1836 1837
f 1838 1839 1840
f 1838 1840 1841
f 1842 1843 1844
f 1842 1844 1845
f 1846 1847 1848
f 1849 1850 1851
f 1852 1853 1854
f 1855 1856 1857
f 1855 1857 1858
f 1859 1860 1861
f 1859 1861 1862
f 1863 1864 1865
f 1866 1867 1868
f 1869 1870 1871
f 1872 1873 1874
f 1872 1874 1875
f 1876 1877 1878
f 1879 1880 1881
f 1879 1881 1882
f 1883 1884 1885
f 1886 1887 1888
f 1886 1888 1889
f 1890 1891 1892
f 1893 1894 1895
f 1896 1897 1898
f 1899 1900 1901
f 1902 1903 1904
f 1905 1906 1907
f 1905 1907 1908
f 1909 1910 1911
f 1912 1913 1914
f 1915 1916 1917
f 1918 1919 1920
f 1921 1922 1923
f 1921 1923 1924
f 1925 1926 1927
f 1928 1929 1930
f 1928 1930 1931
f 1928 1931 1932
f 1933 1934 1935
f 1936 1937 1938
f 1939 1940 1941
f 1942 1943 1944
f 1942 1944 1945
f 1946 1947 1948
f 1949 1950 1951
f 1949 1951 1952
f 1953 1954 1955
f 1956 1957 1958
f 1956 1958 1959
f 1960 1961 1962
f 1960 1962 1963
f 1964 1965 1966
f 1967 1968 1969
f 1967 1969 1970
f 1971 1972 1973
f 1974 1975 1976
f 1977 1978 1979
f 1980 1981 1982
f 1980 1982 1983
f 1984 1985 1986
f 1984 1986 1987
f 1984 1987 1988
f 1989 1990 1991
f 1992 1993 1994
f 1992 1994 1995
f 1992 1995 1996
f 1992 1996 1997
f 1998 1999 2000
f 2001 2002 2003
f 2004 2005 2006
f 2007 2008 2009
f 2010 2011 2012
f 2013 2014 2015
f 2016 2017 2018
f 2019 2020 2021
f 2019 2021 2022
f 2023 2024 2025
f 2026 2027 2028
f 2029 2030 2031
f 2032 2033 2034
f 2035 2036 2037
f 2038 2039 2040
f 2041 2042 2043
f 2041 2043 2044
f 2045 2046 2047
f 2048 2049 2050
f 2051 2052 2053
f 2054 2055 2056
f 2054 2056 2057
f 2058 2059 2060
f 2061 2062 2063
f 2064 2065 2066
f 2067 2068 2069
f 2070 2071 2072
f 2070 2072 2073
f 2070 2073 2074
f 2075 2076 2077
f 2075 2077 2078
f 2079 2080 2081
f 2082 2083 2084
f 2085 2086 2087
f 2085 2087 2088
f 2089 2090 2091
f 2092 2093 2094
f 2095 2096 2097
f 2095 2097 2098
f 2099 2100 2101
f 2102 2103 2104
f 2105 2106 2107
f 2105 2107 2108
f 2105 2108 2109
f 2110 2111 2112
f 2110 2112 2113
f 2110 2113 2114
f 2115 2116 2117
f 2115 2117 2118
f 2119 2120 2121
f 2119 2121 2122
f 2119 2122 2123
f 2119 2123 2124
f 2125 2126 2127
f 2128 2129 2130
f 2128 2130 2131
f 2132 2133 2134
f 2135 2136 2137
f 2138 2139 2140
f 2138 2140 2141
f 2138 2141 2142
f 2138 2142 2143
f 2144 2145 2146
f 2147 2148 2149
f 2150 2151 2152
f 2153 2154 2155
f 2156 2157 2158
f 2156 2158 2159
f 2160 2161 2162
f 2160 2162 2163
f 2160 2163 2164
f 2165 2166 2167
f 2168 2169 2170
f 2171 2172 2173
f 2174 2175 2176
f 2177 2178 2179
f 2180 2181 2182
f 2183 2184 2185
f 2186 2187 2188
f 2186 2188 2189
f 2186 2189 2190
f 2191 2192 2193
f 2194 2195 2196
f 2197 2198 2199
f 2200 2201 2202
f 2200 2202 2203
f 2204 2205 2206
f 2204 2206 2207
f 2208 2209 2210
f 2211 2212 2213
f 2211 2213 2214
f 2215 2216 2217
f 2218 2219 2220
f 2218 2220 2221
f 2222 2223 2224
f 2225 2226 2227
f 2228 2229 2230
f 2228 2230 2231
f 2232 2233 2234
f 2235 2236 2237
f 2235 2237 2238
f 2239 2240 2241
f 2242 2243 2244
f 2242 2244 2245
f 2242 2245 2246
f 2242 2246 2247
f 2248 2249 2250
f 2251 2252 2253
f 2254 2255 2256
f 2257 2258 2259
f 2260 2261 2262
f 2260 2262 2263
f 2264 2265 2266
f 2264 2266 2267
f 2264 2267 2268
f 2269 2270 2271
f 2272 2273 2274
f 2275 2276 2277
f 2278 2279 2280
f 2278 2280 2281
f 2282 2283 2284
f 2285 2286 2287
f 2285 2287 2288
f 2289 2290 2291
f 2292 2293 2294
f 2292 2294 2295
f 2292 2295 2296
f 2297 2298 2299
f 2300 2301 2302
f 2300 2302 2303
f 2304 2305 2306
f 2307 2308 2309
f 2307 2309 2310
f 2311 2312 2313
f 2311 2313 2314
f 2311 2314 2315
f 2311 2315 2316
f 2317 2318 2319
f 2317 2319 2320
f 2321 2322 2323
f 2321 2323 2324
f 2325 2326 2327
f 2328 2329 2330
f 2331 2332 2333
f 2334 2335 2336
f 2334 2336 2337
f 2338 2339 2340
f 2338 2340 2341
f 2338 2341 2342
f 2343 2344 2345
f 2343 2345 2346
f 2347 2348 2349
f 2347 2349 2350
f 2351 2352 2353
f 2354 2355 2356
f 2354 2356 2357
f 2358 2359 2360
f 2358 2360 2361
f 2358 2361 2362
f 2363 2364 2365
f 2366 2367 2368
f 2369 2370 2371
f 2372 2373 2374
f 2372 2374 2375
f 2376 2377 2378
f 2376 2378 2379
f 2376 2379 2380
f 2376 2380 2381
f 2382 2383 2384
f 2382 2384 2385
f 2386 2387 2388
f 2386 2388 2389
f 2390 2391 2392
f 2393 2394 2395
f 2393 2395 2396
f 2397 2398 2399
f 2400 2401 2402
f 2403 2404 2405
f 2406 2407 2408
f 2406 2408 2409
f 2410 2411 2412
f 2410 2412 2413
f 2414 2415 2416
f 2417 2418 2419
f 2417 2419 2420
f 2421 2422 2423
f 2421 2423 2424
f 2421 2424 2425
f 2426 2427 2428
f 2429 2430 2431
f 2432 2433 2434
f 2435 2436 2437
f 2435 2437 2438
f 2439 2440 2441
f 2439 2441 2442
f 2443 2444 2445
f 2446 2447 2448
f 2446 2448 2449
f 2450 2451 2452
f 2450 2452 2453
f 2454 2455 2456
f 2454 2456 2457
f 2454 2457 2458
f 2459 2460 2461
f 2459 2461 2462
f 2463 2464 2465
f 2463 2465 2466
f 2463 2466 2467
f 2468 2469 2470
f 2468 2470 2471
f 2472 2473 2474
f 2472 2474 2475
f 2472 2475 2476
f 2472 2476 2477
f 2478 2479 2480
f 2478 2480 2481
f 2482 2483 2484
f 2485 2486 2487
f 2488 2489 2490
f 2488 2490 2491
f 2492 2493 2494
f 2495 2496 2497
f 2498 2499 2500
f 2501 2502 2503
f 2504 2505 2506
f 2507 2508 2509
f 2510 2511 2512
f 2513 2514 2515
f 2516 2517 2518
f 2519 2520 2521
f 2522 2523 2524
f 2525 2526 2527
f 2528 2529 2530
f 2531 2532 2533
f 2531 2533 2534
f 2531 2534 2535
f 2536 2537 2538
f 2539 2540 2541
f 2542 2543 2544
f 2542 2544 2545
f 2546 2547 2548
f 2549 2550 2551
f 2549 2551 2552
f 2553 2554 2555
f 2556 2557 2558
f 2559 2560 2561
f 2562 2563 2564
f 2565 2566 2567
f 2568 2569 2570
f 2571 2572 2573
f 2571 2573 2574
f 2575 2576 2577
f 2575 2577 2578
f 2575 2578 2579
f 2580 2581 2582
f 2580 2582 2583
f 2580 2583 2584
f 2585 2586 2587
f 2585 2587 2588
f 2589 2590 2591
f 2592 2593 2594
f 2595 2596 2597
f 2595 2597 2598
f 2595 2598 2599
f 2595 2599 2600
f 2601 2602 2603
f 2601 2603 2604
f 2605 2606 2607
f 2605 2607 2608
f 2605 2608 2609
f 2605 2609 2610
f 2611 2612 2613
f 2614 2615 2616
f 2617 2618 2619
f 2620 2621 2622
f 2623 2624 2625
f 2623 2625 2626
f 2623 2626 2627
f 2623 2627 2628
f 2629 2630 2631
f 2632 2633 2634
f 2635 2636 2637
f 2635 2637 2638
f 2639 2640 2641
f 2642 2643 2644
f 2645 2646 2647
f 2648 2649 2650
f 2648 2650 2651
f 2648 2651 2652
f 2653 2654 2655
f 2656 2657 2658
f 2659 2660 2661
f 2662 2663 2664
f 2665 2666 2667
f 2665 2667 2668
f 2669 2670 2671
f 2672 2673 2674
f 2675 2676 2677
f 2678 2679 2680
f 2681 2682 2683
f 2684 2685 2686
f 2684 2686 2687
f 2688 2689 2690
f 2691 2692 2693
f 2694 2695 2696
f 2694 2696 2697
f 2698 2699 2700
f 2698 2700 2701
f 2702 2703 2704
f 2705 2706 2707
f 2705 2707 2708
f 2709 2710 2711
f 2709 2711 2712
f 2713 2714 2715
f 2716 2717 2718
f 2716 2718 2719
f 2720 2721 2722
f 2720 2722 2723
f 2720 2723 2724
f 2725 2726 2727
f 2725 2727 2728
f 2725 2728 2729
f 2725 2729 2730
f 2731 2732 2733
f 2734 2735 2736
f 2734 2736 2737
f 2738 2739 2740
f 2738 2740 2741
f 2738 2741 2742
f 2743 2744 2745
f 2743 2745 2746
f 2743 2746 2747
f 2743 2747 2748
f 2749 2750 2751
f 2752 2753 2754
f 2755 2756 2757
f 2758 2759 2760
f 2758 2760 2761
f 2762 2763 2764
f 2762 2764 2765
f 2766 2767 2768
f 2769 2770 2771
f 2769 2771 2772
f 2773 2774 2775
f 2776 2777 2778
f 2779 2780 2781
f 2779 2781 2782
f 2779 2782 2783
f 2784 2785 2786
f 2784 2786 2787
f 2784 2787 2788
f 2789 2790 2791
f 2789 2791 2792
f 2793 2794 2795
f 2796 2797 2798
f 2796 2798 2799
f 2800 2801 2802
f 2803 2804 2805
f 2806 2807 2808
f 2806 2808 2809
f 2806 2809 2810
f 2811 2812 2813
f 2814 2815 2816
f 2814 2816 2817
f 2814 2817 2818
f 2814 2818 2819
f 2820 2821 2822
f 2823 2824 2825
f 2826 2827 2828
f 2829 2830 2831
f 2829 2831 2832
f 2833 2834 2835
f 2836 2837 2838
f 2839 2840 2841
f 2842 2843 2844
f 2842 2844 2845
f 2846 2847 2848
f 2846 2848 2849
f 2850 2851 2852
f 2853 2854 2855
f 2856 2857 2858
f 2856 2858 2859
f 2856 2859 2860
f 2856 2860 2861
f 2862 2863 2864
f 2862 2864 2865
f 2866 2867 2868
f 2869 2870 2871
f 2872 2873 2874
f 2875 2876 2877
f 2878 2879 2880
f 2881 2882 2883
f 2881 2883 2884
f 2885 2886 2887
f 2888 2889 2890
f 2891 2892 2893
f 2894 2895 2896
f 2894 2896 2897
f 2898 2899 2900
f 2898 2900 2901
f 2898 2901 2902
f 2903 2904 2905
f 2906 2907 2908
f 2909 2910 2911
f 2912 2913 2914
f 2915 2916 2917
f 2918 2919 2920
f 2921 2922 2923
f 2921 2923 2924
f 2925 2926 2927
f 2928 2929 2930
f 2931 2932 2933
f 2934 2935 2936
f 2937 2938 2939
f 2940 2941 2942
f 2943 2944 2945
f 2946 2947 2948
f 2949 2950 2951
f 2952 2953 2954
f 2955 2956 2957
f 2955 2957 2958
f 2959 2960 2961
f 2962 2963 2964
f 2962 2964 2965
f 2966 2967 2968
f 2966 2968 2969
f 2970 2971 2972
f 2970 2972 2973
f 2974 2975 2976
f 2974 2976 2977
f 2974 2977 2978
f 2979 2980 2981
f 2982 2983 2984
f 2982 2984 2985
f 2982 2985 2986
f 2982 2986 2987
f 2988 2989 2990
f 2991 2992 2993
f 2994 2995 2996
f 2994 2996 2997
f 2998 2999 3000
f 3001 3002 3003
f 3001 3003 3004
f 3005 3006 3007
f 3005 3007 3008
f 3009 3010 3011
f 3009 3011 3012
f 3013 3014 3015
f 3016 3017 3018
f 3016 3018 3019
f 3020 3021 3022
f 3020 3022 3023
f 3020 3023 3024
f 3025 3026 3027
f 3025 3027 3028
f 3029 3030 3031
f 3029 3031 3032
f 3029 3032 3033
f 3034 3035 3036
f 3034 3036 3037
f 3034 3037 3038
f 3034 3038 3039
f 3040 3041 3042
f 3040 3042 3043
f 3044 3045 3046
f 3044 3046 3047
f 3048 3049 3050
f 3048 3050 3051
f 3052 3053 3054
f 3052 3054 3055
f 3056 3057 3058
f 3056 3058 3059
f 3060 3061 3062
f 3060 3062 3063
f 3064 3065 3066
f 3064 3066 3067
f 3068 3069 3070
f 3071 3072 3073
f 3074 3075 3076
f 3074 3076 3077
f 3078 3079 3080
f 3078 3080 3081
f 3078 3081 3082
f 3078 3082 3083
f 3084 3085 3086
f 3087 3088 3089
f 3087 3089 3090
f 3091 3092 3093
f 3094 3095 3096
f 3094 3096 3097
f 3098 3099 3100
f 3101 3102 3103
f 3104 3105 3106
f 3104 3106 3107
f 3108 3109 3110
f 3108 3110 3111
f 3112 3113 3114
f 3115 3116 3117
f 3115 3117 3118
f 3119 3120 3121
f 3119 3121 3122
f 3123 3124 3125
f 3123 3125 3126
f 3127 3128 3129
f 3130 3131 3132
f 3130 3132 3133
f 3134 3135 3136
f 3134 3136 3137
f 3138 3139 3140
f 3141 3142 3143
f 3144 3145 3146
f 3144 3146 3147
f 3148 3149 3150
f 3148 3150 3151
f 3152 3153 3154
f 3152 3154 3155
f 3156 3157 3158
f 3156 3158 3159
f 3160 3161 3162
f 3160 3162 3163
f 3164 3165 3166
f 3164 3166 3167
f 3168 3169 3170
f 3168 3170 3171
f 3172 3173 3174
f 3172 3174 3175
f 3176 3177 3178
f 3179 3180 3181
f 3182 3183 3184
f 3182 3184 3185
f 3186 3187 3188
f 3189 3190 3191
f 3192 3193 3194
f 3195 3196 3197
f 3198 3199 3200
f 3201 3202 3203
f 3201 3203 3204
f 3201 3204 3205
f 3201 3205 3206
f 3207 3208 3209
f 3210 3211 3212
f 3213 3214 3215
f 3213 3215 3216
f 3217 3218 3219
f 3217 3219 3220
f 3217 3220 3221
f 3222 3223 3224
f 3225 3226 3227
f 3228 3229 3230
f 3228 3230 3231
f 3232 3233 3234
f 3235 3236 3237
f 3235 3237 3238
f 3239 3240 3241
f 3242 3243 3244
f 3245 3246 3247
f 3248 3249 3250
f 3251 3252 3253
f 3254 3255 3256
f 3257 3258 3259
f 3260 3261 3262
f 3260 3262 3263
f 3264 3265 3266
f 3264 3266 3267
f 3268 3269 3270
f 3268 3270 3271
f 3272 3273 3274
f 3272 3274 3275
f 3276 3277 3278
f 3279 3280 3281
f 3282 3283 3284
f 3282 3284 3285
f 3286 3287 3288
f 3286 3288 3289
f 3286 3289 3290
f 3286 3290 3291
f 3292 3293 3294
f 3292 3294 3295
f 3292 3295 3296
f 3297 3298 3299
f 3297 3299 3300
f 3297 3300 3301
f 3302 3303 3304
f 3305 3306 3307
f 3308 3309 3310
f 3308 3310 3311
f 3312 3313 3314
f 3315 3316 3317
f 3318 3319 3320
f 3318 3320 3321
f 3322 3323 3324
f 3325 3326 3327
f 3325 3327 3328
f 3329 3330 3331
f 3329 3331 3332
f 3333 3334 3335
f 3336 3337 3338
f 3339 3340 3341
f 3339 3341 3342
f 3343 3344 3345
f 3343 3345 3346
f 3343 3346 3347
f 3343 3347 3348
f 3349 3350 3351
f 3349 3351 3352
f 3353 3354 3355
f 3356 3357 3358
f 3356 3358 3359
f 3360 3361 3362
f 3363 3364 3365
f 3366 3367 3368
f 3366 3368 3369
f 3370 3371 3372
f 3370 3372 3373
f 3374 3375 3376
f 3377 3378 3379
f 3380 3381 3382
f 3380 3382 3383
f 3384 3385 3386
f 3387 3388 3389
f 3387 3389 3390
f 3387 3390 3391
f 3387 3391 3392
f 3393 3394 3395
f 3396 3397 3398
f 3396 3398 3399
f 3400 3401 3402
f 3400 3402 3403
f 3404 3405 3406
f 3407 3408 3409
f 3410 3411 3412
f 3410 3412 3413
f 3410 3413 3414
f 3410 3414 3415
f 3416 3417 3418
f 3416 3418 3419
f 3420 3421 3422
f 3420 3422 3423
f 3420 3423 3424
f 3425 3426 3427
f 3428 3429 3430
f 3428 3430 3431
f 3432 3433 3434
f 3432 3434 3435
f 3436 3437 3438
f 3439 3440 3441
f 3442 3443 3444
f 3445 3446 3447
f 3445 3447 3448
f 3445 3448 3449
f 3450 3451 3452
f 3450 3452 3453
f 3454 3455 3456
f 3454 3456 3457
f 3458 3459 3460
f 3461 3462 3463
f 3461 3463 3464
f 3465 3466 3467
f 3465 3467 3468
f 3469 3470 3471
f 3472 3473 3474
f 3475 3476 3477
f 3478 3479 3480
f 3481 3482 3483
f 3481 3483 3484
f 3481 3484 3485
f 3486 3487 3488
f 3489 3490 3491
f 3492 3493 3494
f 3492 3494 3495
f 3496 3497 3498
f 3499 3500 3501
f 3502 3503 3504
f 3505 3506 3507
f 3508 3509 3510
f 3508 3510 3511
f 3512 3513 3514
f 3515 3516 3517
f 3515 3517 3518
f 3519 3520 3521
f 3522 3523 3524
f 3522 3524 3525
f 3522 3525 3526
f 3522 3526 3527
f 3528 3529 3530
f 3528 3530 3531
f 3532 3533 3534
f 3535 3536 3537
f 3538 3539 3540
f 3541 3542 3543
f 3541 3543 3544
f 3541 3544 3545
f 3546 3547 3548
f 3546 3548 3549
f 3550 3551 3552
f 3550 3552 3553
f 3554 3555 3556
f 3554 3556 3557
f 3558 3559 3560
f 3558 3560 3561
f 3562 3563 3564
f 3562 3564 3565
f 3566 3567 3568
f 3566 3568 3569
f 3570 3571 3572
f 3570 3572 3573
f 3574 3575 3576
f 3574 3576 3577
f 3578 3579 3580
f 3578 3580 3581
f 3582 3583 3584
f 3585 3586 3587
f 3585 3587 3588
f 3589 3590 3591
f 3592 3593 3594
f 3595 3596 3597
f 3595 3597 3598
f 3595 3598 3599
f 3595 3599 3600
f 3601 3602 3603
f 3604 3605 3606
f 3607 3608 3609
f 3610 3611 3612
f 3613 3614 3615
f 3616 3617 3618
f 3616 3618 3619
f 3620 3621 3622
f 3623 3624 3625
f 3623 3625 3626
f 3627 3628 3629
f 3627 3629 3630
f 3631 3632 3633
f 3631 3633 3634
f 3635 3636 3637
f 3635 3637 3638
f 3635 3638 3639
f 3640 3641 3642
f 3643 3644 3645
f 3643 3645 3646
f 3647 3648 3649
f 3647 3649 3650
f 3647 3650 3651
f 3652 3653 3654
f 3652 3654 3655
f 3656 3657 3658
f 3656 3658 3659
f 3660 3661 3662
f 3663 3664 3665
f 3663 3665 3666
f 3667 3668 3669
f 3670 3671 3672
f 3673 3674 3675
f 3673 3675 3676
f 3677 3678 3679
f 3680 3681 3682
f 3683 3684 3685
f 3683 3685 3686
f 3683 3686 3687
f 3683 3687 3688
f 3689 3690 3691
f 3689 3691 3692
f 3693 3694 3695
f 3696 3697 3698
f 3696 3698 3699
f 3696 3699 3700
f 3696 3700 3701
f 3702 3703 3704
f 3702 3704 3705
f 3706 3707 3708
f 3709 3710 3711
f 3712 3713 3714
f 3715 3716 3717
f 3718 3719 3720
f 3721 3722 3723
f 3724 3725 3726
f 3724 3726 3727
f 3728 3729 3730
f 3731 3732 3733
f 3734 3735 3736
f 3734 3736 3737
f 3738 3739 3740
f 3741 3742 3743
f 3744 3745 3746
f 3744 3746 3747
f 3748 3749 3750
f 3751 3752 3753
f 3754 3755 3756
f 3754 3756 3757
f 3758 3759 3760
f 3761 3762 3763
f 3761 3763 3764
f 3761 3764 3765
f 3766 3767 3768
f 3769 3770 3771
f 3772 3773 3774
f 3775 3776 3777
f 3778 3779 3780
f 3781 3782 3783
f 3784 3785 3786
f 3784 3786 3787
f 3784 3787 3788
f 3784 3788 3789
f 3790 3791 3792
f 3790 3792 3793
f 3794 3795 3796
f 3797 3798 3799
f 3797 3799 3800
f 3801 3802 3803
f 3804 3805 3806
f 3807 3808 3809
f 3807 3809 3810
f 3811 3812 3813
f 3811 3813 3814
f 3811 3814 3815
f 3816 3817 3818
f 3819 3820 3821
f 3819 3821 3822
f 3819 3822 3823
f 3824 3825 3826
f 3827 3828 3829
f 3830 3831 3832
f 3833 3834 3835
f 3833 3835 3836
f 3837 3838 3839
f 3837 3839 3840
f 3841 3842 3843
f 3844 3845 3846
f 3847 3848 3849
f 3847 3849 3850
f 3851 3852 3853
f 3854 3855 3856
f 3857 3858 3859
f 3857 3859 3860
f 3861 3862 3863
f 3861 3863 3864
f 3861 3864 3865
f 3861 3865 3866
f 3867 3868 3869
f 3870 3871 3872
f 3873 3874 3875
f 3876 3877 3878
f 3876 3878 3879
f 3880 3881 3882
f 3880 3882 3883
f 3884 3885 3886
f 3887 3888 3889
f 3887 3889 3890
f 3891 3892 3893
f 3891 3893 3894
f 3895 3896 3897
f 3898 3899 3900
f 3901 3902 3903
f 3901 3903 3904
f 3905 3906 3907
f 3905 3907 3908
f 3905 3908 3909
f 3905 3909 3910
f 3911 3912 3913
f 3911 3913 3914
f 3915 3916 3917
f 3918 3919 3920
f 3921 3922 3923
f 3924 3925 3926
f 3927 3928 3929
f 3930 3931 3932
f 3930 3932 3933
f 3934 3935 3936
f 3937 3938 3939
f 3940 3941 3942
f 3940 3942 3943
f 3944 3945 3946
f 3944 3946 3947
f 3948 3949 3950
f 3948 3950 3951
f 3952 3953 3954
f 3952 3954 3955
f 3956 3957 3958
f 3956 3958 3959
f 3956 3959 3960
f 3956 3960 3961
f 3962 3963 3964
f 3965 3966 3967
f 3968 3969 3970
f 3971 3972 3973
f 3971 3973 3974
f 3975 3976 3977
f 3975 3977 3978
f 3975 3978 3979
f 3980 3981 3982
f 3983 3984 3985
f 3986 3987 3988
f 3986 3988 3989
f 3986 3989 3990
f 3991 3992 3993
f 3994 3995 3996
f 3997 3998 3999
f 3997 3999 4000
f 3997 4000 4001
f 3997 4001 4002
f 4003 4004 4005
f 4003 4005 4006
f 4007 4008 4009
f 4010 4011 4012
f 4010 4012 4013
f 4010 4013 4014
f 4015 4016 4017
f 4018 4019 4020
f 4018 4020 4021
f 4022 4023 4024
f 4022 4024 4025
f 4026 4027 4028
f 4029 4030 4031
f 4029 4031 4032
f 4033 4034 4035
f 4033 4035 4036
f 4037 4038 4039
f 4037 4039 4040
f 4037 4040 4041
f 4042 4043 4044
f 4042 4044 4045
f 4046 4047 4048
f 4046 4048 4049
f 4046 4049 4050
f 4051 4052 4053
f 4054 4055 4056
f 4057 4058 4059
f 4057 4059 4060
f 4057 4060 4061
f 4062 4063 4064
f 4065 4066 4067
f 4068 4069 4070
f 4071 4072 4073
f 4071 4073 4074
f 4075 4076 4077
f 4078 4079 4080
f 4081 4082 4083
f 4081 4083 4084
f 4085 4086 4087
f 4088 4089 4090
f 4091 4092 4093
f 4091 4093 4094
f 4091 4094 4095
f 4096 4097 4098
f 4096 4098 4099
f 4100 4101 4102
f 4103 4104 4105
f 4106 4107 4108
f 4106 4108 4109
f 4110 4111 4112
f 4110 4112 4113
f 4114 4115 4116
f 4114 4116 4117
f 4118 4119 4120
f 4121 4122 4123
f 4124 4125 4126
f 4127 4128 4129
f 4130 4131 4132
f 4130 4132 4133
f 4134 4135 4136
f 4134 4136 4137
f 4134 4137 4138
f 4139 4140 4141
f 4142 4143 4144
f 4142 4144 4145
f 4142 4145 4146
f 4142 4146 4147
f 4148 4149 4150
f 4148 4150 4151
f 4152 4153 4154
f 4155 4156 4157
f 4158 4159 4160
f 4161 4162 4163
f 4164 4165 4166
f 4167 4168 4169
f 4167 4169 4170
f 4171 4172 4173
f 4171 4173 4174
f 4175 4176 4177
f 4175 4177 4178
f 4179 4180 4181
f 4179 4181 4182
f 4179 4182 4183
f 4179 4183 4184
f 4185 4186 4187
f 4185 4187 4188
f 4189 4190 4191
f 4189 4191 4192
f 4189 4192 4193
f 4194 4195 4196
f 4194 4196 4197
f 4198 4199 4200
f 4198 4200 4201
f 4198 4201 4202
f 4203 4204 4205
f 4203 4205 4206
f 4207 4208 4209
f 4207 4209 4210
f 4211 4212 4213
f 4214 4215 4216
f 4214 4216 4217
f 4218 4219 4220
f 4221 4222 4223
f 4221 4223 4224
f 4225 4226 4227
f 4228 4229 4230
f 4231 4232 4233
f 4231 4233 4234
f 4231 4234 4235
f 4236 4237 4238
f 4239 4240 4241
f 4242 4243 4244
f 4242 4244 4245
f 4242 4245 4246
f 4247 4248 4249
f 4247 4249 4250
f 4251 4252 4253
f 4254 4255 4256
f 4257 4258 4259
f 4257 4259 4260
f 4261 4262 4263
f 4264 4265 4266
f 4264 4266 4267
f 4268 4269 4270
f 4268 4270 4271
f 4268 4271 4272
f 4268 4272 4273
f 4274 4275 4276
f 4277 4278 4279
f 4277 4279 4280
f 4281 4282 4283
f 4284 4285 4286
f 4287 4288 4289
f 4287 4289 4290
f 4291 4292 4293
f 4291 4293 4294
f 4295 4296 4297
f 4298 4299 4300
f 4301 4302 4303
f 4301 4303 4304
f 4305 4306 4307
f 4308 4309 4310
f 4311 4312 4313
f 4314 4315 4316
f 4317 4318 4319
f 4317 4319 4320
f 4321 4322 4323
f 4324 4325 4326
f 4324 4326 4327
f 4328 4329 4330
f 4328 4330 4331
f 4328 4331 4332
f 4333 4334 4335
f 4336 4337 4338
f 4336 4338 4339
f 4340 4341 4342
f 4340 4342 4343
f 4344 4345 4346
f 4344 4346 4347
f 4348 4349 4350
f 4348 4350 4351
f 4352 4353 4354
f 4355 4356 4357
f 4358 4359 4360
f 4358 4360 4361
f 4362 4363 4364
f 4362 4364 4365
f 4362 4365 4366
f 4367 4368 4369
f 4370 4371 4372
f 4373 4374 4375
f 4376 4377 4378
f 4379 4380 4381
f 4382 4383 4384
f 4382 4384 4385
f 4386 4387 4388
f 4389 4390 4391
f 4389 4391 4392
f 4393 4394 4395
f 4393 4395 4396
f 4397 4398 4399
f 4397 4399 4400
f 4397 4400 4401
f 4397 4401 4402
f 4403 4404 4405
f 4406 4407 4408
f 4409 4410 4411
f 4412 4413 4414
f 4415 4416 4417
f 4415 4417 4418
f 4419 4420 4421
f 4422 4423 4424
f 4425 4426 4427
f 4425 4427 4428
f 4429 4430 4431
f 4432 4433 4434
f 4435 4436 4437
f 4435 4437 4438
f 4439 4440 4441
f 4442 4443 4444
f 4445 4446 4447
f 4445 4447 4448
f 4449 4450 4451
f 4452 4453 4454
f 4452 4454 4455
f 4456 4457 4458
f 4456 4458 4459
f 4460 4461 4462
f 4463 4464 4465
f 4463 4465 4466
f 4467 4468 4469
f 4470 4471 4472
f 4470 4472 4473
f 4474 4475 4476
f 4474 4476 4477
f 4474 4477 4478
f 4474 4478 4479
f 4480 4481 4482
f 4480 4482 4483
f 4484 4485 4486
f 4484 4486 4487
f 4488 4489 4490
f 4491 4492 4493
f 4491 4493 4494
f 4495 4496 4497
f 4498 4499 4500
f 4501 4502 4503
f 4504 4505 4506
f 4504 4506 4507
f 4504 4507 4508
f 4509 4510 4511
f 4512 4513 4514
f 4515 4516 4517
f 4518 4519 4520
f 4521 4522 4523
f 4521 4523 4524
f 4525 4526 4527
f 4525 4527 4528
f 4529 4530 4531
f 4532 4533 4534
f 4535 4536 4537
f 4538 4539 4540
f 4541 4542 4543
f 4541 4543 4544
f 4545 4546 4547
f 4545 4547 4548
f 4545 4548 4549
f 4550 4551 4552
f 4553 4554 4555
f 4556 4557 4558
f 4556 4558 4559
f 4560 4561 4562
f 4563 4564 4565
f 4566 4567 4568
f 4569 4570 4571
f 4569 4571 4572
f 4573 4574 4575
f 4576 4577 4578
f 4576 4578 4579
f 4580 4581 4582
f 4583 4584 4585
f 4583 4585 4586
f 4587 4588 4589
f 4587 4589 4590
f 4591 4592 4593
f 4591 4593 4594
f 4595 4596 4597
f 4595 4597 4598
f 4595 4598 4599
f 4600 4601 4602
f 4600 4602 4603
f 4600 4603 4604
f 4605 4606 4607
f 4608 4609 4610
f 4611 4612 4613
f 4614 4615 4616
f 4617 4618 4619
f 4617 4619 4620
f 4621 4622 4623
f 4624 4625 4626
f 4624 4626 4627
f 4624 4627 4628
f 4624 4628 4629
f 4630 4631 4632
f 4633 4634 4635
f 4633 4635 4636
f 4637 4638 4639
f 4637 4639 4640
f 4641 4642 4643
f 4644 4645 4646
f 4644 4646 4647
f 4648 4649 4650
f 4648 4650 4651
f 4652 4653 4654
f 4655 4656 4657
f 4655 4657 4658
f 4659 4660 4661
f 4662 4663 4664
f 4662 4664 4665
f 4666 4667 4668
f 4669 4670 4671
f 4672 4673 4674
f 4672 4674 4675
f 4672 4675 4676
f 4672 4676 4677
f 4678 4679 4680
f 4681 4682 4683
f 4684 4685 4686
f 4684 4686 4687
f 4684 4687 4688
f 4684 4688 4689
f 4690 4691 4692
f 4690 4692 4693
f 4690 4693 4694
f 4695 4696 4697
f 4698 4699 4700
f 4701 4702 4703
f 4704 4705 4706
f 4704 4706 4707
f 4708 4709 4710
f 4708 4710 4711
f 4712 4713 4714
f 4712 4714 4715
f 4716 4717 4718
f 4719 4720 4721
f 4719 4721 4722
f 4723 4724 4725
f 4723 4725 4726
f 4727 4728 4729
f 4730 4731 4732
f 4733 4734 4735
f 4736 4737 4738
f 4736 4738 4739
f 4740 4741 4742
f 4743 4744 4745
f 4746 4747 4748
f 4746 4748 4749
f 4746 4749 4750
f 4751 4752 4753
f 4751 4753 4754
f 4755 4756 4757
f 4758 4759 4760
f 4761 4762 4763
f 4761 4763 4764
f 4765 4766 4767
f 4768 4769 4770
f 4768 4770 4771
f 4768 4771 4772
f 4773 4774 4775
f 4773 4775 4776
f 4777 4778 4779
f 4780 4781 4782
f 4783 4784 4785
f 4786 4787 4788
f 4789 4790 4791
f 4789 4791 4792
f 4793 4794 4795
f 4796 4797 4798
f 4796 4798 4799
f 4800 4801 4802
f 4803 4804 4805
f 4803 4805 4806
f 4807 4808 4809
f 4810 4811 4812
f 4813 4814 4815
f 4813 4815 4816
f 4813 4816 4817
f 4818 4819 4820
f 4821 4822 4823
f 4824 4825 4826
f 4827 4828 4829
f 4830 4831 4832
f 4833 4834 4835
f 4833 4835 4836
f 4837 4838 4839
f 4840 4841 4842
f 4840 4842 4843
f 4844 4845 4846
f 4847 4848 4849
f 4850 4851 4852
f 4853 4854 4855
f 4853 4855 4856
f 4853 4856 4857
f 4853 4857 4858
f 4859 4860 4861
f 4862 4863 4864
f 4862 4864 4865
f 4866 4867 4868
f 4866 4868 4869
f 4870 4871 4872
f 4873 4874 4875
f 4876 4877 4878
f 4879 4880 4881
f 4879 4881 4882
f 4883 4884 4885
f 4883 4885 4886
f 4887 4888 4889
f 4890 4891 4892
f 4893 4894 4895
f 4893 4895 4896
f 4893 4896 4897
f 4893 4897 4898
f 4899 4900 4901
f 4902 4903 4904
f 4905 4906 4907
f 4908 4909 4910
f 4908 4910 4911
f 4912 4913 4914
f 4912 4914 4915
f 4912 4915 4916
f 4917 4918 4919
f 4917 4919 4920
f 4921 4922 4923
f 4921 4923 4924
f 4925 4926 4927
f 4925 4927 4928
f 4929 4930 4931
f 4929 4931 4932
f 4929 4932 4933
f 4929 4933 4934
f 4935 4936 4937
f 4938 4939 4940
f 4941 4942 4943
f 4944 4945 4946
f 4947 4948 4949
f 4950 4951 4952
f 4953 4954 4955
f 4956 4957 4958
f 4959 4960 4961
f 4959 4961 4962
f 4963 4964 4965
f 4966 4967 4968
f 4966 4968 4969
f 4966 4969 4970
f 4966 4970 4971
f 4972 4973 4974
f 4975 4976 4977
f 4978 4979 4980
f 4981 4982 4983
f 4984 4985 4986
f 4987 4988 4989
f 4987 4989 4990
f 4991 4992 4993
f 4991 4993 4994
f 4995 4996 4997
f 4995 4997 4998
f 4999 5000 5001
f 5002 5003 5004
f 5002 5004 5005
f 5006 5007 5008
f 5006 5008 5009
f 5010 5011 5012
f 5010 5012 5013
f 5014 5015 5016
f 5014 5016 5017
f 5018 5019 5020
f 5018 5020 5021
f 5022 5023 5024
f 5022 5024 5025
f 5026 5027 5028
f 5029 5030 5031
f 5032 5033 5034
f 5032 5034 5035
f 5036 5037 5038
f 5036 5038 5039
f 5036 5039 5040
f 5041 5042 5043
f 5044 5045 5046
f 5047 5048 5049
f 5047 5049 5050
f 5051 5052 5053
f 5051 5053 5054
f 5055 5056 5057
f 5055 5057 5058
f 5055 5058 5059
f 5060 5061 5062
f 5063 5064 5065
f 5063 5065 5066
f 5063 5066 5067
f 5068 5069 5070
f 5071 5072 5073
f 5071 5073 5074
f 5075 5076 5077
f 5078 5079 5080
f 5081 5082 5083
f 5084 5085 5086
f 5087 5088 5089
f 5090 5091 5092
f 5093 5094 5095
f 5093 5095 5096
f 5097 5098 5099
f 5100 5101 5102
f 5103 5104 5105
f 5106 5107 5108
f 5106 5108 5109
f 5110 5111 5112
f 5110 5112 5113
f 5114 5115 5116
f 5114 5116 5117
f 5114 5117 5118
f 5119 5120 5121
f 5119 5121 5122
f 5123 5124 5125
f 5123 5125 5126
f 5123 5126 5127
f 5123 5127 5128
f 5129 5130 5131
f 5129 5131 5132
f 5133 5134 5135
f 5133 5135 5136
f 5133 5136 5137
f 5138 5139 5140
f 5141 5142 5143
f 5141 5143 5144
f 5141 5144 5145
f 5146 5147 5148
f 5146 5148 5149
f 5146 5149 5150
f 5151 5152 5153
f 5151 5153 5154
f 5155 5156 5157
f 5158 5159 5160
f 5158 5160 5161
f 5162 5163 5164
f 5165 5166 5167
f 5165 5167 5168
f 5165 5168 5169
f 5170 5171 5172
f 5170 5172 5173
f 5174 5175 5176
f 5174 5176 5177
f 5174 5177 5178
f 5179 5180 5181
f 5182 5183 5184
f 5182 5184 5185
f 5182 5185 5186
f 5182 5186 5187
f 5188 5189 5190
f 5188 5190 5191
f 5192 5193 5194
f 5195 5196 5197
f 5195 5197 5198
f 5199 5200 5201
f 5199 5201 5202
f 5203 5204 5205
f 5203 5205 5206
f 5207 5208 5209
f 5207 5209 5210
f 5211 5212 5213
f 5211 5213 5214
f 5211 5214 5215
f 5211 5215 5216
f 5217 5218 5219
f 5217 5219 5220
f 5221 5222 5223
f 5221 5223 5224
f 5225 5226 5227
f 5225 5227 5228
f 5229 5230 5231
f 5232 5233 5234
f 5232 5234 5235
f 5236 5237 5238
f 5239 5240 5241
f 5242 5243 5244
f 5245 5246 5247
f 5245 5247 5248
f 5249 5250 5251
f 5249 5251 5252
f 5253 5254 5255
f 5256 5257 5258
f 5256 5258 5259
f 5260 5261 5262
f 5263 5264 5265
f 5263 5265 5266
f 5263 5266 5267
f 5268 5269 5270
f 5268 5270 5271
f 5272 5273 5274
f 5272 5274 5275
f 5272 5275 5276
f 5277 5278 5279
f 5280 5281 5282
f 5280 5282 5283
f 5284 5285 5286
f 5284 5286 5287
f 5284 5287 5288
f 5289 5290 5291
f 5292 5293 5294
f 5295 5296 5297
f 5295 5297 5298
f 5295 5298 5299
f 5300 5301 5302
f 5300 5302 5303
f 5300 5303 5304
f 5305 5306 5307
f 5305 5307 5308
f 5305 5308 5309
f 5310 5311 5312
f 5310 5312 5313
f 5310 5313 5314
f 5315 5316 5317
f 5318 5319 5320
f 5318 5320 5321
f 5322 5323 5324
f 5322 5324 5325
f 5326 5327 5328
f 5326 5328 5329
f 5330 5331 5332
f 5333 5334 5335
f 5333 5335 5336
f 5337 5338 5339
f 5337 5339 5340
f 5341 5342 5343
f 5344 5345 5346
f 5344 5346 5347
f 5348 5349 5350
f 5348 5350 5351
f 5348 5351 5352
f 5353 5354 5355
f 5356 5357 5358
f 5359 5360 5361
f 5359 5361 5362
f 5363 5364 5365
f 5366 5367 5368
f 5366 5368 5369
f 5366 5369 5370
f 5366 5370 5371
f 5372 5373 5374
f 5372 5374 5375
f 5376 5377 5378
f 5379 5380 5381
f 5379 5381 5382
f 5379 5382 5383
f 5384 5385 5386
f 5384 5386 5387
f 5388 5389 5390
f 5388 5390 5391
f 5392 5393 5394
f 5392 5394 5395
f 5396 5397 5398
f 5396 5398 5399
f 5400 5401 5402
f 5403 5404 5405
f 5406 5407 5408
f 5406 5408 5409
f 5410 5411 5412
f 5413 5414 5415
f 5413 5415 5416
f 5417 5418 5419
f 5417 5419 5420
f 5421 5422 5423
f 5424 5425 5426
f 5424 5426 5427
f 5428 5429 5430
f 5431 5432 5433
f 5431 5433 5434
f 5431 5434 5435
f 5431 5435 5436
f 5437 5438 5439
f 5440 5441 5442
f 5440 5442 5443
f 5440 5443 5444
f 5440 5444 5445
f 5446 5447 5448
f 5446 5448 5449
f 5446 5449 5450
f 5446 5450 5451
f 5452 5453 5454
f 5455 5456 5457
f 5458 5459 5460
f 5458 5460 5461
f 5462 5463 5464
f 5462 5464 5465
f 5466 5467 5468
f 5466 5468 5469
f 5466 5469 5470
f 5471 5472 5473
f 5474 5475 5476
f 5474 5476 5477
f 5474 5477 5478
f 5474 5478 5479
f 5480 5481 5482
f 5480 5482 5483
f 5484 5485 5486
f 5484 5486 5487
f 5488 5489 5490
f 5488 5490 5491
f 5492 5493 5494
f 5492 5494 5495
f 5496 5497 5498
f 5496 5498 5499
f 5500 5501 5502
f 5500 5502 5503
f 5504 5505 5506
f 5504 5506 5507
f 5504 5507 5508
f 5509 5510 5511
f 5512 5513 5514
f 5512 5514 5515
f 5512 5515 5516
f 5512 5516 5517
f 5518 5519 5520
f 5518 5520 5521
f 5518 5521 5522
f 5523 5524 5525
f 5523 5525 5526
f 5527 5528 5529
f 5530 5531 5532
f 5533 5534 5535
f 5533 5535 5536
f 5533 5536 5537
f 5533 5537 5538
f 5539 5540 5541
f 5539 5541 5542
f 5543 5544 5545
f 5543 5545 5546
f 5547 5548 5549
f 5547 5549 5550
f 5551 5552 5553
f 5551 5553 5554
f 5555 5556 5557
f 5555 5557 5558
f 5555 5558 5559
f 5560 5561 5562
f 5560 5562 5563
f 5564 5565 5566
f 5567 5568 5569
f 5567 5569 5570
f 5567 5570 5571
f 5572 5573 5574
f 5572 5574 5575
f 5576 5577 5578
f 5576 5578 5579
f 5580 5581 5582
f 5580 5582 5583
f 5584 5585 5586
f 5584 5586 5587
f 5584 5587 5588
f 5589 5590 5591
f 5589 5591 5592
f 5593 5594 5595
f 5596 5597 5598
f 5596 5598 5599
f 5596 5599 5600
f 5601 5602 5603
f 5601 5603 5604
f 5605 5606 5607
f 5608 5609 5610
f 5608 5610 5611
f 5612 5613 5614
f 5612 5614 5615
f 5616 5617 5618
f 5619 5620 5621
f 5619 5621 5622
f 5623 5624 5625
f 5623 5625 5626
f 5623 5626 5627
f 5628 5629 5630
f 5631 5632 5633
f 5634 5635 5636
f 5634 5636 5637
f 5638 5639 5640
f 5638 5640 5641
f 5638 5641 5642
f 5638 5642 5643
f 5644 5645 5646
f 5647 5648 5649
f 5647 5649 5650
f 5651 5652 5653
f 5651 5653 5654
f 5655 5656 5657
f 5658 5659 5660
f 5658 5660 5661
f 5658 5661 5662
f 5663 5664 5665
f 5666 5667 5668
f 5666 5668 5669
f 5670 5671 5672
f 5670 5672 5673
f 5674 5675 5676
f 5674 5676 5677
f 5678 5679 5680
f 5681 5682 5683
f 5684 5685 5686
f 5684 5686 5687
f 5688 5689 5690
f 5691 5692 5693
f 5694 5695 5696
f 5694 5696 5697
f 5698 5699 5700
f 5701 5702 5703
f 5701 5703 5704
f 5705 5706 5707
f 5705 5707 5708
f 5709 5710 5711
f 5709 5711 5712
f 5713 5714 5715
f 5713 5715 5716
f 5717 5718 5719
f 5720 5721 5722
f 5720 5722 5723
f 5724 5725 5726
f 5727 5728 5729
f 5727 5729 5730
f 5731 5732 5733
f 5731 5733 5734
f 5735 5736 5737
f 5735 5737 5738
f 5739 5740 5741
f 5742 5743 5744
f 5745 5746 5747
f 5748 5749 5750
f 5751 5752 5753
f 5754 5755 5756
f 5757 5758 5759
f 5760 5761 5762
f 5763 5764 5765
f 5766 5767 5768
f 5769 5770 5771
f 5769 5771 5772
f 5773 5774 5775
f 5773 5775 5776
f 5777 5778 5779
f 5777 5779 5780
f 5781 5782 5783
f 5784 5785 5786
f 5787 5788 5789
f 5787 5789 5790
f 5791 5792 5793
f 5794 5795 5796
f 5794 5796 5797
f 5798 5799 5800
f 5801 5802 5803
f 5804 5805 5806
f 5807 5808 5809
f 5807 5809 5810
f 5811 5812 5813
f 5811 5813 5814
f 5815 5816 5817
f 5815 5817 5818
f 5819 5820 5821
f 5819 5821 5822
f 5823 5824 5825
f 5823 5825 5826
f 5827 5828 5829
f 5827 5829 5830
f 5831 5832 5833
f 5831 5833 5834
f 5835 5836 5837
f 5835 5837 5838
f 5839 5840 5841
f 5839 5841 5842
f 5843 5844 5845
f 5843 5845 5846
f 5847 5848 5849
f 5847 5849 5850
f 5851 5852 5853
f 5851 5853 5854
f 5855 5856 5857
f 5855 5857 5858
f 5859 5860 5861
f 5859 5861 5862
f 5863 5864 5865
f 5863 5865 5866
f 5867 5868 5869
f 5867 5869 5870
f 5871 5872 5873
f 5871 5873 5874
f 5875 5876 5877
f 5875 5877 5878
f 5879 5880 5881
f 5879 5881 5882
f 5883 5884 5885
f 5883 5885 5886
f 5887 5888 5889
f 5887 5889 5890
f 5891 5892 5893
f 5891 5893 5894
f 5895 5896 5897
f 5898 5899 5900
f 5901 5902 5903
f 5901 5903 5904
f 5905 5906 5907
f 5908 5909 5910
f 5911 5912 5913
f 5914 5915 5916
f 5914 5916 5917
f 5918 5919 5920
f 5921 5922 5923
f 5921 5923 5924
f 5925 5926 5927
f 5928 5929 5930
f 5928 5930 5931
f 5928 5931 5932
f 5928 5932 5933
f 5934 5935 5936
f 5937 5938 5939
f 5937 5939 5940
f 5941 5942 5943
f 5944 5945 5946
f 5947 5948 5949
f 5947 5949 5950
f 5951 5952 5953
f 5951 5953 5954
f 5951 5954 5955
f 5951 5955 5956
f 5957 5958 5959
f 5960 5961 5962
f 5963 5964 5965
f 5966 5967 5968
f 5969 5970 5971
f 5969 5971 5972
f 5969 5972 5973
f 5974 5975 5976
f 5974 5976 5977
f 5974 5977 5978
f 5979 5980 5981
f 5979 5981 5982
f 5979 5982 5983
f 5979 5983 5984
f 5985 5986 5987
f 5988 5989 5990
f 5991 5992 5993
f 5994 5995 5996
f 5997 5998 5999
f 6000 6001 6002
f 6003 6004 6005
f 6006 6007 6008
f 6009 6010 6011
f 6012 6013 6014
f 6012 6014 6015
f 6016 6017 6018
f 6019 6020 6021
f 6022 6023 6024
f 6025 6026 6027
f 6028 6029 6030
f 6031 6032 6033
f 6034 6035 6036
f 6034 6036 6037
f 6038 6039 6040
f 6038 6040 6041
f 6038 6041 6042
f 6043 6044 6045
f 6046 6047 6048
f 6046 6048 6049
f 6046 6049 6050
f 6051 6052 6053
f 6051 6053 6054
f 6055 6056 6057
f 6055 6057 6058
f 6059 6060 6061
f 6059 6061 6062
f 6063 6064 6065
f 6066 6067 6068
f 6069 6070 6071
f 6069 6071 6072
f 6069 6072 6073
f 6069 6073 6074
f 6075 6076 6077
f 6075 6077 6078
f 6079 6080 6081
f 6082 6083 6084
f 6082 6084 6085
f 6086 6087 6088
f 6089 6090 6091
f 6089 6091 6092
f 6093 6094 6095
f 6096 6097 6098
f 6096 6098 6099
f 6100 6101 6102
f 6100 6102 6103
f 6104 6105 6106
f 6104 6106 6107
f 6108 6109 6110
f 6111 6112 6113
f 6114 6115 6116
f 6114 6116 6117
f 6118 6119 6120
f 6118 6120 6121
f 6122 6123 6124
f 6122 6124 6125
f 6126 6127 6128
f 6126 6128 6129
f 6130 6131 6132
f 6130 6132 6133
f 6134 6135 6136
f 6137 6138 6139
f 6140 6141 6142
f 6140 6142 6143
f 6144 6145 6146
f 6144 6146 6147
f 6148 6149 6150
f 6148 6150 6151
f 6152 6153 6154
f 6152 6154 6155
f 6156 6157 6158
f 6156 6158 6159
f 6160 6161 6162
f 6160 6162 6163
f 6164 6165 6166
f 6164 6166 6167
f 6168 6169 6170
f 6168 6170 6171
f 6172 6173 6174
f 6172 6174 6175
f 6176 6177 6178
f 6176 6178 6179
f 6180 6181 6182
f 6180 6182 6183
f 6184 6185 6186
f 6184 6186 6187
f 6188 6189 6190
f 6188 6190 6191
f 6192 6193 6194
f 6192 6194 6195
f 6196 6197 6198
f 6196 6198 6199
f 6200 6201 6202
f 6200 6202 6203
f 6204 6205 6206
f 6204 6206 6207
f 6208 6209 6210
f 6208 6210 6211
f 6212 6213 6214
f 6212 6214 6215
f 6216 6217 6218
f 6216 6218 6219
f 6220 6221 6222
f 6220 6222 6223
f 6224 6225 6226
f 6224 6226 6227
f 6228 6229 6230
f 6228 6230 6231
f 6232 6233 6234
f 6232 6234 6235
f 6236 6237 6238
f 6236 6238 6239
f 6240 6241 6242
f 6240 6242 6243
f 6244 6245 6246
f 6244 6246 6247
f 6248 6249 6250
f 6248 6250 6251
f 6252 6253 6254
f 6252 6254 6255
f 6256 6257 6258
f 6256 6258 6259
f 6260 6261 6262
f 6260 6262 6263
f 6264 6265 6266
f 6264 6266 6267
f 6268 6269 6270
f 6268 6270 6271
f 6272 6273 6274
f 6272 6274 6275
f 6272 6275 6276
f 6277 6278 6279
f 6277 6279 6280
f 6281 6282 6283
f 6281 6283 6284
f 6285 6286 6287
f 6285 6287 6288
f 6289 6290 6291
f 6289 6291 6292
f 6293 6294 6295
f 6293 6295 6296
f 6297 6298 6299
f 6297 6299 6300
f 6301 6302 6303
f 6301 6303 6304
f 6305 6306 6307
f 6305 6307 6308
f 6309 6310 6311
f 6309 6311 6312
f 6313 6314 6315
f 6313 6315 6316
f 6317 6318 6319
f 6317 6319 6320
f 6321 6322 6323
f 6321 6323 6324
f 6325 6326 6327
f 6325 6327 6328
f 6329 6330 6331
f 6329 6331 6332
f 6333 6334 6335
f 6333 6335 6336
f 6337 6338 6339
f 6337 6339 6340
f 6341 6342 6343
f 6341 6343 6344
f 6345 6346 6347
f 6345 6347 6348
f 6349 6350 6351
f 6349 6351 6352
f 6353 6354 6355
f 6353 6355 6356
f 6357 6358 6359
f 6357 6359 6360
f 6361 6362 6363
f 6361 6363 6364
f 6365 6366 6367
f 6365 6367 6368
f 6369 6370 6371
f 6369 6371 6372
f 6373 6374 6375
f 6373 6375 6376
f 6377 6378 6379
f 6377 6379 6380
f 6381 6382 6383
f 6381 6383 6384
f 6385 6386 6387
f 6385 6387 6388
f 6389 6390 6391
f 6389 6391 6392
f 6393 6394 6395
f 6393 6395 6396
f 6397 6398 6399
f 6397 6399 6400
f 6401 6402 6403
f 6401 6403 6404
f 6405 6406 6407
f 6405 6407 6408
f 6409 6410 6411
f 6409 6411 6412
f 6413 6414 6415
f 6413 6415 6416
f 6417 6418 6419
f 6417 6419 6420
f 6417 6420 6421
f 6417 6421 6422
f 6423 6424 6425
f 6423 6425 6426
f 6427 6428 6429
f 6427 6429 6430
f 6431 6432 6433
f 6431 6433 6434
f 6435 6436 6437
f 6438 6439 6440
f 6441 6442 6443
f 6441 6443 6444
f 6445 6446 6447
f 6448 6449 6450
f 6448 6450 6451
f 6448 6451 6452
f 6448 6452 6453
f 6454 6455 6456
f 6457 6458 6459
f 6457 6459 6460
f 6457 6460 6461
f 6462 6463 6464
f 6465 6466 6467
f 6468 6469 6470
f 6468 6470 6471
f 6472 6473 6474
f 6475 6476 6477
f 6478 6479 6480
f 6481 6482 6483
f 6481 6483 6484
f 6481 6484 6485
f 6481 6485 6486
f 6487 6488 6489
f 6490 6491 6492
f 6490 6492 6493
f 6494 6495 6496
f 6497 6498 6499
f 6500 6501 6502
f 6500 6502 6503
f 6500 6503 6504
f 6505 6506 6507
f 6508 6509 6510
f 6508 6510 6511
f 6508 6511 6512
f 6513 6514 6515
f 6513 6515 6516
f 6513 6516 6517
f 6518 6519 6520
f 6521 6522 6523
f 6521 6523 6524
f 6521 6524 6525
f 6526 6527 6528
f 6526 6528 6529
f 6526 6529 6530
f 6531 6532 6533
f 6534 6535 6536
f 6534 6536 6537
f 6534 6537 6538
f 6539 6540 6541
f 6539 6541 6542
f 6539 6542 6543
f 6544 6545 6546
f 6547 6548 6549
f 6550 6551 6552
f 6550 6552 6553
f 6550 6553 6554
f 6555 6556 6557
f 6555 6557 6558
f 6555 6558 6559
f 6560 6561 6562
f 6563 6564 6565
f 6563 6565 6566
f 6563 6566 6567
f 6568 6569 6570
f 6568 6570 6571
f 6572 6573 6574
f 6575 6576 6577
f 6578 6579 6580
f 6578 6580 6581
f 6578 6581 6582
f 6583 6584 6585
f 6583 6585 6586
f 6587 6588 6589
f 6587 6589 6590
f 6587 6590 6591
f 6592 6593 6594
f 6592 6594 6595
f 6596 6597 6598
f 6596 6598 6599
f 6600 6601 6602
f 6600 6602 6603
f 6604 6605 6606
f 6604 6606 6607
f 6608 6609 6610
f 6608 6610 6611
f 6612 6613 6614
f 6612 6614 6615
f 6616 6617 6618
f 6616 6618 6619
f 6620 6621 6622
f 6620 6622 6623
f 6624 6625 6626
f 6624 6626 6627
f 6628 6629 6630
f 6628 6630 6631
f 6632 6633 6634
f 6632 6634 6635
f 6636 6637 6638
f 6636 6638 6639
f 6640 6641 6642
f 6640 6642 6643
f 6644 6645 6646
f 6644 6646 6647
f 6648 6649 6650
f 6648 6650 6651
f 6652 6653 6654
f 6652 6654 6655
f 6656 6657 6658
f 6656 6658 6659
f 6660 6661 6662
f 6660 6662 6663
f 6664 6665 6666
f 6664 6666 6667
f 6668 6669 6670
f 6668 6670 6671
f 6672 6673 6674
f 6672 6674 6675
f 6676 6677 6678
f 6676 6678 6679
f 6680 6681 6682
f 6680 6682 6683
f 6684 6685 6686
f 6684 6686 6687
f 6688 6689 6690
f 6688 6690 6691
f 6692 6693 6694
f 6692 6694 6695
f 6696 6697 6698
f 6696 6698 6699
f 6700 6701 6702
f 6703 6704 6705
f 6703 6705 6706
f 6703 6706 6707
f 6708 6709 6710
f 6708 6710 6711
f 6712 6713 6714
f 6715 6716 6717
f 6715 6717 6718
f 6719 6720 6721
f 6719 6721 6722
f 6723 6724 6725
f 6723 6725 6726
f 6727 6728 6729
f 6727 6729 6730
f 6731 6732 6733
f 6731 6733 6734
f 6735 6736 6737
f 6735 6737 6738
f 6735 6738 6739
f 6735 6739 6740
f 6741 6742 6743
f 6741 6743 6744
f 6745 6746 6747
f 6748 6749 6750
f 6751 6752 6753
f 6754 6755 6756
f 6754 6756 6757
f 6754 6757 6758
f 6759 6760 6761
f 6759 6761 6762
f 6763 6764 6765
f 6766 6767 6768
f 6766 6768 6769
f 6766 6769 6770
f 6771 6772 6773
f 6774 6775 6776
f 6774 6776 6777
f 6778 6779 6780
f 6778 6780 6781
f 6782 6783 6784
f 6785 6786 6787
f 6785 6787 6788
f 6789 6790 6791
f 6789 6791 6792
f 6793 6794 6795
f 6796 6797 6798
f 6799 6800 6801
f 6802 6803 6804
f 6805 6806 6807
f 6808 6809 6810
f 6808 6810 6811
f 6808 6811 6812
f 6813 6814 6815
f 6816 6817 6818
f 6819 6820 6821
f 6822 6823 6824
f 6825 6826 6827
f 6828 6829 6830
f 6831 6832 6833
f 6834 6835 6836
f 6834 6836 6837
f 6834 6837 6838
f 6834 6838 6839
f 6840 6841 6842
f 6843 6844 6845
f 6846 6847 6848
f 6849 6850 6851
f 6849 6851 6852
f 6853 6854 6855
f 6856 6857 6858
f 6859 6860 6861
f 6862 6863 6864
f 6862 6864 6865
f 6862 6865 6866
f 6862 6866 6867
f 6868 6869 6870
f 6871 6872 6873
f 6874 6875 6876
f 6874 6876 6877
f 6874 6877 6878
f 6879 6880 6881
f 6879 6881 6882
f 6883 6884 6885
f 6883 6885 6886
f 6887 6888 6889
f 6887 6889 6890
f 6891 6892 6893
f 6891 6893 6894
f 6895 6896 6897
f 6898 6899 6900
f 6898 6900 6901
f 6898 6901 6902
f 6898 6902 6903
f 6904 6905 6906
f 6907 6908 6909
f 6910 6911 6912
f 6910 6912 6913
f 6914 6915 6916
f 6917 6918 6919
f 6920 6921 6922
f 6923 6924 6925
f 6926 6927 6928
f 6926 6928 6929
f 6930 6931 6932
f 6933 6934 6935
f 6933 6935 6936
f 6933 6936 6937
f 6933 6937 6938
f 6939 6940 6941
f 6942 6943 6944
f 6945 6946 6947
f 6948 6949 6950
f 6951 6952 6953
f 6954 6955 6956
f 6957 6958 6959
f 6957 6959 6960
f 6957 6960 6961
f 6962 6963 6964
f 6965 6966 6967
f 6965 6967 6968
f 6969 6970 6971
f 6972 6973 6974
f 6972 6974 6975
f 6976 6977 6978
f 6979 6980 6981
f 6982 6983 6984
f 6982 6984 6985
f 6986 6987 6988
f 6986 6988 6989
f 6986 6989 6990
f 6986 6990 6991
f 6992 6993 6994
f 6995 6996 6997
f 6995 6997 6998
f 6999 7000 7001
f 7002 7003 7004
f 7002 7004 7005
f 7006 7007 7008
f 7006 7008 7009
f 7010 7011 7012
f 7013 7014 7015
f 7013 7015 7016
f 7017 7018 7019
f 7017 7019 7020
f 7021 7022 7023
f 7021 7023 7024
f 7021 7024 7025
f 7026 7027 7028
f 7029 7030 7031
f 7032 7033 7034
f 7032 7034 7035
f 7032 7035 7036
f 7037 7038 7039
f 7040 7041 7042
f 7040 7042 7043
f 7044 7045 7046
f 7044 7046 7047
f 7048 7049 7050
f 7048 7050 7051
f 7052 7053 7054
f 7052 7054 7055
f 7056 7057 7058
f 7059 7060 7061
f 7059 7061 7062
f 7063 7064 7065
f 7066 7067 7068
f 7066 7068 7069
f 7070 7071 7072
f 7073 7074 7075
f 7076 7077 7078
f 7076 7078 7079
f 7080 7081 7082
f 7080 7082 7083
f 7080 7083 7084
f 7080 7084 7085
f 7086 7087 7088
f 7086 7088 7089
f 7090 7091 7092
f 7093 7094 7095
f 7093 7095 7096
f 7093 7096 7097
f 7093 7097 7098
f 7099 7100 7101
f 7102 7103 7104
f 7105 7106 7107
f 7108 7109 7110
f 7108 7110 7111
f 7108 7111 7112
f 7108 7112 7113
f 7114 7115 7116
f 7117 7118 7119
f 7120 7121 7122
f 7123 7124 7125
f 7126 7127 7128
f 7129 7130 7131
f 7132 7133 7134
f 7135 7136 7137
f 7138 7139 7140
f 7138 7140 7141
f 7142 7143 7144
f 7145 7146 7147
f 7148 7149 7150
f 7151 7152 7153
f 7154 7155 7156
f 7154 7156 7157
f 7154 7157 7158
f 7159 7160 7161
f 7159 7161 7162
f 7159 7162 7163
f 7164 7165 7166
f 7164 7166 7167
f 7164 7167 7168
f 7164 7168 7169
f 7170 7171 7172
f 7173 7174 7175
f 7176 7177 7178
f 7176 7178 7179
f 7180 7181 7182
f 7180 7182 7183
f 7184 7185 7186
f 7187 7188 7189
f 7190 7191 7192
f 7190 7192 7193
f 7194 7195 7196
f 7197 7198 7199
f 7200 7201 7202
f 7203 7204 7205
f 7203 7205 7206
f 7203 7206 7207
f 7208 7209 7210
f 7208 7210 7211
f 7212 7213 7214
f 7215 7216 7217
f 7218 7219 7220
f 7218 7220 7221
f 7222 7223 7224
f 7225 7226 7227
f 7225 7227 7228
f 7229 7230 7231
f 7229 7231 7232
f 7233 7234 7235
f 7236 7237 7238
f 7236 7238 7239
f 7240 7241 7242
f 7240 7242 7243
f 7244 7245 7246
f 7244 7246 7247
f 7248 7249 7250
f 7248 7250 7251
f 7252 7253 7254
f 7255 7256 7257
f 7255 7257 7258
f 7259 7260 7261
f 7259 7261 7262
f 7263 7264 7265
f 7266 7267 7268
f 7269 7270 7271
f 7269 7271 7272
f 7269 7272 7273
f 7269 7273 7274
f 7275 7276 7277
f 7275 7277 7278
f 7275 7278 7279
f 7280 7281 7282
f 7283 7284 7285
f 7283 7285 7286
f 7283 7286 7287
f 7283 7287 7288
f 7289 7290 7291
f 7289 7291 7292
f 7293 7294 7295
f 7296 7297 7298
f 7299 7300 7301
f 7299 7301 7302
f 7303 7304 7305
f 7306 7307 7308
f 7306 7308 7309
f 7306 7309 7310
f 7311 7312 7313
f 7314 7315 7316
f 7317 7318 7319
f 7320 7321 7322
f 7320 7322 7323
f 7320 7323 7324
f 7325 7326 7327
f 7328 7329 7330
f 7328 7330 7331
f 7332 7333 7334
f 7335 7336 7337
f 7338 7339 7340
f 7341 7342 7343
f 7344 7345 7346
f 7347 7348 7349
f 7350 7351 7352
f 7353 7354 7355
f 7356 7357 7358
f 7356 7358 7359
f 7356 7359 7360
f 7356 7360 7361
f 7362 7363 7364
f 7365 7366 7367
f 7365 7367 7368
f 7369 7370 7371
f 7372 7373 7374
f 7375 7376 7377
f 7375 7377 7378
f 7375 7378 7379
f 7380 7381 7382
f 7383 7384 7385
f 7386 7387 7388
f 7389 7390 7391
f 7389 7391 7392
f 7389 7392 7393
f 7394 7395 7396
f 7394 7396 7397
f 7398 7399 7400
f 7398 7400 7401
f 7402 7403 7404
f 7405 7406 7407
f 7408 7409 7410
f 7411 7412 7413
f 7411 7413 7414
f 7411 7414 7415
f 7411 7415 7416
f 7417 7418 7419
f 7417 7419 7420
f 7421 7422 7423
f 7424 7425 7426
f 7424 7426 7427
f 7428 7429 7430
f 7431 7432 7433
f 7434 7435 7436
f 7437 7438 7439
f 7440 7441 7442
f 7440 7442 7443
f 7440 7443 7444
f 7445 7446 7447
f 7445 7447 7448
f 7449 7450 7451
f 7452 7453 7454
f 7452 7454 7455
f 7456 7457 7458
f 7456 7458 7459
f 7460 7461 7462
f 7463 7464 7465
f 7466 7467 7468
f 7466 7468 7469
f 7466 7469 7470
f 7471 7472 7473
f 7471 7473 7474
f 7471 7474 7475
f 7476 7477 7478
f 7476 7478 7479
f 7476 7479 7480
f 7476 7480 7481
f 7482 7483 7484
f 7485 7486 7487
f 7488 7489 7490
f 7491 7492 7493
f 7494 7495 7496
f 7494 7496 7497
f 7498 7499 7500
f 7498 7500 7501
f 7502 7503 7504
f 7505 7506 7507
f 7508 7509 7510
f 7511 7512 7513
f 7511 7513 7514
f 7511 7514 7515
f 7516 7517 7518
f 7516 7518 7519
f 7520 7521 7522
f 7520 7522 7523
f 7524 7525 7526
f 7527 7528 7529
f 7527 7529 7530
f 7527 7530 7531
f 7532 7533 7534
f 7535 7536 7537
f 7538 7539 7540
f 7541 7542 7543
f 7544 7545 7546
f 7547 7548 7549
f 7550 7551 7552
f 7553 7554 7555
f 7556 7557 7558
f 7556 7558 7559
f 7560 7561 7562
f 7560 7562 7563
f 7560 7563 7564
f 7565 7566 7567
f 7568 7569 7570
f 7568 7570 7571
f 7572 7573 7574
f 7575 7576 7577
f 7575 7577 7578
f 7575 7578 7579
f 7575 7579 7580
f 7581 7582 7583
f 7584 7585 7586
f 7587 7588 7589
f 7590 7591 7592
f 7593 7594 7595
f 7593 7595 7596
f 7593 7596 7597
f 7598 7599 7600
f 7601 7602 7603
f 7604 7605 7606
f 7607 7608 7609
f 7607 7609 7610
f 7611 7612 7613
f 7614 7615 7616
f 7614 7616 7617
f 7618 7619 7620
f 7621 7622 7623
f 7624 7625 7626
f 7627 7628 7629
f 7630 7631 7632
f 7630 7632 7633
f 7630 7633 7634
f 7635 7636 7637
f 7635 7637 7638
f 7639 7640 7641
f 7642 7643 7644
f 7645 7646 7647
f 7648 7649 7650
f 7648 7650 7651
f 7652 7653 7654
f 7655 7656 7657
f 7658 7659 7660
f 7661 7662 7663
f 7661 7663 7664
f 7661 7664 7665
f 7666 7667 7668
f 7669 7670 7671
f 7669 7671 7672
f 7673 7674 7675
f 7673 7675 7676
f 7673 7676 7677
f 7678 7679 7680
f 7678 7680 7681
f 7678 7681 7682
f 7683 7684 7685
f 7686 7687 7688
f 7689 7690 7691
f 7689 7691 7692
f 7689 7692 7693
f 7694 7695 7696
f 7694 7696 7697
f 7698 7699 7700
f 7698 7700 7701
f 7702 7703 7704
f 7702 7704 7705
f 7706 7707 7708
f 7706 7708 7709
f 7706 7709 7710
f 7711 7712 7713
f 7711 7713 7714
f 7711 7714 7715
f 7716 7717 7718
f 7719 7720 7721
f 7719 7721 7722
f 7719 7722 7723
f 7719 7723 7724
f 7725 7726 7727
f 7725 7727 7728
f 7729 7730 7731
f 7729 7731 7732
f 7733 7734 7735
f 7736 7737 7738
f 7739 7740 7741
f 7742 7743 7744
f 7745 7746 7747
f 7748 7749 7750
f 7751 7752 7753
f 7754 7755 7756
f 7754 7756 7757
f 7758 7759 7760
f 7761 7762 7763
f 7764 7765 7766
f 7767 7768 7769
f 7767 7769 7770
f 7771 7772 7773
f 7771 7773 7774
f 7775 7776 7777
f 7778 7779 7780
f 7778 7780 7781
f 7782 7783 7784
f 7785 7786 7787
f 7785 7787 7788
f 7789 7790 7791
f 7789 7791 7792
f 7789 7792 7793
f 7789 7793 7794
f 7795 7796 7797
f 7798 7799 7800
f 7801 7802 7803
f 7801 7803 7804
f 7805 7806 7807
f 7805 7807 7808
f 7809 7810 7811
f 7812 7813 7814
f 7812 7814 7815
f 7816 7817 7818
f 7819 7820 7821
f 7822 7823 7824
f 7825 7826 7827
f 7828 7829 7830
f 7831 7832 7833
f 7831 7833 7834
f 7831 7834 7835
f 7836 7837 7838
f 7836 7838 7839
f 7840 7841 7842
f 7843 7844 7845
f 7843 7845 7846
f 7847 7848 7849
f 7847 7849 7850
f 7851 7852 7853
f 7851 7853 7854
f 7855 7856 7857
f 7855 7857 7858
f 7855 7858 7859
f 7855 7859 7860
f 7861 7862 7863
f 7861 7863 7864
f 7861 7864 7865
f 7866 7867 7868
f 7866 7868 7869
f 7870 7871 7872
f 7870 7872 7873
f 7874 7875 7876
f 7877 7878 7879
f 7880 7881 7882
f 7880 7882 7883
f 7884 7885 7886
f 7884 7886 7887
f 7884 7887 7888
f 7884 7888 7889
f 7890 7891 7892
f 7893 7894 7895
f 7893 7895 7896
f 7897 7898 7899
f 7897 7899 7900
f 7897 7900 7901
f 7902 7903 7904
f 7905 7906 7907
f 7908 7909 7910
f 7911 7912 7913
f 7911 7913 7914
f 7915 7916 7917
f 7918 7919 7920
f 7921 7922 7923
f 7924 7925 7926
f 7924 7926 7927
f 7928 7929 7930
f 7928 7930 7931
f 7928 7931 7932
f 7933 7934 7935
f 7936 7937 7938
f 7936 7938 7939
f 7940 7941 7942
f 7943 7944 7945
f 7946 7947 7948
f 7949 7950 7951
f 7949 7951 7952
f 7953 7954 7955
f 7956 7957 7958
f 7959 7960 7961
f 7959 7961 7962
f 7959 7962 7963
f 7964 7965 7966
f 7967 7968 7969
f 7970 7971 7972
f 7970 7972 7973
f 7974 7975 7976
f 7977 7978 7979
f 7977 7979 7980
f 7977 7980 7981
f 7982 7983 7984
f 7985 7986 7987
f 7988 7989 7990
f 7991 7992 7993
f 7994 7995 7996
f 7994 7996 7997
f 7994 7997 7998
f 7994 7998 7999
f 8000 8001 8002
f 8000 8002 8003
f 8000 8003 8004
f 8005 8006 8007
f 8008 8009 8010
f 8008 8010 8011
f 8008 8011 8012
f 8013 8014 8015
f 8016 8017 8018
f 8019 8020 8021
f 8022 8023 8024
f 8025 8026 8027
f 8025 8027 8028
f 8025 8028 8029
f 8025 8029 8030
f 8031 8032 8033
f 8034 8035 8036
f 8034 8036 8037
f 8034 8037 8038
f 8034 8038 8039
f 8040 8041 8042
f 8040 8042 8043
f 8044 8045 8046
f 8044 8046 8047
f 8048 8049 8050
f 8048 8050 8051
f 8052 8053 8054
f 8055 8056 8057
f 8055 8057 8058
f 8059 8060 8061
f 8062 8063 8064
f 8065 8066 8067
f 8068 8069 8070
f 8071 8072 8073
f 8071 8073 8074
f 8075 8076 8077
f 8078 8079 8080
f 8081 8082 8083
f 8084 8085 8086
f 8084 8086 8087
f 8088 8089 8090
f 8088 8090 8091
f 8092 8093 8094
f 8092 8094 8095
f 8096 8097 8098
f 8099 8100 8101
f 8099 8101 8102
f 8099 8102 8103
f 8104 8105 8106
f 8104 8106 8107
f 8108 8109 8110
f 8108 8110 8111
f 8112 8113 8114
f 8112 8114 8115
f 8116 8117 8118
f 8116 8118 8119
f 8120 8121 8122
f 8120 8122 8123
f 8124 8125 8126
f 8124 8126 8127
f 8128 8129 8130
f 8128 8130 8131
f 8132 8133 8134
f 8132 8134 8135
f 8132 8135 8136
f 8132 8136 8137
f 8138 8139 8140
f 8141 8142 8143
f 8141 8143 8144
f 8141 8144 8145
f 8146 8147 8148
f 8149 8150 8151
f 8152 8153 8154
f 8155 8156 8157
f 8158 8159 8160
f 8161 8162 8163
f 8164 8165 8166
f 8167 8168 8169
f 8170 8171 8172
f 8170 8172 8173
f 8170 8173 8174
f 8170 8174 8175
f 8176 8177 8178
f 8179 8180 8181
f 8182 8183 8184
f 8182 8184 8185
f 8182 8185 8186
f 8187 8188 8189
f 8187 8189 8190
f 8191 8192 8193
f 8191 8193 8194
f 8195 8196 8197
f 8195 8197 8198
f 8199 8200 8201
f 8199 8201 8202
f 8199 8202 8203
f 8199 8203 8204
f 8205 8206 8207
f 8208 8209 8210
f 8211 8212 8213
f 8211 8213 8214
f 8215 8216 8217
f 8218 8219 8220
f 8218 8220 8221
f 8222 8223 8224
f 8225 8226 8227
f 8225 8227 8228
f 8229 8230 8231
f 8232 8233 8234
f 8235 8236 8237
f 8235 8237 8238
f 8239 8240 8241
f 8239 8241 8242
f 8243 8244 8245
f 8243 8245 8246
f 8247 8248 8249
f 8250 8251 8252
f 8253 8254 8255
f 8253 8255 8256
f 8253 8256 8257
f 8258 8259 8260
f 8261 8262 8263
